,rst_name,menu_name,price,platform
0,모츠커피,에스프레소,"2,000원",1
1,모츠커피,코르네토,"6,500원",1
2,모츠커피,바나나푸딩,"7,500원",1
3,모츠커피,티라미수,"6,800원",1
4,모츠커피,피스타치오 티라미수,"7,800원",1
5,모츠커피,피스타치오 비스켓,"2,500원",1
6,모츠커피,마로키노,"2,800원",1
7,모츠커피,마르텔로,"5,500원",1
8,모츠커피,그라니따,"6,000원",1
9,모츠커피,스트라파짜토,"2,500원",1
10,모츠커피,코르타도,"2,500원",1
11,모츠커피,카푸치노,"3,500원",1
12,모츠커피,콘판나,"2,800원",1
13,모츠커피,코레토,"4,000원",1
0,daughter,브런치 플레이트,"23,000원",1
1,daughter,씨리얼프렌치 토스트 브리오슈,"15,000원",1
2,daughter,티라미슈말렌카,"9,000원",1
3,daughter,소보루말렌카,"7,500원",1
4,daughter,리코타 치즈 샌드위치,"9,500원",1
5,daughter,도우터 플레이트,"19,000원",1
6,daughter,라자냐,"22,000원",1
7,daughter,그린샐러드,"13,000원",1
8,daughter,치즈케이크,"7,500원",1
9,daughter,바닐라 브라우니,"8,000원",1
10,daughter,아메리카노,"5,500원",1
11,daughter,카페라떼,"6,000원",1
12,daughter,에그인헬,"15,000원",1
13,daughter,바닐라라떼,"6,500원",1
14,daughter,넛라떼,"6,500원",1
15,daughter,넛모카,"7,000원",1
16,daughter,아인슈페너,"6,500원",1
17,daughter,바닐라 슈페너,"7,000원",1
18,daughter,로투스 아포가토,"8,000원",1
19,daughter,초코라떼,"6,500원",1
20,daughter,녹차라떼,"6,500원",1
21,daughter,로얄밀크티라떼,"6,500원",1
22,daughter,흑임자라떼,"6,500원",1
23,daughter,크림브륄레 프렌치토스트 브리오슈,"17,000원",1
24,daughter,트러플 감자튀김,"13,000원",1
25,daughter,구운 브리치즈,"16,000원",1
26,daughter,호가든,"8,000원",1
27,daughter,스텔라,"8,000원",1
28,daughter,하이네켄,"8,000원",1
29,daughter,버니니,"9,000원",1
30,daughter,빅웨이브,"10,000원",1
31,daughter,산미구엘,"8,000원",1
32,daughter,코로나,"8,000원",1
33,daughter,소넨호펜,"9,000원",1
34,daughter,부라타프렌치 토스트 브리오슈,"19,000원",1
35,daughter,에델바이스,"10,000원",1
36,daughter,하날레이,"10,000원",1
37,daughter,페리에(플레인),"4,500원",1
38,daughter,골드메달 애플쥬스,"5,500원",1
39,daughter,알리오 올리오,"15,000원",1
40,daughter,쉬림프 오일 파스타,"18,000원",1
41,daughter,엔초비 오일 파스타,"19,000원",1
42,daughter,오리엔탈 파스타,"17,000원",1
43,daughter,해산물 로제 크림 파스타,"18,000원",1
44,daughter,바질 크림 파스타,"18,000원",1
45,daughter,애플브리 샌드위치,"14,000원",1
46,daughter,라구 파스타,"21,000원",1
47,daughter,갈비살 크림 리조또,"21,000원",1
48,daughter,라임,"6,500원",1
49,daughter,자몽,"6,500원",1
50,daughter,레몬,"6,500원",1
51,daughter,오렌지,"6,500원",1
52,daughter,파인애플,"6,500원",1
53,daughter,마르코 폴로,"8,000원",1
54,daughter,마르코 폴로 블루,"8,000원",1
55,daughter,가또쇼콜라,"8,000원",1
56,daughter,마르코 폴로 루즈,"8,000원",1
57,daughter,웨딩 임페리얼,"8,000원",1
58,daughter,얼그레이,"8,000원",1
59,daughter,얼그레이쇼콜라,"8,000원",1
60,daughter,티라미슈,"8,000원",1
0,꼬메노,에스프레소 / 아메리카노,"4,000원",1
1,꼬메노,카페라떼,"4,500원",1
2,꼬메노,바닐라라떼/헤이즐넛라떼/샤커레또,"5,000원",1
3,꼬메노,생과일에이드:오렌지/레몬/자몽,"6,000원",1
4,꼬메노,퐁당오쇼콜라/티라미수,"6,500원",1
5,꼬메노,레드넥타,"5,500원",1
6,꼬메노,메도우,"5,500원",1
0,마우스래빗,싸만코 스무디,"6,500원",1
1,마우스래빗,빙하 스무디,"6,500원",1
2,마우스래빗,아메리카노,"4,500원",1
3,마우스래빗,다방라떼,"4,500원",1
4,마우스래빗,카페라떼,"5,000원",1
5,마우스래빗,바닐라라떼,"5,500원",1
6,마우스래빗,카푸치노,"5,000원",1
7,마우스래빗,썸머라떼,"6,000원",1
8,마우스래빗,얼그레이,"4,500원",1
9,마우스래빗,복숭아아이스티,"4,500원",1
10,마우스래빗,레몬아이스티,"4,500원",1
11,마우스래빗,초코라떼,"5,500원",1
12,마우스래빗,녹차라떼,"5,500원",1
13,마우스래빗,홍차라떼,"5,500원",1
14,마우스래빗,딸기라뗴,"5,500원",1
15,마우스래빗,레몬에이드,"5,500원",1
16,마우스래빗,블루레몬에이드,"5,500원",1
17,마우스래빗,오렌지에이드,"5,500원",1
18,마우스래빗,자몽에이드,"5,500원",1
19,마우스래빗,청포도에이드,"5,500원",1
20,마우스래빗,달콤레몬티,"5,500원",1
21,마우스래빗,초코밀크티,"6,000원",1
22,마우스래빗,로얄자몽티,"6,000원",1
23,마우스래빗,오레오 프라푸치노,"6,500원",1
24,마우스래빗,녹차 프라푸치노,"6,500원",1
25,마우스래빗,초코 프라푸치노,"6,500원",1
26,마우스래빗,죠리퐁 스무디,"6,500원",1
0,테라코타,카페라떼,"4,500원",1
1,테라코타,아메리카노,"4,000원",1
2,테라코타,다크문라떼,"5,800원",1
0,밀피,아이스크림 크로플,"10,500원",1
1,밀피,로투스 크로플,"11,500원",1
2,밀피,밀피소금라떼,"6,200원",1
3,밀피,마시멜로초코라떼,"6,200원",1
4,밀피,흑설탕 밀크티,"6,200원",1
5,밀피,아메리카노,"4,800원",1
6,밀피,레몬에이드,"6,300원",1
7,밀피,자몽에이드,"6,300원",1
8,밀피,샤인머스켓에이드,"6,300원",1
9,밀피,히비스커스&자몽티,"5,500원",1
10,밀피,요크셔 밀크티,"6,800원",1
11,밀피,밀크티,"5,800원",1
12,밀피,에스프레소,"4,200원",1
13,밀피,카페라떼,"5,300원",1
14,밀피,카푸치노,"5,300원",1
15,밀피,바닐라라떼,"5,800원",1
16,밀피,캐러멜마키아토,"5,800원",1
17,밀피,요크셔밀크티,"6,500원",1
18,밀피,딸기라떼,"5,800원",1
19,밀피,"요거트스무디(플레인,딸기,망고,블루베리)","6,500원",1
20,밀피,초콜릿 밀크티,"6,200원",1
21,밀피,타로 밀크티,"6,200원",1
22,밀피,"허브차(얼그레이,캐모마일,페퍼민트)","4,900원",1
23,밀피,산딸기티,"4,900원",1
0,커피마켓,아메리카노,"5,000원",1
0,꿈꾸다917,아메리카노,"4,000원",1
1,꿈꾸다917,카페라떼,"4,500원",1
2,꿈꾸다917,카푸치노,"4,500원",1
3,꿈꾸다917,바닐라라떼,"4,500원",1
4,꿈꾸다917,카라멜 마끼야또,"4,500원",1
0,릴리베이커리,소금빵,"3,200원",1
1,릴리베이커리,(핫핫) 약과쿠키,"4,900원",1
2,릴리베이커리,건대 찐 연유 소프트바게트,"5,000원",1
3,릴리베이커리,허니버터 마늘빵,"6,000원",1
4,릴리베이커리,인절미크림빵,"4,200원",1
5,릴리베이커리,건대 황치즈 소프트바게트,"5,000원",1
6,릴리베이커리,쪽파베이글,"6,200원",1
7,릴리베이커리,벌꿀 고흥유자 바게트,"5,000원",1
8,릴리베이커리,군고구마 크림빵,"4,200원",1
9,릴리베이커리,오레오 크림삥,"4,200원",1
10,릴리베이커리,흑임자 크림빵,"4,200원",1
11,릴리베이커리,초코 크림빵,"4,200원",1
12,릴리베이커리,로투스 엑설런트 크림빵,"4,200원",1
0,옥루몽 어린이대공원점,가마솥 전통팥빙수,"14,000원",1
1,옥루몽 어린이대공원점,흑미팥빵,"3,500원",1
2,옥루몽 어린이대공원점,치악산흑임자빙수,"16,000원",1
3,옥루몽 어린이대공원점,국산 찹쌀 빙수떡 추가 (6알),"3,000원",1
4,옥루몽 어린이대공원점,빙수팥추가,"3,000원",1
5,옥루몽 어린이대공원점,모과차,"6,500원",1
6,옥루몽 어린이대공원점,유자차,"6,500원",1
7,옥루몽 어린이대공원점,보은 대추차,"7,000원",1
8,옥루몽 어린이대공원점,생강차,"6,500원",1
9,옥루몽 어린이대공원점,오미자차,"6,500원",1
10,옥루몽 어린이대공원점,얼그레이,"5,500원",1
11,옥루몽 어린이대공원점,팥초코,"6,500원",1
12,옥루몽 어린이대공원점,가마솥 전통팥죽,"13,000원",1
13,옥루몽 어린이대공원점,단호박라떼,"6,500원",1
14,옥루몽 어린이대공원점,자몽에이드,"6,000원",1
15,옥루몽 어린이대공원점,레드깔라만시에이드,"6,000원",1
16,옥루몽 어린이대공원점,인절미 빙수,"17,000원",1
17,옥루몽 어린이대공원점,구움찰떡 6구,"25,000원",1
18,옥루몽 어린이대공원점,구움찰떡 12구,"48,000원",1
19,옥루몽 어린이대공원점,구움찰떡 6구 / 팥빵 4구,"41,000원",1
20,옥루몽 어린이대공원점,팥빵 8구,"34,000원",1
21,옥루몽 어린이대공원점,가마솥 단팥죽,"13,000원",1
22,옥루몽 어린이대공원점,가마솥 단호박죽,"13,000원",1
23,옥루몽 어린이대공원점,찹쌀 모나카(4개),"10,000원",1
24,옥루몽 어린이대공원점,아메리카노,"4,800원",1
25,옥루몽 어린이대공원점,카페라떼,"5,500원",1
26,옥루몽 어린이대공원점,바닐라라떼,"5,500원",1
27,옥루몽 어린이대공원점,교토우지녹차빙수,"16,000원",1
0,카페 그자체,에스프레소,"3,500원",1
1,카페 그자체,아메리카노,"4,500원",1
2,카페 그자체,카페라떼,"5,000원",1
3,카페 그자체,카페모카,"5,500원",1
0,건대커피랩,아메리카노4종_2샷-테이크아웃,"2,800원",1
1,건대커피랩,초콜릿 인생브라우니_직접구움,"4,600원",1
2,건대커피랩,핸드드립-9개국 스페셜티커피,6000~7900,1
3,건대커피랩,Take Out(-30~35%할인)전음료,2800~4300,1
4,건대커피랩,아메리카노4종류_2샷,"4,300원",1
5,건대커피랩,과일청 소다&티,"5,500원",1
6,건대커피랩,Caffe Latte 3종류 (벤티),"4,500원",1
7,건대커피랩,플랫화이트,"4,700원",1
8,건대커피랩,아인슈페너,"5,000원",1
9,건대커피랩,"라떼 코코넛,토피넛 등",4800~5000,1
10,건대커피랩,스트로베리 라떼,"5,300원",1
11,건대커피랩,바스크치즈케익~,"5,600원",1
12,건대커피랩,"원두-무산소발효,게이샤,상위1%",9000~12000,1
13,건대커피랩,"원두A군-콜롬,브라질,코스타,과테 등","7,000원",1
14,건대커피랩,원두B군-에티오 케냐,"8,000원",1
15,건대커피랩,원두회원 10~38%할인,,1
0,랑데자뷰 건대점,레몬 하이에이드,"6,500원",1
1,랑데자뷰 건대점,패션후르츠 하이에이드,"6,500원",1
2,랑데자뷰 건대점,퀸즈베리 하이에이드,"6,900원",1
3,랑데자뷰 건대점,코코 스트로베리 카페라떼,"7,500원",1
4,랑데자뷰 건대점,레드코코 스트로베리라떼,"6,500원",1
5,랑데자뷰 건대점,스트로베리 밀크티,"6,900원",1
6,랑데자뷰 건대점,랑데자뷰,"7,000원",1
7,랑데자뷰 건대점,밀크티,"7,000원",1
0,애드앤드,아메리카노,"3,500원",1
1,애드앤드,플랫 화이트,"4,000원",1
2,애드앤드,골든 아쌈 밀크티,"5,000원",1
3,애드앤드,차이 밀크티,"5,300원",1
4,애드앤드,뱅쇼,"5,000원",1
5,애드앤드,도라지 꿀배차,"5,000원",1
6,애드앤드,딸기라떼,"5,500원",1
7,애드앤드,쌍화라떼,"5,500원",1
8,애드앤드,망고패션 후르츠,"4,500원",1
9,애드앤드,폴링 인 로즈,"4,500원",1
10,애드앤드,진저 심포니,"4,500원",1
11,애드앤드,민트초코,"5,000원",1
12,애드앤드,헤이즐넛 아메리카노,"5,500원",1
13,애드앤드,산딸기스콘,"5,500원",1
14,애드앤드,단호박 케이크,"5,500원",1
15,애드앤드,바닐라라떼,"4,500원",1
16,애드앤드,돌체라떼,"4,500원",1
17,애드앤드,비엔나,"5,000원",1
18,애드앤드,감귤 에이드,"5,000원",1
19,애드앤드,청포도 에이드,"5,000원",1
20,애드앤드,쑥 라떼,"4,500원",1
21,애드앤드,리얼 더블초코,"5,000원",1
0,브렛서울,바스크치즈케이크,"6,500원",1
1,브렛서울,핸드드립,"5,500원",1
2,브렛서울,아메리카노,"3,800원",1
3,브렛서울,휘낭시에,"2,000원",1
4,브렛서울,피칸 초코칩 쿠키,"3,000원",1
5,브렛서울,로투스 스모어 쿠키,"3,000원",1
6,브렛서울,초코 휘낭시에,"2,300원",1
7,브렛서울,디카페인(only hand drip),"5,500원",1
0,요거프레소,딸기 생크림 오믈렛(18EA),"12,500원",1
1,요거프레소,바나나 생크림 오믈렛(18EA),"10,500원",1
2,요거프레소,블루베리 생크림 오믈렛(18EA),"10,500원",1
3,요거프레소,딸기&치즈 스노우 빙수,"11,000원",1
4,요거프레소,더블 그린티 스노우 빙수,"10,800원",1
5,요거프레소,트리플 치즈 스노우 빙수,"12,000원",1
6,요거프레소,트리플 초코 스노우 빙수,"10,800원",1
7,요거프레소,콩고물 스노우 빙수,"9,500원",1
8,요거프레소,망고&치즈 스노우 빙수,"11,000원",1
9,요거프레소,딸기&바나나 스노우 빙수,"11,500원",1
10,요거프레소,아메리카노,"2,500원",1
11,요거프레소,카페라떼,"3,000원",1
12,요거프레소,카푸치노,"3,300원",1
13,요거프레소,바닐라 라떼,"3,500원",1
14,요거프레소,민트 모카라떼,"3,800원",1
15,요거프레소,카페모카,"3,800원",1
16,요거프레소,카라멜 카페모카,"3,800원",1
17,요거프레소,화이트 카페모카,"3,800원",1
18,요거프레소,에스프레소,"2,200원",1
19,요거프레소,초코라떼,"3,000원",1
20,요거프레소,그린티 라떼,"3,300원",1
21,요거프레소,밀크티 라떼,"3,300원",1
22,요거프레소,고구마 라떼,"3,500원",1
23,요거프레소,블랙빈 라떼,"3,500원",1
24,요거프레소,홍차(잉글리쉬 브랙퍼스트/얼그레이 플라워),"3,000원",1
25,요거프레소,허브티(캐모마일/페퍼민트/베리메리마테),"3,000원",1
26,요거프레소,루이보스(루이보스 레몬프레쉬),"3,000원",1
27,요거프레소,그린티,"3,000원",1
28,요거프레소,과일티(유자/레몬/레드베리),"3,500원",1
29,요거프레소,쿠앤크 요프치노,"4,300원",1
30,요거프레소,모카 요프치노,"4,300원",1
31,요거프레소,민트초코칩 요프치노,"4,300원",1
32,요거프레소,요거트 요프치노,"4,300원",1
33,요거프레소,순수 딸기 우유,"4,000원",1
34,요거프레소,바나나 베리요,"4,500원",1
35,요거프레소,에이드(레몬/유자/자몽/오렌지),"3,300원",1
36,요거프레소,후르츠 아이스티(피치블랙/베리루이보스/베리마테),"3,800원",1
37,요거프레소,생과일 주스(계절과일),"3,800원",1
38,요거프레소,플레인 요거트 아이스크림,"3,500원",1
39,요거프레소,프루티(스트로베리/망고/블루베리) 요거트 아이스크림,"4,300원",1
40,요거프레소,치즈큐브(스트로베리/블루베리) 요거트 아이스크림,"4,500원",1
41,요거프레소,메리(딸기/망고/블루베리),"6,000원",1
42,요거프레소,메리(치즈/초코),"6,800원",1
43,요거프레소,요거트 스무디(딸기/망고/골든키위/블루베리),"5,000원",1
44,요거프레소,요거트 쉐이크(딸기/망고/블루베리),"5,500원",1
45,요거프레소,요거트 젤리요(딸기/망고/블루베리),"6,000원",1
46,요거프레소,딸기&망고 요거트 빙수,"10,000원",1
47,요거프레소,베리&베리 요거트 빙수/피치&망고 요거트 빙수,"8,500원",1
48,요거프레소,치즈큐브 요거트 빙수,"9,000원",1
49,요거프레소,옛날 팥빙수,"8,500원",1
0,카페롱,아메리카노,"3,800원",1
1,카페롱,마카롱,"3,000원",1
2,카페롱,프레첼머랭,"4,500원",1
3,카페롱,머랭쿠키,"4,000원",1
4,카페롱,플레인프로플,"3,800원",1
5,카페롱,로투스크로플,"4,500원",1
6,카페롱,초코오레오크로플,"4,500원",1
7,카페롱,애플시나몬크로플,"4,500원",1
8,카페롱,생크림 크로플,"4,300원",1
0,카푸베어,팬케이크,"15,000원",1
1,카푸베어,파르페,"12,900원",1
2,카푸베어,푸딩,"5,900원",1
3,카푸베어,카푸베어 크림라떼,"6,000원",1
4,카푸베어,카푸베어 크림커피,"6,800원",1
5,카푸베어,아메리카노_스페셜티,"4,300원",1
6,카푸베어,블루 아일랜드,"5,900원",1
7,카푸베어,버찌소다,"5,900원",1
8,카푸베어,피치 크러쉬,"5,900원",1
9,카푸베어,레모네이드,"5,900원",1
10,카푸베어,체리콕,"5,900원",1
11,카푸베어,메론파나나_여름 시즌 메뉴,"6,300원",1
12,카푸베어,플러피 버터 코코아_겨울 시즌메뉴,"6,300원",1
13,카푸베어,카페라떼_스페셜티,"4,800원",1
14,카푸베어,바닐라 라떼_스페셜티,"5,300원",1
15,카푸베어,카라멜 라떼_스페셜티,"5,300원",1
16,카푸베어,헤이즐넛 라떼,"5,300원",1
17,카푸베어,캐모마일,"4,300원",1
18,카푸베어,얼그레이,"4,300원",1
19,카푸베어,히비스커스,"4,300원",1
20,카푸베어,녹차,"4,300원",1
21,카푸베어,루이보스,"4,300원",1
0,최가커피,라테,"6,500원",1
1,최가커피,바닐라라떼,"6,500원",1
2,최가커피,딸기카푸치노,"6,500원",1
3,최가커피,디저트,"6,500원",1
4,최가커피,리필커피,0원,1
5,최가커피,리필 티,0원,1
6,최가커피,비엔나,"6,500원",1
7,최가커피,모카비엔나(카페모카),"6,500원",1
8,최가커피,스카치비엔나,"6,500원",1
9,최가커피,허브티-타바론社의 루이보스 빌베리,"6,500원",1
10,최가커피,블랙티-타바론社의 얼그레이 리저브,"6,500원",1
11,최가커피,봄시즌티,"6,500원",1
12,최가커피,초코,"6,500원",1
13,최가커피,생딸기주스,"6,500원",1
0,골든라이언,생딸기 밀크티,"6,500원",1
1,골든라이언,"테린느(초코,말차)","5,000원",1
2,골든라이언,로투스치즈케이크,"11,000원",1
3,골든라이언,"말렌카(호두,초코)","6,500원",1
4,골든라이언,흑당판나코타,"4,500원",1
5,골든라이언,HERB TEA,"6,000원",1
6,골든라이언,GREEN TEA,"6,000원",1
7,골든라이언,BLACK TEA,"6,000원",1
8,골든라이언,BLUE TEA,"7,000원",1
9,골든라이언,쿠앤크스무디,"6,500원",1
10,골든라이언,얼그레이초코스무디,"6,500원",1
11,골든라이언,오레오치즈케이크,"11,000원",1
0,안다미로 팬케이크,안다미로 팬케이크,"15,000원",1
1,안다미로 팬케이크,크렘브륄레 수플레 팬케이크,"14,000원",1
2,안다미로 팬케이크,딸기 수플레 팬케이크,"15,000원",1
3,안다미로 팬케이크,크로플,"9,000원",1
4,안다미로 팬케이크,브라운치즈 크로플,"11,000원",1
5,안다미로 팬케이크,바질토마토에이드,"6,000원",1
6,안다미로 팬케이크,안다미로 초코,"5,500원",1
7,안다미로 팬케이크,플레인 수플레 팬케이크,"11,000원",1
8,안다미로 팬케이크,크렘브륄레 크로플,"10,000원",1
9,안다미로 팬케이크,아메리카노,"4,500원",1
10,안다미로 팬케이크,카페라떼,"5,000원",1
11,안다미로 팬케이크,바닐라빈라떼,"5,500원",1
12,안다미로 팬케이크,아인슈페너,"6,000원",1
13,안다미로 팬케이크,레몬에이드,"5,500원",1
14,안다미로 팬케이크,자몽에이드,"5,500원",1
15,안다미로 팬케이크,말차라떼,"5,500원",1
16,안다미로 팬케이크,레몬티,"5,000원",1
17,안다미로 팬케이크,자몽티,"5,000원",1
0,도쿄빙수,애플망고빙수,"13,000원",1
1,도쿄빙수,방울방울 토마토 빙수,"11,900원",1
2,도쿄빙수,딸기마스카포네빙수(계절),"13,500원",1
3,도쿄빙수,부끄부끄 복숭아 빙수(계절),"13,000원",1
4,도쿄빙수,피스타치오 빙수(new),"13,900원",1
5,도쿄빙수,달걀촉촉 후렌치토스트,"7,700원",1
6,도쿄빙수,노릇노릇 구운 당고 3pcs,"7,300원",1
7,도쿄빙수,직접우린 밀크티빙수,"13,000원",1
8,도쿄빙수,앙큼상큼 자두빙수(계절),"13,000원",1
9,도쿄빙수,제주 녹차 생크림 빙수,"13,000원",1
10,도쿄빙수,핑크리치 자몽 요거트 빙수,"13,000원",1
11,도쿄빙수,너를만나 콩.팥.콩.팥 빙수,"13,000원",1
12,도쿄빙수,찹쌀 떡구이 3pcs,"7,700원",1
13,도쿄빙수,아메리카노,"3,500원",1
0,카페온더플랜,에스프레소 솔로솔로,"5,500원",1
1,카페온더플랜,레드베리 아이스티,"5,300원",1
2,카페온더플랜,아메리카노,"4,800원",1
0,흐릇,보늬밤빙수,"10,500원",1
1,흐릇,상주곶감크림치즈,"5,500원",1
2,흐릇,밤크림라떼,"6,500원",1
3,흐릇,수제밀크티,"6,500원",1
4,흐릇,소금크림커피,"6,500원",1
5,흐릇,흑임자라떼,"6,500원",1
6,흐릇,꼬숩미숫라떼,"6,500원",1
7,흐릇,흐릇빙수(1인용 눈꽃과일빙수),"8,500원",1
8,흐릇,흑임자빙수(1인용 꼬숩흑임자빙수),"9,500원",1
9,흐릇,그린티아일랜드,"6,500원",1
10,흐릇,보늬밤토스트,"6,000원",1
11,흐릇,흐릇더블치즈타르트케이크(계절과일),"6,900원",1
12,흐릇,과일토스트,"6,000원",1
13,흐릇,피넛초코바,"5,500원",1
14,흐릇,구움바나나토스트,"6,500원",1
15,흐릇,"디카페인 커피음료 1,000원추가","1,000원",1
16,흐릇,아메리카노,"4,000원",1
17,흐릇,바닐라라떼,"5,000원",1
18,흐릇,수제과일청에이드,"5,500원",1
19,흐릇,"홍차(마르코폴로,자스민민다린,웨딩임페리얼,볼레로,에로스)",,1
20,흐릇,스콘(고메버터/베이컨감자/바질),,1
0,커피볶는집 모카하마,에스프레소,"3,500원",1
1,커피볶는집 모카하마,아메리카노,"3,500원",1
2,커피볶는집 모카하마,카페라떼,"4,000원",1
3,커피볶는집 모카하마,카푸치노,"4,000원",1
4,커피볶는집 모카하마,카페모카,"4,000원",1
0,환원당,홀케이크,,1
1,환원당,마카롱,"2,700원",1
2,환원당,까눌레,"3,000원",1
3,환원당,왕 에그타르트,"3,800원",1
4,환원당,음료는 사진 메뉴판 참고해주세요,"4,500원",1
5,환원당,딸기 빅토리아 케이크,"8,000원",1
6,환원당,블루베리 빅토리아 케이크,"7,800원",1
7,환원당,딸기 생크림 쇼트,"7,800원",1
8,환원당,말차 바스크 치즈 케이크,"8,000원",1
9,환원당,바스크 치즈 케이크,"8,000원",1
10,환원당,당근 케이크,"6,500원",1
11,환원당,초코 가나슈 케이크,"6,500원",1
12,환원당,아이스크림 크로플,"7,000원",1
13,환원당,머랭쿠키,"3,800원",1
14,환원당,아이스크림 초코칩 브라우니,"6,800원",1
15,환원당,꼬끄 아이스박스,"7,500원",1
16,환원당,티라미수,"7,500원",1
17,환원당,아메리칸 르뱅쿠키,"4,500원",1
18,환원당,스콘,"4,500원",1
0,스위트레코드,레코드커피,"5,500원",1
1,스위트레코드,에그타르트,"3,200원",1
2,스위트레코드,소금빵,"3,000원",1
3,스위트레코드,휘낭시에,"2,600원",1
4,스위트레코드,무화과휘낭시에,"2,700원",1
5,스위트레코드,밤낭시에,"3,500원",1
6,스위트레코드,초코나무숲휘낭시에,"3,500원",1
7,스위트레코드,시나몬롤,"4,500원",1
8,스위트레코드,꾸덕브라우니,"4,300원",1
9,스위트레코드,버터프레첼,"3,000원",1
10,스위트레코드,아메리카노,"4,000원",1
11,스위트레코드,카페라떼,"4,500원",1
12,스위트레코드,말차라떼,"5,000원",1
13,스위트레코드,블루베리에이드,"5,500원",1
0,그리네,풀드포크 샌드위치,"6,400원",1
1,그리네,고메 잠봉&뵈르 샌드위치,"6,400원",1
2,그리네,크림치즈 카프레제 샌드위치,"6,400원",1
3,그리네,치킨브레스트 샌드위치,"6,400원",1
4,그리네,터키쉬 샌드위치,"6,400원",1
5,그리네,바질어니언 크림치즈,"2,500원",1
6,그리네,딸기 크림치즈,"2,500원",1
7,그리네,블루베리 크림치즈,"2,500원",1
8,그리네,요거트 크림치즈,"2,300원",1
9,그리네,홀스래디쉬 크림치즈,"2,300원",1
10,그리네,플레인 크림치즈,"2,000원",1
11,그리네,어니언베이글,"4,200원",1
12,그리네,블루베리 베이글,"4,200원",1
13,그리네,체다치즈 베이글,"4,000원",1
14,그리네,크런치 베이글,"4,000원",1
15,그리네,참깨 베이글,"3,600원",1
16,그리네,플레인베이글,"3,300원",1
17,그리네,케이크 4종,"6,300원",1
18,그리네,달고나라떼,"6,000원",1
19,그리네,달고나 밀크티,"6,000원",1
20,그리네,크림치즈 라떼,"6,300원",1
21,그리네,크림치즈 밀크티,"6,300원",1
22,그리네,소금커피 연유,"6,000원",1
23,그리네,소금커피 오리지널,"6,000원",1
24,그리네,로투스 르뱅쿠키,"3,200원",1
25,그리네,라즈베리치즈케이크 쿠키,"3,200원",1
26,그리네,스모어쿠키,"3,200원",1
27,그리네,까눌레,"3,200원",1
28,그리네,레몬마들렌,"2,800원",1
29,그리네,레터링 홀케이크,,1
30,그리네,허브티 12종,"4,500원",1
31,그리네,딸기 애플티,"5,300원",1
32,그리네,자몽 애플티,"5,300원",1
33,그리네,유자 애플티,"5,300원",1
34,그리네,자몽허니 블랙 티,"5,300원",1
35,그리네,피치 얼그레이 티,"5,300원",1
36,그리네,레몬히비스커스 티,"5,300원",1
37,그리네,아메리카노,"5,000원",1
38,그리네,헤이즐넛 아메리카노,"5,300원",1
39,그리네,복숭아 아메리카노,"5,300원",1
40,그리네,카페 라떼,"5,500원",1
41,그리네,바닐라라떼,"5,800원",1
42,그리네,헤이즐넛라떼,"5,800원",1
43,그리네,카페모카,"5,800원",1
44,그리네,연유라떼,"5,800원",1
45,그리네,그린티라떼,"5,300원",1
46,그리네,민트초코라떼,"5,300원",1
47,그리네,초코라떼,"5,300원",1
48,그리네,딸기라떼,"5,800원",1
49,그리네,키위라떼,"5,800원",1
50,그리네,죠리퐁라떼,"5,800원",1
51,그리네,딸기죠리퐁라떼,"5,800원",1
52,그리네,커피죠리퐁라떼,"5,800원",1
53,그리네,바닐라쉐이크,"5,800원",1
54,그리네,초코쉐이크,"5,800원",1
55,그리네,커피쉐이크,"5,800원",1
56,그리네,딸기쉐이크,"5,800원",1
57,그리네,오레오쉐이크,"5,800원",1
58,그리네,민트초코쉐이크,"5,800원",1
59,그리네,요거트스무디,"6,000원",1
60,그리네,딸기요거트스무디,"6,000원",1
61,그리네,레몬요거트스무디,"6,000원",1
62,그리네,키위요거트스무디,"6,000원",1
63,그리네,청포도요거트스무디,"6,000원",1
64,그리네,애플망고요거트스무디,"6,000원",1
65,그리네,딸기스무디,"5,800원",1
66,그리네,애플망고스무디,"5,800원",1
67,그리네,키위스무디,"5,800원",1
68,그리네,청포도스무디,"5,800원",1
69,그리네,유자스무디,"5,800원",1
70,그리네,자몽스무디,"5,800원",1
71,그리네,레몬에이드,"5,800원",1
72,그리네,자몽에이드,"5,800원",1
73,그리네,청포도에이드,"5,800원",1
74,그리네,오렌지에이드,"5,800원",1
75,그리네,딸기에이드,"5,800원",1
76,그리네,유자에이드,"5,800원",1
77,그리네,키위에이드,"5,800원",1
78,그리네,복숭아아이스티,"5,000원",1
79,그리네,자몽차,"5,000원",1
80,그리네,유자차,"5,000원",1
81,그리네,레몬티,"5,000원",1
82,그리네,밀크티,"5,000원",1
0,벨롱에스프레소,Tiramisu,"7,500원",1
1,벨롱에스프레소,Americano,"4,500원",1
2,벨롱에스프레소,Espresso,"4,500원",1
3,벨롱에스프레소,Latte,"5,000원",1
4,벨롱에스프레소,Flat White,"5,000원",1
0,해실해실,O.I.C,"6,000원",1
1,해실해실,레드리치스무디,"6,500원",1
2,해실해실,크림바닐라라떼,"6,000원",1
3,해실해실,초코마차토,"6,500원",1
0,카페 26,아메리카노 Take out,"2,000원",1
1,카페 26,위스키 1oz 30ml,"9,000원",1
2,카페 26,위스키 하이볼,"8,000원",1
3,카페 26,우연 아인슈페너,"6,500원",1
4,카페 26,아몬드크림 아인슈페너,"6,500원",1
5,카페 26,말차 팥 아인슈페너,"6,500원",1
6,카페 26,로투스 아인슈페너,"6,500원",1
7,카페 26,딥 초코 아인슈페너,"6,500원",1
8,카페 26,수제 딸기청 라떼,"6,500원",1
9,카페 26,아메리카노,"4,800원",1
10,카페 26,카페 라떼,"5,300원",1
0,스타벅스 건국대점,카페 아메리카노,"4,500원",1
1,스타벅스 건국대점,카페 라떼,"5,000원",1
2,스타벅스 건국대점,스타벅스 돌체 라떼,"5,900원",1
3,스타벅스 건국대점,카라멜 마키아또,"5,900원",1
4,스타벅스 건국대점,카푸치노,"5,000원",1
5,스타벅스 건국대점,카페 모카,"5,500원",1
6,스타벅스 건국대점,화이트 초콜릿 모카,"5,900원",1
7,스타벅스 건국대점,콜드 브루,"4,900원",1
8,스타벅스 건국대점,자몽 허니 블랙 티,"5,700원",1
9,스타벅스 건국대점,아이스 자몽 허니 블랙 티,"5,700원",1
10,스타벅스 건국대점,망고 바나나 블렌디드,"6,300원",1
11,스타벅스 건국대점,에스프레소 프라푸치노,"5,500원",1
12,스타벅스 건국대점,자바 칩 프라푸치노,"6,300원",1
0,북카페 세모,(시그니처) 녹차아인슈페너,"6,500원",1
1,북카페 세모,(시그니처) 우주를 줄게,"6,500원",1
2,북카페 세모,게이샤 아메리카노(에피오피아/케냐),"4,500원",1
3,북카페 세모,오늘의 와인,"6,000원",1
4,북카페 세모,"수제 과일청에이드(자몽,블루베리,청포도,라임,레몬)","6,000원",1
5,북카페 세모,2인 세트 메뉴,"14,000원",1
6,북카페 세모,생과일 홍콩와플,"6,500원",1
7,북카페 세모,직접만든 프렌치 치즈케이크,"6,500원",1
8,북카페 세모,진한 쑥라떼 (국내산),"6,000원",1
0,옐로우페탈 커피,아메리카노,"4,300원",1
1,옐로우페탈 커피,직접 만든 바닐라시럽 라떼,"4,500원",1
2,옐로우페탈 커피,홍차라떼,"4,500원",1
3,옐로우페탈 커피,미싯가루,"5,000원",1
4,옐로우페탈 커피,카페라떼,"4,300원",1
5,옐로우페탈 커피,시트러스 브라운 티,"4,000원",1
6,옐로우페탈 커피,기본 블랜딩 원두200g,"14,000원",1
7,옐로우페탈 커피,드립커피,"5,000원",1
0,할리스 건대입구점,딸기 치즈케익 할리치노,"6,300원",1
1,할리스 건대입구점,민트 초코칩 할리치노,"6,300원",1
2,할리스 건대입구점,바닐라 딜라이트,"6,200원",1
3,할리스 건대입구점,카라멜 마키아또,"6,200원",1
4,할리스 건대입구점,카페 라떼,"5,200원",1
5,할리스 건대입구점,카페 아메리카노,"4,500원",1
0,슈드 Seoul,티라미슈드,"18,000원",1
1,슈드 Seoul,라자냐슈드,"24,000원",1
2,슈드 Seoul,ICE아메리카노,"5,500원",1
3,슈드 Seoul,HOT아메리카노,"5,000원",1
4,슈드 Seoul,핑크레몬에이드,"7,000원",1
5,슈드 Seoul,한라봉에이드,"8,000원",1
6,슈드 Seoul,자몽에이드,"8,000원",1
7,슈드 Seoul,ICE그린티라떼,"6,500원",1
8,슈드 Seoul,HOT그린티라떼,"6,000원",1
9,슈드 Seoul,ICE초코라떼,"6,000원",1
10,슈드 Seoul,핫초코,"5,500원",1
11,슈드 Seoul,ICE모카라떼,"6,500원",1
12,슈드 Seoul,HOT모카라떼,"6,000원",1
13,슈드 Seoul,ICE카라멜마끼아또,"6,500원",1
14,슈드 Seoul,HOT카라멜마끼아또,"6,000원",1
15,슈드 Seoul,ICE바닐라라떼,"6,500원",1
16,슈드 Seoul,HOT바닐라라떼,"6,000원",1
17,슈드 Seoul,ICE카페라떼,"6,500원",1
18,슈드 Seoul,HOT카페라떼,"6,000원",1
19,슈드 Seoul,에스프레소,"4,000원",1
20,슈드 Seoul,ICE얼그레이,"8,000원",1
21,슈드 Seoul,HOT얼그레이,"7,500원",1
22,슈드 Seoul,ICE카모마일,"8,000원",1
23,슈드 Seoul,HOT카모마일,"7,500원",1
24,슈드 Seoul,ICE바닐라루이보스,"8,500원",1
25,슈드 Seoul,HOT바닐라루이보스,"8,000원",1
26,슈드 Seoul,얼그레이 피스타치오,"12,000원",1
27,슈드 Seoul,베리베리,"10,000원",1
28,슈드 Seoul,돼지돼지,"9,000원",1
29,슈드 Seoul,인절미로투스,"9,000원",1
30,슈드 Seoul,돼지돼지빙수,"18,000원",1
31,슈드 Seoul,로투스빙수,"18,000원",1
32,슈드 Seoul,망고빙수,"20,000원",1
33,슈드 Seoul,티라미슈드빙수,"22,000원",1
34,슈드 Seoul,시나몬 고구마 프라이즈,"11,000원",1
35,슈드 Seoul,트러플 포테이토 프라이즈,"11,000원",1
36,슈드 Seoul,파김치 볶음밥,"12,000원",1
37,슈드 Seoul,트러플오뎅 떡볶이,"17,000원",1
38,슈드 Seoul,육개장 리조또,"12,000원",1
39,슈드 Seoul,치킨크림 리조또,"21,000원",1
40,슈드 Seoul,LA RIP 트러플 리조또,"23,000원",1
41,슈드 Seoul,청양라구 파스타,"21,000원",1
42,슈드 Seoul,꽃게로제 파스타,"25,000원",1
43,슈드 Seoul,우니로제 파스타,"26,000원",1
44,슈드 Seoul,까르보나라 오리지날,"18,000원",1
45,슈드 Seoul,라자냐포레스트,"26,000원",1
46,슈드 Seoul,브런치 플레이트,"19,000원",1
47,슈드 Seoul,부라타치즈 샐러드,"19,000원",1
48,슈드 Seoul,연어 아보카도 샐러드,"25,000원",1
49,슈드 Seoul,LA RIP 샐러드,"25,000원",1
50,슈드 Seoul,햄벅함박,"19,000원",1
51,슈드 Seoul,흑돼지 본등심 스테이크,"27,000원",1
0,팬더스윗 건대점,베리유수플레,"16,000원",1
1,팬더스윗 건대점,크림브륄레수플레,"15,000원",1
2,팬더스윗 건대점,리코타치즈수플레,"15,000원",1
3,팬더스윗 건대점,초코수플레,"15,000원",1
4,팬더스윗 건대점,티라미수수플레,"15,000원",1
5,팬더스윗 건대점,인절미수플레,"15,000원",1
6,팬더스윗 건대점,아메리칸수플레,"15,500원",1
7,팬더스윗 건대점,클럽샌드위치,"11,000원",1
8,팬더스윗 건대점,칠리빈핫도그,"11,000원",1
9,팬더스윗 건대점,머쉬룸아보카도 오픈샌드위치,"11,000원",1
10,팬더스윗 건대점,버치비,"13,000원",1
11,팬더스윗 건대점,리코타치즈샐러드,"13,000원",1
12,팬더스윗 건대점,스윗샐러드,"12,000원",1
0,카페율콩,율콩슈페너,"5,000원",1
1,카페율콩,수제티라미수,"4,500원",1
2,카페율콩,아메리카노,"3,500원",1
3,카페율콩,카페라떼,"4,000원",1
4,카페율콩,율콩에이드,"5,000원",1
5,카페율콩,수제청500ml,"10,000원",1
0,아티제 건국대병원점,카페 아메리카노,"4,900원",1
1,아티제 건국대병원점,카페라떼,"5,400원",1
2,아티제 건국대병원점,스패니쉬라떼,"5,900원",1
3,아티제 건국대병원점,플랫화이트,"5,400원",1
4,아티제 건국대병원점,카푸치노,"5,400원",1
5,아티제 건국대병원점,리얼후르츠 자몽주스,"7,800원",1
6,아티제 건국대병원점,리얼스퀴즈 오렌지에이드,"6,700원",1
7,아티제 건국대병원점,리얼스퀴즈 레몬에이드,"6,700원",1
8,아티제 건국대병원점,리얼후르츠 토마토주스,"7,800원",1
9,아티제 건국대병원점,더블 스트로베리 쉬폰 케이크,"46,000원",1
10,아티제 건국대병원점,테디베어 초코 쉬폰,"43,000원",1
11,아티제 건국대병원점,얼그레이 쉬폰 케이크,"43,000원",1
0,벨렘351 건대점,전통 포르투갈 에그타르트,"2,200원",1
1,벨렘351 건대점,아메리카노(Hot/Ice),"2,000원",1
2,벨렘351 건대점,카페라떼(Hot/Ice),"3,000원",1
3,벨렘351 건대점,바닐라라떼(Hot/Ice),"3,500원",1
0,킹스커피,아메리카노,"3,500원",1
1,킹스커피,에스프레소,"3,500원",1
2,킹스커피,카페라떼,"4,000원",1
3,킹스커피,카푸치노,"4,000원",1
4,킹스커피,카페모카,"4,500원",1
5,킹스커피,카라멜마끼아또,"4,500원",1
6,킹스커피,달콤커피,"4,500원",1
7,킹스커피,바닐라라떼,"5,000원",1
8,킹스커피,카페코코넛,"5,000원",1
9,킹스커피,잉글리쉬블랙퍼스트,"3,500원",1
10,킹스커피,얼그레이,"3,500원",1
11,킹스커피,다즐링,"3,500원",1
12,킹스커피,캐모마일,"3,500원",1
13,킹스커피,라벤더,"3,500원",1
14,킹스커피,페퍼민트,"3,500원",1
15,킹스커피,레몬진저,"3,500원",1
16,킹스커피,유자차,"3,500원",1
17,킹스커피,망고 주스,"5,000원",1
18,킹스커피,망고코코 주스,"5,000원",1
19,킹스커피,망고딸기 주스,"5,000원",1
20,킹스커피,망고키위 주스,"5,000원",1
21,킹스커피,딸기바나나,"5,000원",1
22,킹스커피,코코넛밀크,"5,000원",1
23,킹스커피,블루레몬에이드,"5,000원",1
24,킹스커피,생과일주스(자몽/오렌지/레몬/키위),"5,000원",1
25,킹스커피,스파클링 에이드(자몽/레몬/유자/딸기/청포도),"4,500원",1
26,킹스커피,딸기크림요거트스무디,"5,000원",1
27,킹스커피,순수딸기라떼,"4,500원",1
28,킹스커피,순수바나나라떼,"4,500원",1
29,킹스커피,달콤망고라떼,"4,500원",1
30,킹스커피,요거트라떼(딸기/망고/키위),"5,000원",1
31,킹스커피,초코민트/호두마루 라떼,"4,500원",1
32,킹스커피,녹차/고구마라떼,"4,000원",1
33,킹스커피,밀크티,"4,000원",1
34,킹스커피,더블초코,"4,500원",1
35,킹스커피,아이스티,"3,000원",1
36,킹스커피,요거트스무디(망고/키위/트리플베리/유자/청포도/플레인),"5,000원",1
37,킹스커피,프라페(초코칩/쿠키앤크림/초코민트/딸기슈크림/초코바나나/호두마루/밀크티/녹차/카라멜),"5,000원",1
38,킹스커피,페레로쉐이크/딸기치즈 쉐이크,"5,500원",1
39,킹스커피,초코라떼,"4,500원",1
40,킹스커피,밀크티라떼,"4,000원",1
41,킹스커피,우유,"2,500원",1
0,카페 ING 건국대학교 해봉부동산학관점,아메이카노 H,"1,500원",1
1,카페 ING 건국대학교 해봉부동산학관점,헤이즐넛,"2,500원",1
2,카페 ING 건국대학교 해봉부동산학관점,카페라떼,"2,900원",1
3,카페 ING 건국대학교 해봉부동산학관점,카푸치노,"2,900원",1
0,아오스 요거트,10가지 맛 요거트,"3,500원",1
1,아오스 요거트,6가지 베이글,"3,500원",1
2,아오스 요거트,레옹,"7,100원",1
3,아오스 요거트,비포선셋,"7,100원",1
4,아오스 요거트,호그와트 펌킨파이,"7,100원",1
5,아오스 요거트,호텔캘리포니아,"7,100원",1
6,아오스 요거트,그릭 커스터드 케이크 (aka 푸딩),"5,800원",1
0,열매제과점,말차라떼,"5,500원",1
1,열매제과점,까눌레,"3,000원",1
2,열매제과점,아메리카노,"4,000원",1
3,열매제과점,단호박 파운드케이크,"4,300원",1
4,열매제과점,크림라떼,"5,500원",1
0,카페 미뇽 건대점,아메리카노,"3,500원",1
0,컨딩커피,말렌카 꿀 케이크,"6,000원",1
1,컨딩커피,솔트 크림 커피 海鹽咖啡,"6,500원",1
2,컨딩커피,아메리카노,"4,000원",1
3,컨딩커피,카페 라떼,"4,500원",1
4,컨딩커피,바닐라 빈 라떼,"5,000원",1
5,컨딩커피,연유 라떼,"5,000원",1
6,컨딩커피,밀크 캐러멜 라떼,"5,000원",1
7,컨딩커피,밀크 크림 라떼,"6,500원",1
8,컨딩커피,또또뤼 多多綠 · 망고뤼 芒果綠,"4,500원",1
9,컨딩커피,로얄 밀크티 奶茶,"5,500원",1
10,컨딩커피,백향과 에이드 百香果汽水,"5,500원",1
11,컨딩커피,과일 스무디,"4,500원",1
12,컨딩커피,레모네이드,"5,500원",1
13,컨딩커피,밀크쉐이크,"6,000원",1
14,컨딩커피,따뜻한 레몬티,"4,500원",1
15,컨딩커피,로네펠트 티,"4,000원",1
16,컨딩커피,앙버터 모나카 1P,"3,000원",1
17,컨딩커피,플레인 베이글,"2,500원",1
0,597카페,1인,"3,900원",1
0,르빠니에 블루,런치 코스,"59,000원",1
1,르빠니에 블루,디너 A코스,"59,000원",1
2,르빠니에 블루,디너 B코스,"89,000원",1
3,르빠니에 블루,핸드드립 커피,"7,900원",1
4,르빠니에 블루,크림브뤨레,"6,600원",1
5,르빠니에 블루,각종 허브티,"7,900원",1
0,오프로드커피,아메리카노 2샷 16온스,"4,300원",1
1,오프로드커피,카페라떼,"5,000원",1
2,오프로드커피,카라멜마끼아또,"5,800원",1
0,플레이독스,입장료,"8,000원",1
1,플레이독스,어린이(~13세),"7,000원",1
2,플레이독스,음료,2000~3000,1
0,카페게이트 건대점,아이스 아메리카노,"2,000원",1
1,카페게이트 건대점,아이스 카페라떼,"2,700원",1
0,나따오비까 with 아이파베스 건대2호점,[패스오더전용] 100원 아메리카노,100원,1
1,나따오비까 with 아이파베스 건대2호점,아메리카노,"2,800원",1
2,나따오비까 with 아이파베스 건대2호점,아인슈페너,"4,900원",1
3,나따오비까 with 아이파베스 건대2호점,카페라떼,"3,500원",1
4,나따오비까 with 아이파베스 건대2호점,카페모카,"4,500원",1
5,나따오비까 with 아이파베스 건대2호점,카푸치노,"3,800원",1
6,나따오비까 with 아이파베스 건대2호점,연유라떼,"4,000원",1
0,허니크랙,튀르키예 전통 카이막 (수제),"10,000원",1
1,허니크랙,크럼블라떼 (only ice),"6,800원",1
2,허니크랙,벌집 그릭요거트,"9,000원",1
3,허니크랙,시그니처 에이드,"6,500원",1
4,허니크랙,브륄레 아인슈페너,"7,000원",1
5,허니크랙,자몽허니블랙티,"6,500원",1
6,허니크랙,아메리카노 (원두선택가능),4800~5000,1
7,허니크랙,벌집빙수,"10,000원",1
8,허니크랙,치즈케이크 브륄레,"4,500원",1
9,허니크랙,녹차치즈케이크,"4,800원",1
10,허니크랙,초코치즈케이크,"4,800원",1
11,허니크랙,초코아인슈페너,"6,500원",1
12,허니크랙,바닐라 아인슈페너,"6,500원",1
13,허니크랙,그린티 아인슈페너,"6,500원",1
14,허니크랙,코코넛 아인슈페너,"6,500원",1
15,허니크랙,아인슈페너,"6,300원",1
16,허니크랙,세계 3대 홍차,"5,500원",1
17,허니크랙,쫀득 초코라떼,"6,000원",1
18,허니크랙,녹차 라떼,"6,000원",1
19,허니크랙,바닐라 라뗴,"6,500원",1
20,허니크랙,아이스티,"5,000원",1
21,허니크랙,딸기 라떼,"6,000원",1
22,허니크랙,라떼,"5,500원",1
0,19티 화양동점,오리지널 밀크티,"1,900원",1
1,19티 화양동점,시그니처 밀크티,"3,500원",1
2,19티 화양동점,딸기밀크,"3,500원",1
3,19티 화양동점,오리지널 팬케이크,"3,500원",1
4,19티 화양동점,스노우 팬케이크,"8,000원",1
5,19티 화양동점,그린티 팬케이크,"8,000원",1
6,19티 화양동점,그린밀크티,"1,900원",1
7,19티 화양동점,초코릿밀크티,"2,900원",1
8,19티 화양동점,타로밀크티,"2,900원",1
9,19티 화양동점,머랭밀크티,"2,900원",1
10,19티 화양동점,조리퐁밀크티,"2,900원",1
11,19티 화양동점,오리지널티,"1,500원",1
12,19티 화양동점,그린티,"1,500원",1
13,19티 화양동점,레몬 그린티,"2,900원",1
14,19티 화양동점,자몽 그린티,"2,900원",1
15,19티 화양동점,유자 그린티,"2,900원",1
16,19티 화양동점,망고 그린티,"2,900원",1
17,19티 화양동점,수박 그린티,"2,900원",1
18,19티 화양동점,레몬그린티에이드,"3,900원",1
19,19티 화양동점,유자그린티에이드,"3,900원",1
20,19티 화양동점,자몽그린티에이드,"3,900원",1
21,19티 화양동점,아메리카노,"2,000원",1
22,19티 화양동점,아쌈 아메리카노,"2,000원",1
23,19티 화양동점,쟈스민 아메리카노,"2,000원",1
24,19티 화양동점,카페라떼,"2,900원",1
25,19티 화양동점,카푸치노,"2,900원",1
26,19티 화양동점,블랙슈가라떼,"3,500원",1
27,19티 화양동점,연유라떼,"3,500원",1
28,19티 화양동점,초콜렛모카,"3,500원",1
29,19티 화양동점,티라미수 팬케이크,"8,000원",1
30,19티 화양동점,밀크티 블랜디드,"3,500원",1
31,19티 화양동점,자몽티 블랜디드,"3,500원",1
32,19티 화양동점,유자티 블랜디드,"3,500원",1
33,19티 화양동점,블랙티 블랜디드,"3,500원",1
34,19티 화양동점,수박티 블랜디드,"3,500원",1
35,19티 화양동점,타로 밀크,"2,900원",1
36,19티 화양동점,초콜렛 밀크,"2,900원",1
37,19티 화양동점,흑당고구마라떼,"3,500원",1
38,19티 화양동점,시그니처 밀크,"3,500원",1
39,19티 화양동점,오레오 블랜디드,"3,500원",1
40,19티 화양동점,초콜렛 블랜디드,"3,500원",1
41,19티 화양동점,딸기 블랜디드,"3,500원",1
42,19티 화양동점,초콜릿모카,"3,500원",1
0,르와지르,딸기 휘낭샌드,"7,000원",1
1,르와지르,플레인,"2,700원",1
2,르와지르,말차,"2,900원",1
3,르와지르,얼그레이,"2,900원",1
4,르와지르,호지차,"2,900원",1
5,르와지르,메이플 츄러스,"2,900원",1
6,르와지르,무화과,"2,900원",1
7,르와지르,고구마맛탕,"2,900원",1
8,르와지르,잔두야,"3,600원",1
9,르와지르,카야 코코넛,"2,900원",1
10,르와지르,카카오,"2,900원",1
11,르와지르,바닐라,"3,400원",1
12,르와지르,초코 크로칸트,"3,400원",1
0,리플커피 건대입구점,아메리카노(L 사이즈)TakeOut,"1,500원",1
1,리플커피 건대입구점,리얼 딸기라떼,"4,000원",1
2,리플커피 건대입구점,말차 딸기프라페,"4,000원",1
3,리플커피 건대입구점,수제달고나라떼,"3,500원",1
4,리플커피 건대입구점,통팥바닐라프라페,"4,000원",1
5,리플커피 건대입구점,복숭아요거트프라페,"4,000원",1
6,리플커피 건대입구점,흑당바닐라프라페,"4,000원",1
7,리플커피 건대입구점,라임 에이드,"4,000원",1
0,탐앤탐스,꼰대라떼,,1
1,탐앤탐스,탐의보감 3종,,1
2,탐앤탐스,솔티드 카라멜 라떼 3종,,1
3,탐앤탐스,콜라겐 요거트 스무디,,1
4,탐앤탐스,오리엔탈 라떼,,1
5,탐앤탐스,고르곤졸라&디아블로 피자,,1
6,탐앤탐스,"크림,로제,토마토 파스타",,1
7,탐앤탐스,고구마 프레즐,,1
8,탐앤탐스,크림 달고나 카페라떼,,1
9,탐앤탐스,그린라떼,,1
10,탐앤탐스,콜드브루 300ml,,1
11,탐앤탐스,허니버터브레드,,1
12,탐앤탐스,페퍼로니 프레즐,,1
13,탐앤탐스,싱글 오리진 커피,,1
0,카페 걈,아메리카노,"4,000원",1
1,카페 걈,에스프레소,"4,000원",1
2,카페 걈,도피오,"4,500원",1
3,카페 걈,헤이즐럿,"4,500원",1
4,카페 걈,카푸치노,"4,500원",1
0,투썸플레이스 건대입구점,아메리카노,"4,100원",1
0,이디야커피 건대후문점,카페 아메리카노,"3,200원",1
1,이디야커피 건대후문점,카페 라떼,"4,200원",1
2,이디야커피 건대후문점,토피 넛 라떼,"4,200원",1
3,이디야커피 건대후문점,바닐라 라떼,"4,500원",1
0,그리네,파나마 게이샤,"9,900원",1
1,그리네,콜롬비아 디카페인,"5,000원",1
2,그리네,에티오피아 예가체프,"7,900원",1
3,그리네,핸드드립 케냐 AA,"7,900원",1
4,그리네,핸드드립 화이트 블랜드,"5,000원",1
5,그리네,핸드드립 블랙 블랜드,"5,000원",1
0,던킨 건대입구역점-1층,[패스오더전용] 100원 아메리카노,100원,1
0,빽다방 건대역화양점,[패스오더전용] 100원 아메리카노,100원,1
1,빽다방 건대역화양점,아메리카노,"1,500원",1
2,빽다방 건대역화양점,원조커피,"2,000원",1
0,서울230,히말라야 솔티라떼(Ice only),"5,000원",1
1,서울230,토마토 해산물 스튜 & 바게트,"18,000원",1
2,서울230,Coffee,"3,000원",1
3,서울230,플라워 Tea,"4,500원",1
4,서울230,오늘의 브런치(230 브런치),"8,000원",1
5,서울230,Non Coffee,"4,000원",1
6,서울230,치킨 스테이크 & 바게트,"18,000원",1
7,서울230,치즈플래터,"16,000원",1
8,서울230,230 브루스게타,"11,000원",1
9,서울230,바질페스토 해산물 볶음,"23,000원",1
10,서울230,감자튀김,"10,000원",1
11,서울230,나쵸&살사,"8,000원",1
0,모지니,아메리카노,"3,500원",1
1,모지니,카페라떼,"3,800원",1
2,모지니,바닐라빈라떼,"4,300원",1
3,모지니,헤이즐넛라떼,"4,300원",1
4,모지니,카페모카,"4,300원",1
5,모지니,카라멜마끼아또,"4,300원",1
6,모지니,아이스크림라떼,"4,300원",1
7,모지니,아포가토,"4,500원",1
8,모지니,딸기스무디,"4,000원",1
9,모지니,초코스무디,"4,000원",1
10,모지니,녹차스무디,"4,000원",1
11,모지니,플레인요거트,"4,000원",1
12,모지니,딸기요거트,"4,500원",1
13,모지니,블루베리요거트,"4,500원",1
14,모지니,녹차라떼,"3,800원",1
15,모지니,고구마라떼,"3,800원",1
16,모지니,쵸코라떼,"3,800원",1
17,모지니,넛쵸코라떼,"4,000원",1
18,모지니,복숭아아이스티,"3,500원",1
19,모지니,자몽에이드,"4,500원",1
20,모지니,레몬에이드,"4,500원",1
21,모지니,자두에이드,"4,500원",1
22,모지니,자몽쥬스,"4,500원",1
23,모지니,레몬쥬스,"4,500원",1
24,모지니,자두쥬스,"4,500원",1
25,모지니,티라미수,"4,000원",1
26,모지니,아이스크림 크로플,"8,500원",1
27,모지니,브라운치즈 크로플,"7,900원",1
0,탐앤탐스 탐스커버리 광진화양점,꼰대라떼,,1
1,탐앤탐스 탐스커버리 광진화양점,탐의보감 3종,,1
2,탐앤탐스 탐스커버리 광진화양점,솔티드 카라멜 라떼 3종,,1
3,탐앤탐스 탐스커버리 광진화양점,콜라겐 요거트 스무디,,1
4,탐앤탐스 탐스커버리 광진화양점,오리엔탈 라떼,,1
5,탐앤탐스 탐스커버리 광진화양점,고르곤졸라&디아블로 피자,,1
6,탐앤탐스 탐스커버리 광진화양점,"크림,로제,토마토 파스타",,1
7,탐앤탐스 탐스커버리 광진화양점,고구마 프레즐,,1
8,탐앤탐스 탐스커버리 광진화양점,크림 달고나 카페라떼,,1
9,탐앤탐스 탐스커버리 광진화양점,그린라떼,,1
10,탐앤탐스 탐스커버리 광진화양점,콜드브루 300ml,,1
11,탐앤탐스 탐스커버리 광진화양점,허니버터브레드,,1
12,탐앤탐스 탐스커버리 광진화양점,페퍼로니 프레즐,,1
13,탐앤탐스 탐스커버리 광진화양점,싱글 오리진 커피,,1
0,초초하우스,아메리카노,"3,500원",1
1,초초하우스,토이박스(도시락케이크),,1
0,모서리에커피집,코코비엔나,"5,500원",1
1,모서리에커피집,고급진 바닐라라떼,"5,000원",1
2,모서리에커피집,4shot 아이스아메리카노(500ml),"6,900원",10,TAKEN COFFEE,투샷카페라떼,"3,500원",1
1,TAKEN COFFEE,투샷아메리카노,"2,500원",1
2,TAKEN COFFEE,미숫가루,"3,500원",1
3,TAKEN COFFEE,씨리얼바닐라,"4,500원",1
4,TAKEN COFFEE,오레오바닐라,"4,500원",1
0,퍼비커피,아메리카노 (디카페인 가능),"3,200원",1
1,퍼비커피,카페라떼·플랫화이트·카푸치노,"4,400원",1
2,퍼비커피,핸드드립,"4,500원",1
3,퍼비커피,당일 로스팅 원두,,1
4,퍼비커피,바닐라빈스,"4,800원",1
5,퍼비커피,더크림모카,"4,800원",1
6,퍼비커피,카라멜솔트,"4,800원",1
7,퍼비커피,돌체플러스,"4,800원",1
8,퍼비커피,버터스카치,"5,300원",1
9,퍼비커피,크림슈페너,"5,300원",1
10,퍼비커피,그린프레소,"5,300원",1
11,퍼비커피,썸머바닐라,"5,300원",1
12,퍼비커피,황치즈뽀또,"5,300원",1
13,퍼비커피,흑심그레인,"5,800원",1
14,퍼비커피,쑥허니러스,"5,800원",1
15,퍼비커피,트리플초코,"5,800원",1
16,퍼비커피,말차그리너,"5,800원",1
17,퍼비커피,스트로베리,"5,800원",1
18,퍼비커피,밀크레이홍,"5,800원",1
19,퍼비커피,애플시나몬,"5,600원",1
20,퍼비커피,자몽블랙비,"5,600원",1
21,퍼비커피,라임모히또 에이드,"6,000원",1
22,퍼비커피,레몬스트로 에이드,"6,000원",1
23,퍼비커피,히비스커스 에이드,"6,000원",1
24,퍼비커피,자몽플로워 에이드,"6,000원",1
0,언필드,(시즌)딸기 바스크치즈케이크,"8,800원",1
1,언필드,옥수수 바스크 치즈케이크,"8,500원",1
2,언필드,밀크티 바스크치즈케이크,"8,500원",1
3,언필드,바닐라카라멜 판나코타,"5,800원",1
4,언필드,말차 판나코타,"5,600원",1
5,언필드,아메리카노,"4,500원",1
6,언필드,카라멜 클라우드라떼,"5,900원",1
7,언필드,바닐라라떼,"5,500원",1
8,언필드,(시즌)리얼딸기라떼,"6,200원",1
9,언필드,말차라떼,"5,800원",1
10,언필드,레몬캐모마일티,"6,000원",1
11,언필드,자몽에이드,"5,800원",1
12,언필드,자몽허니블랙티,"6,000원",1
13,언필드,코코넛 커피스무디,"6,300원",1
14,언필드,망고요거트스무디,"6,500원",1
0,엑스엑스커피메이커 건국대점,[패스오더전용] 100원 아메리카노,100원,1
1,엑스엑스커피메이커 건국대점,아메리카노hot,"1,000원",1
2,엑스엑스커피메이커 건국대점,아메리카노 ice,"1,200원",1
3,엑스엑스커피메이커 건국대점,복숭아메(아샷추),"2,500원",1
4,엑스엑스커피메이커 건국대점,레몬커피,"2,900원",1
5,엑스엑스커피메이커 건국대점,xx더티크림,"2,800원",1
6,엑스엑스커피메이커 건국대점,에스프레소 쉐이크,"3,900원",1
7,엑스엑스커피메이커 건국대점,야쿠차,"2,900원",1
8,엑스엑스커피메이커 건국대점,메론소다,"3,800원",1
9,엑스엑스커피메이커 건국대점,아메리카노 1L ice,"3,000원",1
10,엑스엑스커피메이커 건국대점,헤이즐넛커피,"2,000원",1
11,엑스엑스커피메이커 건국대점,카페라떼,"2,500원",1
12,엑스엑스커피메이커 건국대점,바닐라카페라떼,"3,000원",1
13,엑스엑스커피메이커 건국대점,헤이즐넛카페라떼,"3,000원",1
14,엑스엑스커피메이커 건국대점,돌체라떼,"3,300원",1
15,엑스엑스커피메이커 건국대점,X세대커피,"3,000원",1
16,엑스엑스커피메이커 건국대점,블랙크림라떼,"3,000원",1
17,엑스엑스커피메이커 건국대점,카라멜마끼야또,"3,300원",1
18,엑스엑스커피메이커 건국대점,카페모카,"3,300원",1
19,엑스엑스커피메이커 건국대점,콜드브루,"2,500원",1
20,엑스엑스커피메이커 건국대점,디카페인 콜드브루,"3,000원",1
21,엑스엑스커피메이커 건국대점,콜드브루 라떼,"3,500원",1
22,엑스엑스커피메이커 건국대점,디카페인 콜드브루 라떼,"4,000원",1
23,엑스엑스커피메이커 건국대점,돌체 콜드브루 라떼,"4,000원",1
24,엑스엑스커피메이커 건국대점,디카페인 돌체 콜드브루 라떼,"4,500원",1
25,엑스엑스커피메이커 건국대점,바닐라 콜드브루 라떼,"4,000원",1
26,엑스엑스커피메이커 건국대점,디카페인 바닐라 콜드브루 라떼,"4,500원",1
27,엑스엑스커피메이커 건국대점,헤이즐넛 콜드브루 라떼,"4,000원",1
28,엑스엑스커피메이커 건국대점,디카페인 헤이즐넛 콜드브루 라떼,"4,500원",1
29,엑스엑스커피메이커 건국대점,XX 쉐이크,"3,500원",1
30,엑스엑스커피메이커 건국대점,팥 쉐이크,"4,500원",1
31,엑스엑스커피메이커 건국대점,바나나쉐이크,"3,900원",1
32,엑스엑스커피메이커 건국대점,블루베리 쉐이크,"4,300원",1
33,엑스엑스커피메이커 건국대점,바닐라 쉐이크,"3,900원",1
34,엑스엑스커피메이커 건국대점,초코 쉐이크,"4,300원",1
35,엑스엑스커피메이커 건국대점,딸기 쉐이크,"4,300원",1
36,엑스엑스커피메이커 건국대점,달고나 쉐이크,"3,900원",1
37,엑스엑스커피메이커 건국대점,제주말차 쉐이크,"3,900원",1
38,엑스엑스커피메이커 건국대점,카라멜 쉐이크,"4,100원",1
39,엑스엑스커피메이커 건국대점,헤이즐넛시나몬 쉐이크,"3,900원",1
40,엑스엑스커피메이커 건국대점,밀크티,"3,500원",1
41,엑스엑스커피메이커 건국대점,타로티,"3,500원",1
42,엑스엑스커피메이커 건국대점,복숭아아이스티,"2,000원",1
43,엑스엑스커피메이커 건국대점,라임티,"2,200원",1
44,엑스엑스커피메이커 건국대점,청귤티,"2,200원",1
45,엑스엑스커피메이커 건국대점,유자티,"2,200원",1
46,엑스엑스커피메이커 건국대점,자몽티,"2,200원",1
47,엑스엑스커피메이커 건국대점,레몬티,"2,200원",1
48,엑스엑스커피메이커 건국대점,제주말차오렌지,"3,000원",1
49,엑스엑스커피메이커 건국대점,제주말차망고,"3,000원",1
50,엑스엑스커피메이커 건국대점,야쿠몬,"2,900원",1
51,엑스엑스커피메이커 건국대점,청포도에이드,"3,500원",1
52,엑스엑스커피메이커 건국대점,배(편한)에이드,"3,500원",1
53,엑스엑스커피메이커 건국대점,스트로베리에이드,"3,500원",1
54,엑스엑스커피메이커 건국대점,블루베리에이드,"3,800원",1
55,엑스엑스커피메이커 건국대점,망고패션후르츠에이드,"3,500원",1
56,엑스엑스커피메이커 건국대점,청귤에이드,"3,500원",1
57,엑스엑스커피메이커 건국대점,유자에이드,"3,500원",1
58,엑스엑스커피메이커 건국대점,레몬에이드,"3,500원",1
59,엑스엑스커피메이커 건국대점,라임에이드,"3,500원",1
60,엑스엑스커피메이커 건국대점,오렌지자몽에이드,"3,800원",1
61,엑스엑스커피메이커 건국대점,자몽에이드,"3,500원",1
62,엑스엑스커피메이커 건국대점,오렌지에이드,"4,000원",1
63,엑스엑스커피메이커 건국대점,코코넛우유,"3,700원",1
64,엑스엑스커피메이커 건국대점,캔디소다우유,"3,700원",1
65,엑스엑스커피메이커 건국대점,블루베리우유,"4,500원",1
66,엑스엑스커피메이커 건국대점,딸기우유,"3,900원",1
67,엑스엑스커피메이커 건국대점,달고나우유,"3,700원",1
68,엑스엑스커피메이커 건국대점,토마토주스,"2,500원",1
69,엑스엑스커피메이커 건국대점,코코넛망고,"3,000원",1
70,엑스엑스커피메이커 건국대점,스트로베리망고,"3,000원",1
71,엑스엑스커피메이커 건국대점,망고주스,"2,500원",1
72,엑스엑스커피메이커 건국대점,오렌지주스,"2,500원",1
73,엑스엑스커피메이커 건국대점,ABC주스,"4,100원",1
74,엑스엑스커피메이커 건국대점,레드몬스,"5,800원",1
75,엑스엑스커피메이커 건국대점,오렌몬스,"5,800원",1
76,엑스엑스커피메이커 건국대점,옐로몬스,"5,800원",1
77,엑스엑스커피메이커 건국대점,블루몬스,"5,800원",1
0,애크로매틱 커피 어린이대공원점,강배전 에스프레소 ‘비숲’,,1
0,트웰브미닛,크루아상 샌드위치,"5,800원",1
1,트웰브미닛,카이막 카다이프,"4,500원",1
2,트웰브미닛,퀴니아망,"4,300원",1
3,트웰브미닛,솔티드 밀크,"4,500원",1
4,트웰브미닛,플레인 크루아상,"3,500원",1
5,트웰브미닛,에그플랑,"3,000원",1
6,트웰브미닛,뺑오 솔티뵈르,"4,800원",1
7,트웰브미닛,블랙 트러플 크루아상,"4,800원",1
8,트웰브미닛,앙버터 크루아상,"4,800원",1
9,트웰브미닛,딥초코 크루아상,"4,500원",1
10,트웰브미닛,루꼴라 토마토 바질 페스츄리,"6,000원",1
11,트웰브미닛,에그 포테이토 크루아상,"4,800원",1
12,트웰브미닛,바닐라빈 커스터드 크루아상,"5,500원",1
13,트웰브미닛,아몬드 애프리콧 크루아상,"4,800원",1
14,트웰브미닛,카야코코넛 크루아상,"4,800원",1
15,트웰브미닛,피넛크림 크루아상,"5,500원",1
16,트웰브미닛,카라멜 넛츠 퀴니아망,"4,300원",1
17,트웰브미닛,피스타치오 퀴니아망,"4,800원",1
18,트웰브미닛,베이컨 포테이토 콘 페스츄리,"6,000원",1
19,트웰브미닛,하와이안 페퍼로니 페스츄리,"6,000원",1
20,트웰브미닛,블랙카카오 뺑오쇼콜라,"4,200원",1
21,트웰브미닛,큐브페스츄리 식빵,"5,300원",1
22,트웰브미닛,마롱 크러핀,"6,800원",1
23,트웰브미닛,얼그레이 피치 크러핀,"6,800원",1
0,애견카페 히릿,음료미포함 입장료,"7,500원",1
1,애견카페 히릿,음료포함 입장료,"9,000원",1
2,애견카페 히릿,애견수제간식 小,"3,000원",1
0,베이글카페,베이글&크림치즈,"3,900원",1
1,베이글카페,에스프레소,"3,000원",1
2,베이글카페,아메리카노,"3,000원",1
3,베이글카페,카페라떼,"3,500원",1
4,베이글카페,카푸치노,"3,500원",1
5,베이글카페,바닐라라떼,"4,000원",1
6,베이글카페,카라멜마끼야또,"4,000원",1
7,베이글카페,카페모카,"4,000원",1
8,베이글카페,흑당라떼,"4,000원",1
9,베이글카페,라떼,"3,500원",1
10,베이글카페,스무디,"4,500원",1
11,베이글카페,차,"3,000원",1
12,베이글카페,큐브 생과일 쥬스,"3,500원",1
13,베이글카페,아이스크림,"3,500원",1
14,베이글카페,아포가토,"4,000원",1
15,베이글카페,에이드,"3,500원",1
16,베이글카페,스프,"3,500원",1
17,베이글카페,베이글,"2,000원",1
18,베이글카페,크림치즈베이글,"4,000원",1
19,베이글카페,크림치즈,"2,000원",1
20,베이글카페,아메리카노 세트,"6,000원",1
21,베이글카페,스프세트,"6,500원",1
0,베트남쌍둥이커피 건대본점,코코넛 커피,"5,500원",1
1,베트남쌍둥이커피 건대본점,숯불고기 반미,"7,900원",1
2,베트남쌍둥이커피 건대본점,생아보카도 스무디커피,"6,900원",1
3,베트남쌍둥이커피 건대본점,연유 커피,"5,000원",1
4,베트남쌍둥이커피 건대본점,코코넛 스무디 커피,"6,500원",1
0,랭스터디카페,50시간권(1개월) 특가,"50,000원",1
1,랭스터디카페,100시간권(1개월) 특가,"90,000원",1
2,랭스터디카페,200시간권(2개월) 특가,"150,000원",1
3,랭스터디카페,,,1
4,랭스터디카페,,,1
5,랭스터디카페,,,1
6,랭스터디카페,,,1
7,랭스터디카페,,,1
8,랭스터디카페,,,1
9,랭스터디카페,,,1
10,랭스터디카페,,,1
11,랭스터디카페,,,1
12,랭스터디카페,,,1
13,랭스터디카페,,,1
14,랭스터디카페,,,1
15,랭스터디카페,,,1
16,랭스터디카페,,,1
17,랭스터디카페,,,1
18,랭스터디카페,,,1
19,랭스터디카페,,,1
0,콩카페 서울건대점,코코넛스무디커피(ICE),"6,300원",1
1,콩카페 서울건대점,코코넛 연유커피(HOT),"5,300원",1
2,콩카페 서울건대점,코코넛 연유커피(ICE),"5,300원",1
3,콩카페 서울건대점,연유 커피(HOT),"4,800원",1
4,콩카페 서울건대점,연유 커피(ICE),"4,800원",1
5,콩카페 서울건대점,코코넛멍빈스무디(ICE),"6,900원",1
6,콩카페 서울건대점,코코넛카카오스무디(ICE),"6,900원",1
7,콩카페 서울건대점,반미샌드위치(비프/포크/치킨),"8,500원",1
8,콩카페 서울건대점,코코넛라이스스무디(ICE),"6,900원",1
9,콩카페 서울건대점,아메리카노(HOT),"3,800원",1
10,콩카페 서울건대점,아메리카노(ICE),"3,800원",1
11,콩카페 서울건대점,카페라떼(HOT),"5,000원",1
12,콩카페 서울건대점,카페라떼(ICE),"5,000원",1
13,콩카페 서울건대점,카푸치노(HOT),"5,000원",1
14,콩카페 서울건대점,바닐라카페라떼(ICE/HOT),"5,500원",1
15,콩카페 서울건대점,모카라떼(HOT),"5,800원",1
16,콩카페 서울건대점,모카라떼(ICE),"5,800원",1
17,콩카페 서울건대점,카라멜마끼아또(HOT),"5,800원",1
18,콩카페 서울건대점,카라멜마끼아또(ICE),"5,800원",1
19,콩카페 서울건대점,연유 에스프레소(HOT),"4,000원",1
20,콩카페 서울건대점,에스프레소(HOT),"3,500원",1
21,콩카페 서울건대점,비나카노(HOT),"3,500원",1
22,콩카페 서울건대점,비나카노(ICE),"3,500원",1
23,콩카페 서울건대점,실론브랙퍼스트티(HOT),"4,500원",1
24,콩카페 서울건대점,실론브랙퍼스트티(ICE),"4,500원",1
25,콩카페 서울건대점,자스민우롱티(HOT),"4,500원",1
26,콩카페 서울건대점,자스민우롱티(ICE),"4,500원",1
27,콩카페 서울건대점,그린티(HOT),"4,500원",1
28,콩카페 서울건대점,그린티(ICE),"4,500원",1
29,콩카페 서울건대점,캐모마일티(HOT),"4,500원",1
30,콩카페 서울건대점,캐모마일티(ICE),"4,500원",1
31,콩카페 서울건대점,레몬밤티(HOT),"4,500원",1
32,콩카페 서울건대점,레몬밤티(ICE),"4,500원",1
33,콩카페 서울건대점,연잎티(HOT),"4,500원",1
34,콩카페 서울건대점,연잎티(ICE),"4,500원",1
35,콩카페 서울건대점,카카오라떼(HOT),"5,500원",1
36,콩카페 서울건대점,카카오라떼(ICE),"5,500원",1
37,콩카페 서울건대점,시나몬카카오라떼(HOT),"5,800원",1
38,콩카페 서울건대점,시나몬카카오라떼(ICE),"5,800원",1
39,콩카페 서울건대점,스트로베리라떼(ICE),"6,300원",1
40,콩카페 서울건대점,두리안스무디(ICE),"7,300원",1
41,콩카페 서울건대점,아보카도스무디(ICE),"7,300원",1
42,콩카페 서울건대점,망고스무디(ICE),"6,300원",1
43,콩카페 서울건대점,패션후르츠스무디(ICE),"6,300원",1
44,콩카페 서울건대점,백자몽에이드(ICE),"5,500원",1
45,콩카페 서울건대점,피치패션후르츠에이드(ICE),"5,500원",1
46,콩카페 서울건대점,오렌지시나몬티(HOT),"5,800원",1
47,콩카페 서울건대점,오렌지시나몬티(ICE),"5,800원",1
48,콩카페 서울건대점,피치레몬그라스티(HOT),"5,800원",1
49,콩카페 서울건대점,피치레몬그라스티(ICE),"5,800원",1
50,콩카페 서울건대점,오렌지주스(ICE),"5,500원",1
51,콩카페 서울건대점,패션후르츠주스(ICE),"5,500원",1
52,콩카페 서울건대점,애플주스(ICE),"5,500원",1
53,콩카페 서울건대점,연유를 곁들인 크루아상,"4,500원",1
54,콩카페 서울건대점,연유를 곁들인 바게트,"4,500원",1
0,디저트레이,아메리카노,"3,000원",1
0,레스또 커피,허니시나몬라떼,"6,500원",1
1,레스또 커피,포레스트콜드브루,"6,500원",1
2,레스또 커피,스프&바케트,"7,000원",1
3,레스또 커피,아메리카노,"4,000원",1
4,레스또 커피,카페라떼,"4,500원",1
5,레스또 커피,콜드브루,"5,000원",1
6,레스또 커피,바닐라라떼,"5,000원",1
7,레스또 커피,아인슈페너,"6,000원",1
8,레스또 커피,크림라떼,"6,500원",1
9,레스또 커피,썸머라떼,"6,500원",1
10,레스또 커피,아몬드크림모카,"7,000원",1
11,레스또 커피,레몬에이드,"5,000원",1
12,레스또 커피,딸기에이드,"5,000원",1
13,레스또 커피,블루베리에이드,"5,000원",1
14,레스또 커피,플레인요거트스무디,"5,500원",1
15,레스또 커피,딸기요거트스무디,"6,000원",1
16,레스또 커피,블루베리요거트스무디,"6,000원",1
17,레스또 커피,유자요거트스무디,"6,000원",1
18,레스또 커피,크림말차라떼,"6,000원",1
19,레스또 커피,크림딸기라떼,"6,500원",1
20,레스또 커피,멜팅초코라떼,"6,500원",1
21,레스또 커피,복숭아아이스티,"4,000원",1
22,레스또 커피,유자민트티,"6,000원",1
23,레스또 커피,플레인크로플,"6,000원",1
24,레스또 커피,로투스크로플,"7,000원",1
25,레스또 커피,블루베리크림치즈베이글,"5,000원",1
26,레스또 커피,레몬파운드,"3,200원",1
27,레스또 커피,가나슈파운드,"3,200원",1
28,레스또 커피,더블초코쿠키,"3,700원",1
29,레스또 커피,에스프레소쿠키,"3,700원",1
30,레스또 커피,레몬허니케이크,"6,500원",1
31,레스또 커피,월넛허니케이크,"6,500원",1
32,레스또 커피,초코허니케이크,"6,500원",1
33,레스또 커피,에스프레소 싱글,"2,000원",1
34,레스또 커피,에스프레소 더블,"3,000원",1
35,레스또 커피,마끼아또,"3,000원",1
36,레스또 커피,콘파냐,"3,500원",1
37,레스또 커피,카페제제,"4,000원",1
38,레스또 커피,사케라또,"6,000원",1
39,레스또 커피,아포가또,"5,000원",1
40,레스또 커피,스트라파짜토,"3,000원",1
0,cafeBRONZE,에스프레소,"3,800원",1
1,cafeBRONZE,아메리카노,"3,800원",1
2,cafeBRONZE,카페라떼,"3,800원",1
3,cafeBRONZE,바닐라라떼,"4,300원",1
4,cafeBRONZE,카라멜라떼,"4,300원",1
0,레스티오 공학관점,KU건국연유라떼,,1
0,앤시넌,FILTER COFFEE,,1
1,앤시넌,CREAM IVORY,"6,500원",1
2,앤시넌,FOG TOFFEE,"6,500원",1
3,앤시넌,APPLE VERINNNES,"7,000원",1
4,앤시넌,CRUMBLE BROWNIE,"6,000원",1
5,앤시넌,CUSTARD PUDDING,"6,000원",1
6,앤시넌,BASQUE CHEESE CAKE,"6,500원",1
7,앤시넌,ESPRESSO,"4,500원",1
8,앤시넌,AMERICANO,"5,000원",1
9,앤시넌,WHITE,"5,500원",1
10,앤시넌,FLAT WHITE,"5,500원",1
11,앤시넌,VANILLA,"6,000원",1
12,앤시넌,MOCA,"6,000원",1
13,앤시넌,PUNK CHOCO,"6,500원",1
14,앤시넌,JUST MATCHA,"6,500원",1
15,앤시넌,PEACH LEMON (ADE),"6,500원",1
16,앤시넌,PLUM BERRY (ADE),"6,500원",1
17,앤시넌,PEACH ROOIBOS (TEA),"6,000원",1
18,앤시넌,RED MUSCKAT (TEA),"6,000원",1
0,테이큰커피,돌체카페라떼,"4,000원",1
1,테이큰커피,카페 아메리카노,"2,500원",1
2,테이큰커피,카페 라떼,"3,500원",1
3,테이큰커피,,,1
4,테이큰커피,,,1
5,테이큰커피,,,1
0,냥토피아,냥펀치라떼,"5,800원",1
1,냥토피아,냥심쿵라떼,"5,800원",1
2,냥토피아,메롱소다,"6,000원",1
3,냥토피아,애옹라떼,"6,000원",1
4,냥토피아,치즈곰&말차곰&딸기곰,"6,500원",1
5,냥토피아,털실무스케이크,"6,000원",1
6,냥토피아,초코나무 냥뭇꾼,"6,300원",1
7,냥토피아,미니미치즈,"6,000원",1
8,냥토피아,언더더씨,"6,000원",1
9,냥토피아,냥냥쥬스,"6,000원",1
10,냥토피아,수제매실청에이드,"6,000원",1
11,냥토피아,아메리카노,"4,300원",1
12,냥토피아,바닐라/헤이즐넛라떼,"5,000원",1
13,냥토피아,레몬/자몽청라떼,"6,000원",1
0,퍼센시아커피,아메리카노,"4,000원",1
1,퍼센시아커피,플랫화이트,"4,500원",1
2,퍼센시아커피,카페라떼,"4,500원",1
3,퍼센시아커피,아인슈페너,"5,500원",1
4,퍼센시아커피,퍼센시아 크림치노,"5,800원",1
5,퍼센시아커피,얼그레이 크림라떼,"5,800원",1
6,퍼센시아커피,밀크카라멜,"5,800원",1
7,퍼센시아커피,초코크림 포레스트,"5,800원",1
8,퍼센시아커피,율무 크림라떼,"5,800원",1
9,퍼센시아커피,밀크티,"5,500원",1
10,퍼센시아커피,리체파넬라,"5,200원",1
11,퍼센시아커피,딥초코,"5,200원",1
12,퍼센시아커피,레몬에이드,"5,000원",1
13,퍼센시아커피,피치아이스티,"5,000원",1
14,퍼센시아커피,클레멘타인,"3,500원",1
15,퍼센시아커피,크림 에스프레소,"3,500원",1
16,퍼센시아커피,휘낭시에,"2,400원",1
17,퍼센시아커피,생크림 플레인스콘,"2,400원",1
18,퍼센시아커피,생크림 초코칩스콘,"2,800원",1
19,퍼센시아커피,생크림 크랜베리스콘,"2,800원",1
20,퍼센시아커피,생크림 말차초코칩스콘,"3,000원",1
21,퍼센시아커피,생크림 버터스콘,"2,800원",1
22,퍼센시아커피,버터바,"3,400원",1
0,세컨플로어 온더 가라지,에스프레소,"2,500원",1
1,세컨플로어 온더 가라지,플레니루니오,"3,000원",1
2,세컨플로어 온더 가라지,라나 누볼라,"4,000원",1
3,세컨플로어 온더 가라지,도블레 크레마,"4,500원",1
4,세컨플로어 온더 가라지,네비오사,"4,000원",1
0,윤이커피 본점,핸드드립원데이클래스,"40,000원",1
1,윤이커피 본점,고메다/고메농,"3,900원",1
2,윤이커피 본점,1L핸드드립커피원액,"19,800원",1
3,윤이커피 본점,,,1
4,윤이커피 본점,,,1
5,윤이커피 본점,,,1
6,윤이커피 본점,,,1
7,윤이커피 본점,,,1
8,윤이커피 본점,,,1
9,윤이커피 본점,,,1
10,윤이커피 본점,,,1
11,윤이커피 본점,,,1
12,윤이커피 본점,,,1
13,윤이커피 본점,,,1
0,쑥띵,쑥 까눌레,"4,500원",1
1,쑥띵,쑥 휘낭시에,"3,500원",1
2,쑥띵,쑥 아이스크림,"4,500원",1
3,쑥띵,아이스티,"3,000원",1
4,쑥띵,아샷추,"4,000원",1
5,쑥띵,체리에이드,"4,000원",1
6,쑥띵,쑥띵라떼 ICE,"5,000원",1
7,쑥띵,초콜릿라떼,"3,800원",1
8,쑥띵,쑥 청귤 차,"4,000원",1
9,쑥띵,쑥 사브레 쿠키 (12EA),"5,500원",1
10,쑥띵,쑥띵라떼 HOT,"6,000원",1
11,쑥띵,쑥 파운드케이크,"4,500원",1
12,쑥띵,쑥 약과 휘낭시에,"4,000원",1
13,쑥띵,쑥 인절미 휘낭시에,"4,000원",1
14,쑥띵,쑥 플레이크,"5,000원",1
15,쑥띵,쑥 쿠핀,"5,000원",1
16,쑥띵,아메리카노,"3,000원",1
17,쑥띵,카페라떼,"3,500원",1
18,쑥띵,바닐라라떼,"4,000원",1
19,쑥띵,카페모카,"4,000원",1
20,쑥띵,쑥 차,"3,400원",1
21,쑥띵,쑥 아이스크림 라떼,"6,300원",1
0,이디야커피 건대역점,(캡슐)페르소나 블렌드,"4,500원",1
1,이디야커피 건대역점,(R)레몬 에이드,"4,200원",1
2,이디야커피 건대역점,(R)오리진 쉐이크,"4,700원",1
3,이디야커피 건대역점,(Decaf)(R)콜드브루,"4,200원",1
4,이디야커피 건대역점,고구마 말랭이,"3,000원",1
5,이디야커피 건대역점,(L)ICED 카페 라떼,"4,200원",1
6,이디야커피 건대역점,(R)HOT 민트 초콜릿,"4,200원",1
7,이디야커피 건대역점,(Decaf)(EX)HOT 연유 카페 라떼,"6,200원",1
8,이디야커피 건대역점,끼리스틱케익 플레인 치즈,"2,400원",1
9,이디야커피 건대역점,비니스트바닐라라떼(20T),"8,900원",1
10,이디야커피 건대역점,페퍼로니 피자 샌드위치,"5,000원",1
11,이디야커피 건대역점,(EX)ICED 유자 피나콜라다,"5,100원",1
12,이디야커피 건대역점,(MD)피치얼그레이,"13,000원",1
13,이디야커피 건대역점,이디야 사과&당근 주스,"3,400원",1
14,이디야커피 건대역점,(R)생딸기 바나나크림플랫치노,"5,700원",1
15,이디야커피 건대역점,(R)콜드브루 라떼,"4,500원",1
16,이디야커피 건대역점,이디야키즈 뽀로로 사과매실,"1,500원",1
17,이디야커피 건대역점,(EX)HOT 카페 라떼,"5,400원",1
18,이디야커피 건대역점,(R)ICED 민트 초콜릿,"4,200원",1
19,이디야커피 건대역점,(Decaf)(EX)ICED 연유 카페 라떼,"6,200원",1
20,이디야커피 건대역점,끼리스틱케익 블루베리 치즈,"2,400원",1
21,이디야커피 건대역점,이디야 단백질바 초코쿠키,"1,400원",1
22,이디야커피 건대역점,비니스트초콜릿칩라떼(20T),"9,600원",1
23,이디야커피 건대역점,플레인 와플,"2,700원",1
24,이디야커피 건대역점,(R)HOT 쌍화차,"4,200원",1
25,이디야커피 건대역점,(드립)콜롬비아 슈프리모,"3,700원",1
26,이디야커피 건대역점,(EX)ICED 자몽 네이블오렌지,"5,100원",1
27,이디야커피 건대역점,(R)HOT 녹차 라떼,"3,900원",1
28,이디야커피 건대역점,(Decaf)(R)콜드브루 라떼,"4,800원",1
29,이디야커피 건대역점,이디야키즈 뽀로로 오렌지,"1,500원",1
30,이디야커피 건대역점,(EX)ICED 카페 라떼,"5,400원",1
31,이디야커피 건대역점,(Decaf)(L)HOT 카페 라떼,"4,700원",1
32,이디야커피 건대역점,초코렛 청크 쿠키,"2,100원",1
33,이디야커피 건대역점,이디야 비타민바 그릭요거트,"1,400원",1
34,이디야커피 건대역점,비니스트토피넛라떼(20T),"9,600원",1
35,이디야커피 건대역점,(MD)이디야 자몽 네이블오렌지티,"9,800원",1
36,이디야커피 건대역점,크림치즈 와플(NEW),"3,600원",1
37,이디야커피 건대역점,(R)복숭아 아이스티,"2,900원",1
38,이디야커피 건대역점,(드립)에티오피아 리무,"3,700원",1
39,이디야커피 건대역점,(R)콜드브루 화이트 비엔나,"4,900원",1
40,이디야커피 건대역점,스페셜 모카블렌드(30T),"5,400원",1
41,이디야커피 건대역점,(R)ICED 녹차 라떼,"3,900원",1
42,이디야커피 건대역점,이디야키즈 뽀로로 포도블루베리,"1,500원",1
43,이디야커피 건대역점,미니프레첼 초코맛,"1,500원",1
44,이디야커피 건대역점,(L)HOT 카페 모카,"4,500원",1
45,이디야커피 건대역점,(Decaf)(L)ICED 카페 라떼,"4,700원",1
46,이디야커피 건대역점,(R)연유 콜드브루,"4,700원",1
47,이디야커피 건대역점,화이트초코 마카다미아 쿠키,"2,100원",1
48,이디야커피 건대역점,생크림 와플,"2,900원",1
49,이디야커피 건대역점,(드립)페르소나 블렌드,"3,700원",1
50,이디야커피 건대역점,(EX)복숭아 아이스티,"3,900원",1
51,이디야커피 건대역점,스페셜 모카블렌드(100T),"14,700원",1
52,이디야커피 건대역점,(Decaf)(R)콜드브루 화이트 비엔나,"5,200원",1
53,이디야커피 건대역점,이디야 감귤&한라봉 주스,"3,400원",1
54,이디야커피 건대역점,(EX)HOT 녹차 라떼,"5,100원",1
55,이디야커피 건대역점,밀크 휘낭시에,"2,500원",1
56,이디야커피 건대역점,(L)ICED 카페 모카,"4,500원",1
57,이디야커피 건대역점,허니 카라멜 브레드,"5,200원",1
58,이디야커피 건대역점,(Decaf)(EX)HOT 카페 라떼,"5,900원",1
59,이디야커피 건대역점,메이플 와플,"3,200원",1
60,이디야커피 건대역점,(R)레몬 아이스티,"2,900원",1
61,이디야커피 건대역점,(MD)이디야 석류애플라임티,"9,800원",1
62,이디야커피 건대역점,(EX)ICED 녹차 라떼,"5,100원",1
63,이디야커피 건대역점,스페셜 골드블렌드(30T),"5,400원",1
64,이디야커피 건대역점,이디야 청포도&케일 주스,"3,400원",1
65,이디야커피 건대역점,레몬 아이싱 파운드,"2,700원",1
66,이디야커피 건대역점,(EX)HOT 카페 모카,"5,700원",1
67,이디야커피 건대역점,(EX)연유 콜드브루,"5,900원",1
68,이디야커피 건대역점,(캡슐)콜롬비아 슈프리모,"4,500원",1
69,이디야커피 건대역점,(드립)브라질 세하도,"3,700원",1
70,이디야커피 건대역점,(Decaf)(EX)ICED 카페 라떼,"5,900원",1
71,이디야커피 건대역점,프레즐,"2,700원",1
72,이디야커피 건대역점,(EX)레몬 아이스티,"3,900원",1
73,이디야커피 건대역점,(R)HOT 12곡 라떼,"3,700원",1
74,이디야커피 건대역점,이디야키즈 신비아파트 딸기,"1,700원",1
75,이디야커피 건대역점,스페셜 골드블렌드(100T),"14,700원",1
76,이디야커피 건대역점,(홀빈)이디야 블루 블렌드,"14,000원",1
77,이디야커피 건대역점,(R)HOT 자몽차,"4,200원",1
78,이디야커피 건대역점,펄슈가 카스테라,"3,100원",1
79,이디야커피 건대역점,(병)유자 피나콜라다,"3,000원",1
80,이디야커피 건대역점,(EX)ICED 카페 모카,"5,700원",1
81,이디야커피 건대역점,(Decaf)(EX)연유 콜드브루,"6,200원",1
82,이디야커피 건대역점,(Decaf)(L)HOT 카페 모카,"5,000원",1
83,이디야커피 건대역점,플레인 베이글(NEW),"2,500원",1
84,이디야커피 건대역점,(R)ICED 12곡 라떼,"3,700원",1
85,이디야커피 건대역점,크랜베리월넛 베이글,"2,500원",1
86,이디야커피 건대역점,(홀빈)이디야 에티오피아 레켐티,"14,000원",1
87,이디야커피 건대역점,(R)HOT 유자차,"4,200원",1
88,이디야커피 건대역점,(L)HOT 카라멜 마끼아또,"4,500원",1
89,이디야커피 건대역점,버터스카치 버터바,"3,100원",1
90,이디야커피 건대역점,(EX)레몬 에이드,"5,200원",1
91,이디야커피 건대역점,(EX)콜드브루,"4,900원",1
92,이디야커피 건대역점,이디야키즈 신비아파트 샤인머스캣,"1,700원",1
93,이디야커피 건대역점,(Decaf)(L)ICED 카페 모카,"5,000원",1
94,이디야커피 건대역점,스틱커피디카페인아메리카노(20T),"4,700원",1
95,이디야커피 건대역점,(R)HOT 토피 넛 라떼,"4,200원",1
96,이디야커피 건대역점,오리지널 핫번,"2,900원",1
97,이디야커피 건대역점,코코넛밀크 플러스 오리지널,"2,900원",1
98,이디야커피 건대역점,(홀빈)이디야 디카페인,"16,000원",1
99,이디야커피 건대역점,(R)HOT 자몽 네이블오렌지,"4,500원",1
100,이디야커피 건대역점,(L)ICED 카라멜 마끼아또,"4,500원",1
101,이디야커피 건대역점,(R)흑당 라떼,"3,700원",1
102,이디야커피 건대역점,(Decaf)(EX)콜드브루,"5,200원",1
103,이디야커피 건대역점,(Decaf)(EX)HOT 카페 모카,"6,200원",1
104,이디야커피 건대역점,스틱커피디카페인아메리카노(80+20T),"16,400원",1
105,이디야커피 건대역점,(R)ICED 토피 넛 라떼,"4,200원",1
106,이디야커피 건대역점,(R)HOT 유자 피나콜라다,"4,500원",1
107,이디야커피 건대역점,코코넛밀크 플러스 망고향,"2,900원",1
108,이디야커피 건대역점,(EX)HOT 카라멜 마끼아또,"5,700원",1
109,이디야커피 건대역점,(EX)콜드브루 라떼,"5,700원",1
110,이디야커피 건대역점,(Decaf)(EX)ICED 카페 모카,"6,200원",1
111,이디야커피 건대역점,크로크무슈,"4,700원",1
112,이디야커피 건대역점,(R)ICED 달고나 라떼,"3,700원",1
113,이디야커피 건대역점,(R)초코 쿠키 쉐이크,"4,900원",1
114,이디야커피 건대역점,(EX)HOT 토피 넛 라떼,"5,400원",1
115,이디야커피 건대역점,(R)HOT 석류 오리지널,"4,200원",1
116,이디야커피 건대역점,(EX)ICED 카라멜 마끼아또,"5,700원",1
117,이디야커피 건대역점,(Decaf)(EX)콜드브루 라떼,"6,000원",1
118,이디야커피 건대역점,(Decaf)(L)HOT 카라멜 마끼아또,"5,000원",1
119,이디야커피 건대역점,소고기 브리또,"4,200원",1
120,이디야커피 건대역점,(EX)ICED 토피 넛 라떼,"5,400원",1
121,이디야커피 건대역점,(R)바닐라 오트 콜드브루,"5,200원",1
122,이디야커피 건대역점,(R)HOT 석류 애플라임,"4,500원",1
123,이디야커피 건대역점,핫치킨 브리또,"4,200원",1
124,이디야커피 건대역점,밀크레이프 케이크,"4,500원",1
125,이디야커피 건대역점,(L)HOT 바닐라 라떼,"4,500원",1
126,이디야커피 건대역점,(Decaf)(L)ICED 카라멜 마끼아또,"5,000원",1
127,이디야커피 건대역점,(R)ICED 고구마 라떼,"4,200원",1
128,이디야커피 건대역점,(Decaf)(R)바닐라 오트 콜드브루,"5,500원",1
129,이디야커피 건대역점,잉글리쉬 머핀,"3,700원",1
130,이디야커피 건대역점,(L)ICED 바닐라 라떼,"4,500원",1
131,이디야커피 건대역점,(R)HOT 그린루이보스,"3,200원",1
132,이디야커피 건대역점,(Decaf)(EX)HOT 카라멜 마끼아또,"6,200원",1
133,이디야커피 건대역점,(R)HOT 고구마 라떼,"4,200원",1
134,이디야커피 건대역점,크림치즈 머핀,"2,500원",1
135,이디야커피 건대역점,(R)꿀복숭아 플랫치노,"3,900원",1
136,이디야커피 건대역점,(R)ICED 그린루이보스,"3,200원",1
137,이디야커피 건대역점,(EX)HOT 바닐라 라떼,"5,700원",1
138,이디야커피 건대역점,(Decaf)(EX)ICED 카라멜 마끼아또,"6,200원",1
139,이디야커피 건대역점,(R)딸기주스,"4,500원",1
140,이디야커피 건대역점,초코칩 머핀,"2,500원",1
141,이디야커피 건대역점,(R)HOT 샤인히비스커스,"3,200원",1
142,이디야커피 건대역점,(EX)ICED 바닐라 라떼,"5,700원",1
143,이디야커피 건대역점,(Decaf)(L)HOT 바닐라 라떼,"5,000원",1
144,이디야커피 건대역점,(R)골드키위주스,"4,500원",1
145,이디야커피 건대역점,플레인 크로플,"2,900원",1
146,이디야커피 건대역점,스틱커피마일드아메리카노(20T),"4,700원",1
147,이디야커피 건대역점,(R)ICED 샤인히비스커스,"3,200원",1
148,이디야커피 건대역점,(Decaf)(L)ICED 바닐라 라떼,"5,000원",1
149,이디야커피 건대역점,(L)HOT 화이트 초콜릿 모카,"4,500원",1
150,이디야커피 건대역점,(R)홍시주스,"4,500원",1
151,이디야커피 건대역점,(R)HOT 스프링캐모마일,"3,200원",1
152,이디야커피 건대역점,(Decaf)(EX)HOT 바닐라 라떼,"6,200원",1
153,이디야커피 건대역점,매콤 로제 구운 주먹밥,"2,000원",1
154,이디야커피 건대역점,(L)ICED 화이트 초콜릿 모카,"4,500원",1
155,이디야커피 건대역점,(R)ICED 스프링캐모마일,"3,200원",1
156,이디야커피 건대역점,(Decaf)(EX)ICED 바닐라 라떼,"6,200원",1
157,이디야커피 건대역점,아이스콘 요구르트(케이스),"4,000원",1
158,이디야커피 건대역점,(EX)ICED 달고나 라떼,"4,900원",1
159,이디야커피 건대역점,까르보나라 구운 주먹밥,"2,000원",1
160,이디야커피 건대역점,(L)HOT 민트 모카,"4,900원",1
161,이디야커피 건대역점,(R)딸기 듬뿍 라떼,"3,900원",1
162,이디야커피 건대역점,(R)HOT 퓨어페퍼민트,"3,200원",1
163,이디야커피 건대역점,(Decaf)(L)HOT 화이트초콜릿모카,"5,000원",1
164,이디야커피 건대역점,쌍쌍 츄로스,"2,200원",1
165,이디야커피 건대역점,(L)ICED 민트 모카,"4,900원",1
166,이디야커피 건대역점,(EX)딸기 듬뿍 라떼,"5,300원",1
167,이디야커피 건대역점,(R)ICED 퓨어페퍼민트,"3,200원",1
168,이디야커피 건대역점,(L)ICED 연유 카페 라떼,"4,500원",1
169,이디야커피 건대역점,흑임자 팥붕어빵,"2,500원",1
170,이디야커피 건대역점,(Decaf)(L)ICED 화이트초콜릿모카,"5,000원",1
171,이디야커피 건대역점,(EX)HOT 연유 카페 라떼,"5,700원",1
172,이디야커피 건대역점,(R)제철 담은 생딸기 주스,"5,900원",1
173,이디야커피 건대역점,(R)HOT 피치얼그레이,"3,200원",1
174,이디야커피 건대역점,흑임자 슈크림붕어빵,"2,500원",1
175,이디야커피 건대역점,(Decaf)(EX)HOT 화이트초콜릿모카,"6,200원",1
176,이디야커피 건대역점,(EX)ICED 연유 카페 라떼,"5,700원",1
177,이디야커피 건대역점,소시지 바질 소금빵,"3,900원",1
178,이디야커피 건대역점,(R)ICED 피치얼그레이,"3,200원",1
179,이디야커피 건대역점,(EX)버블 흑당 라떼,"5,900원",1
180,이디야커피 건대역점,(Decaf)(EX)ICED 화이트초콜릿모카,"6,200원",1
181,이디야커피 건대역점,(EX)HOT 화이트 초콜릿 모카,"5,700원",1
182,이디야커피 건대역점,(R)딸기 바나나크림라떼,"4,300원",1
183,이디야커피 건대역점,(L)그래놀라 드링킹 요거트,"4,900원",1
184,이디야커피 건대역점,소금 버터 스콘,"2,900원",1
185,이디야커피 건대역점,(Decaf)(L)HOT 민트 모카,"5,400원",1
186,이디야커피 건대역점,(R)살얼음 식혜,"4,200원",1
187,이디야커피 건대역점,(EX)ICED 화이트 초콜릿 모카,"5,700원",1
188,이디야커피 건대역점,(L)딸기 드링킹 요거트,"4,900원",1
189,이디야커피 건대역점,버터 팬케이크,"3,900원",1
190,이디야커피 건대역점,(Decaf)(L)ICED 카페 아메리카노,"3,700원",1
191,이디야커피 건대역점,(L)ICED 넛츠 크림 라떼,"4,700원",1
192,이디야커피 건대역점,(Decaf)(L)ICED 민트 모카,"5,400원",1
193,이디야커피 건대역점,(EX)살얼음 식혜,"5,200원",1
194,이디야커피 건대역점,꿀 호떡,"2,000원",1
195,이디야커피 건대역점,(Decaf)(L)ICED허쉬 크리미 카페모카,"5,400원",1
196,이디야커피 건대역점,(L)ICED허쉬 크리미 카페모카,"4,900원",1
197,이디야커피 건대역점,(EX)HOT 그린루이보스,"4,200원",1
198,이디야커피 건대역점,(L)블루베리 드링킹 요거트,"4,900원",1
199,이디야커피 건대역점,콘치즈 계란빵,"2,900원",1
200,이디야커피 건대역점,(Decaf)(L)HOT허쉬 크리미 카페모카,"5,400원",1
201,이디야커피 건대역점,(MD)이디야 제주청귤블라썸티,"9,800원",1
202,이디야커피 건대역점,(L)HOT허쉬 크리미 카페모카,"4,900원",1
203,이디야커피 건대역점,(EX)ICED 그린루이보스,"4,200원",1
204,이디야커피 건대역점,(L)망고 드링킹 요거트,"4,900원",1
205,이디야커피 건대역점,생딸기 허니리코타 와플,"5,900원",1
206,이디야커피 건대역점,(R)ICED허쉬 스트로베리 초콜릿,"4,500원",1
207,이디야커피 건대역점,(EX)HOT 샤인히비스커스,"4,200원",1
208,이디야커피 건대역점,생딸기 허니리코타 팬케이크,"6,900원",1
209,이디야커피 건대역점,(R)ICED허쉬 크리미 초콜릿,"4,400원",1
210,이디야커피 건대역점,(EX)HOT 스프링캐모마일,"4,200원",1
211,이디야커피 건대역점,생딸기 허니리코타 프렌치토스트,"7,500원",1
212,이디야커피 건대역점,(R)ICED 쌍화차,"4,200원",1
213,이디야커피 건대역점,(R)HOT허쉬 크리미 초콜릿,"4,400원",1
214,이디야커피 건대역점,(EX)ICED 스프링캐모마일,"4,200원",1
215,이디야커피 건대역점,버터 프렌치토스트,"4,800원",1
216,이디야커피 건대역점,(EX)HOT 피치얼그레이,"4,200원",1
217,이디야커피 건대역점,(EX)ICED 피치얼그레이,"4,200원",1
218,이디야커피 건대역점,(EX)ICED 샤인히비스커스,"4,200원",1
219,이디야커피 건대역점,(EX)HOT 퓨어 페퍼민트,"4,200원",1
220,이디야커피 건대역점,(EX)ICED 퓨어 페퍼민트,"4,200원",1
221,이디야커피 건대역점,(L)HOT 생딸기 허니블랙티,"4,200원",1
222,이디야커피 건대역점,(L)ICED 생딸기 허니블랙티,"4,200원",1
223,이디야커피 건대역점,떠먹는 티라미수,"4,400원",1
224,이디야커피 건대역점,(Decaf)(R)연유 콜드브루,"5,000원",1
225,이디야커피 건대역점,에그 샐러드빵,"2,000원",1
226,이디야커피 건대역점,마카로니 샐러드빵,"2,000원",1
227,이디야커피 건대역점,메이플 넛 브레드,"5,400원",1
228,이디야커피 건대역점,(R)딸기 쉐이크,"5,200원",1
229,이디야커피 건대역점,(EX)흑당 라떼,"4,900원",1
230,이디야커피 건대역점,(캡슐)에티오피아 리무,"4,500원",1
231,이디야커피 건대역점,(병)자몽 네이블오렌지,"3,000원",1
232,이디야커피 건대역점,(EX)자몽 에이드,"5,200원",1
233,이디야커피 건대역점,소금빵,"3,000원",1
234,이디야커피 건대역점,초코 티라미수 케이크,"4,500원",1
235,이디야커피 건대역점,스틱커피스페셜에디션(20T),"4,700원",1
236,이디야커피 건대역점,(R)망고 플랫치노,"3,900원",1
237,이디야커피 건대역점,(R)초콜릿 칩 플랫치노,"4,500원",1
238,이디야커피 건대역점,미니프레첼 볶음양념맛,"1,200원",1
239,이디야커피 건대역점,(R)버블 크림 밀크티,"4,700원",1
240,이디야커피 건대역점,(L)HOT 카페 아메리카노,"3,200원",1
241,이디야커피 건대역점,(R)HOT 생강차,"4,200원",1
242,이디야커피 건대역점,(Decaf)(EX)HOT 카페 아메리카노,"4,700원",1
243,이디야커피 건대역점,(R)흑당 콜드브루,"4,200원",1
244,이디야커피 건대역점,(MD)그린루이보스,"13,000원",1
245,이디야커피 건대역점,대파베이컨 크림치즈 베이글,"4,200원",1
246,이디야커피 건대역점,(R)HOT 초콜릿,"3,900원",1
247,이디야커피 건대역점,스틱커피오리지널아메리카노(20T),"4,700원",1
248,이디야커피 건대역점,(병)석류 애플라임,"3,000원",1
249,이디야커피 건대역점,(R)자몽 에이드,"4,200원",1
250,이디야커피 건대역점,수플레 치즈 케이크,"4,500원",1
251,이디야커피 건대역점,(EX)흑당 콜드브루,"5,400원",1
252,이디야커피 건대역점,스틱커피오리지널아메리카노(80+20T),"16,400원",1
253,이디야커피 건대역점,바닐라 웨이퍼스,"2,200원",1
254,이디야커피 건대역점,(L)ICED 카페 아메리카노,"3,200원",1
255,이디야커피 건대역점,(R)ICED 생강차,"4,200원",1
256,이디야커피 건대역점,(Decaf)(EX)ICED 카페 아메리카노,"4,700원",1
257,이디야커피 건대역점,(R)민트 초콜릿 칩 플랫치노,"4,500원",1
258,이디야커피 건대역점,아이스콘 초코(케이스),"4,000원",1
259,이디야커피 건대역점,(MD)샤인히비스커스,"13,000원",1
260,이디야커피 건대역점,이디야워터,900원,1
261,이디야커피 건대역점,(R)청포도 에이드,"4,200원",1
262,이디야커피 건대역점,데블스 초코 케이크,"4,500원",1
263,이디야커피 건대역점,(Decaf)(R)흑당 콜드브루,"4,500원",1
264,이디야커피 건대역점,스틱커피마일드아메리카노(80+20T),"16,400원",1
265,이디야커피 건대역점,미니코코 크런치,"1,900원",1
266,이디야커피 건대역점,(EX)HOT 카페 아메리카노,"4,200원",1
267,이디야커피 건대역점,(R)ICED 초콜릿,"3,900원",1
268,이디야커피 건대역점,(Decaf)(L)ICED 넛츠 크림 라떼,"5,200원",1
269,이디야커피 건대역점,(L)HOT 연유 카페 라떼,"4,500원",1
270,이디야커피 건대역점,베이컨포테이토 스퀘어피자,"4,200원",1
271,이디야커피 건대역점,(R)플레인 요거트 플랫치노,"4,500원",1
272,이디야커피 건대역점,(MD)스프링캐모마일,"13,000원",1
273,이디야커피 건대역점,(R)HOT 밀크티,"4,200원",1
274,이디야커피 건대역점,스노우쿠키슈,"2,100원",1
275,이디야커피 건대역점,이디야 콤부차 복숭아망고,"3,500원",1
276,이디야커피 건대역점,(EX)청포도 에이드,"5,200원",1
277,이디야커피 건대역점,(Decaf)(EX)흑당 콜드브루,"5,700원",1
278,이디야커피 건대역점,스틱커피스페셜에디션(80+20T),"16,400원",1
279,이디야커피 건대역점,크리미초코 감자쿠키,"2,500원",1
280,이디야커피 건대역점,(R)버블 흑당 라떼,"4,700원",1
281,이디야커피 건대역점,(EX)ICED 카페 아메리카노,"4,200원",1
282,이디야커피 건대역점,(EX)HOT 초콜릿,"5,100원",1
283,이디야커피 건대역점,(Decaf)(L)HOT 연유 카페 라떼,"5,000원",1
284,이디야커피 건대역점,(R)블루베리 요거트 플랫치노,"4,700원",1
285,이디야커피 건대역점,크루아상,"2,900원",1
286,이디야커피 건대역점,(R)ICED 밀크티,"4,200원",1
287,이디야커피 건대역점,(MD)퓨어페퍼민트,"13,000원",1
288,이디야커피 건대역점,이너츠,"1,400원",1
289,이디야커피 건대역점,이디야 콤부차 청포도레몬,"3,500원",1
290,이디야커피 건대역점,(R)콜드브루,"3,900원",1
291,이디야커피 건대역점,(Decaf)(L)HOT 카페 아메리카노,"3,700원",1
292,이디야커피 건대역점,비니스트카페라떼(20T),"7,900원",1
293,이디야커피 건대역점,크리미치즈 그레인쿠키,"2,500원",1
294,이디야커피 건대역점,(L)HOT 카페 라떼,"4,200원",1
295,이디야커피 건대역점,(EX)ICED 초콜릿,"5,100원",1
296,이디야커피 건대역점,(Decaf)(L)ICED 연유 카페 라떼,"5,000원",1
297,이디야커피 건대역점,(R)딸기 요거트 플랫치노,"4,700원",1
298,이디야커피 건대역점,에그 베이컨 과카몰리 샌드위치,"5,000원",1
299,이디야커피 건대역점,(EX)ICED 석류 애플라임,"5,100원",1
300,이디야커피 건대역점,(MD)프레시그린티,"13,000원",1
301,이디야커피 건대역점,(병)이디야 사과주스,"3,000원",1
0,메가MGC커피 어린이대공원역점,(HOT)콜드브루오리지널,"3,500원",1
1,메가MGC커피 어린이대공원역점,(HOT)콜드브루라떼,"4,000원",1
2,메가MGC커피 어린이대공원역점,(ICE)콜드브루오리지널,"3,500원",1
3,메가MGC커피 어린이대공원역점,(ICE)콜드브루라떼,"4,000원",1
4,메가MGC커피 어린이대공원역점,콜드브루상품용,"20,000원",1
5,메가MGC커피 어린이대공원역점,바닐라라떼,"3,400원",1
6,메가MGC커피 어린이대공원역점,연유라떼,"3,900원",1
7,메가MGC커피 어린이대공원역점,카라멜마끼아또,"3,700원",1
8,메가MGC커피 어린이대공원역점,카페모카,"3,900원",1
9,메가MGC커피 어린이대공원역점,고흥유자망고스무디,"3,900원",1
10,메가MGC커피 어린이대공원역점,고흥유자하이볼에이드,"3,800원",1
11,메가MGC커피 어린이대공원역점,나주플럼코트스무디,"3,900원",1
12,메가MGC커피 어린이대공원역점,수박주스,"4,000원",1
13,메가MGC커피 어린이대공원역점,수박화채스무디,"4,500원",1
14,메가MGC커피 어린이대공원역점,쿠키프라페,"3,900원",1
15,메가MGC커피 어린이대공원역점,딸기라떼,"3,900원",1
16,메가MGC커피 어린이대공원역점,유니콘매직에이드 블루,"3,800원",1
17,메가MGC커피 어린이대공원역점,큐브라떼,"4,200원",1
18,메가MGC커피 어린이대공원역점,아메리카노,"2,000원",1
0,왓유워너,핫 아메리카노,"2,000원",1
1,왓유워너,아이스 아메리카노,"2,500원",1
