,rst_name,menu_name,price,platform
0,대동집 건대점,녹두반반파전,"18,000원",1
1,대동집 건대점,대동보쌈,"28,000원",1
2,대동집 건대점,골뱅이낙지무침과수육,"29,000원",1
3,대동집 건대점,대동 깐쇼새우,"20,000원",1
4,대동집 건대점,삼겹두부김치,"18,000원",1
5,대동집 건대점,매콤오돌뼈볶음&주먹밥,"21,000원",1
6,대동집 건대점,맑은 바지락탕,"18,000원",1
7,대동집 건대점,대동알탕,"24,000원",1
8,대동집 건대점,수제고추튀김,"18,000원",1
9,대동집 건대점,멸치국수,"6,000원",1
10,대동집 건대점,비빔국수,"7,000원",1
11,대동집 건대점,녹두 해물 파전,"16,000원",1
12,대동집 건대점,녹두 해물 김치전,"17,000원",1
13,대동집 건대점,대동 육전,"19,000원",1
14,대동집 건대점,대동 감자전,"16,000원",1
15,대동집 건대점,대동 치즈 감자전,"18,000원",1
16,대동집 건대점,대동삼합,"39,000원",1
17,대동집 건대점,대동 가래떡볶이와 핫도그,"14,000원",1
18,대동집 건대점,고추고갈비,"16,000원",1
19,대동집 건대점,육회 (매운맛 또는 참기름맛),"17,000원",1
20,대동집 건대점,대동 소시지야채볶음과 감자튀김,"17,000원",1
21,대동집 건대점,참소라숙회,"18,000원",1
22,대동집 건대점,김말이 골뱅이무침,"19,000원",1
23,대동집 건대점,매콤국물닭발,"19,000원",1
24,대동집 건대점,대동 케이-로제 찜닭,"20,000원",1
25,대동집 건대점,대동 순살 찜닭,"21,000원",1
26,대동집 건대점,문어초회,"21,000원",1
27,대동집 건대점,대동 편육냉채,"22,000원",1
28,대동집 건대점,꼬막(계절메뉴),"19,000원",1
29,대동집 건대점,불꼬막(계절메뉴),"20,000원",1
30,대동집 건대점,반반꼬막(계절메뉴),"20,000원",1
31,대동집 건대점,대동 닭똥집 볶음,"17,000원",1
32,대동집 건대점,대동 두부 제육 두루치기,"19,000원",1
33,대동집 건대점,태양초 낙지 볶음,"21,000원",1
34,대동집 건대점,알쌈 삼겹쭈꾸미 볶음,"23,000원",1
35,대동집 건대점,치즈불닭볶음&주먹밥,"25,000원",1
36,대동집 건대점,부산오뎅탕,"16,000원",1
37,대동집 건대점,김치 우동 오뎅탕,"17,000원",1
38,대동집 건대점,대동 부대찌개,"18,000원",1
39,대동집 건대점,얼큰 수제비 민물새우탕,"18,000원",1
40,대동집 건대점,대동 돼지고기 짜글이,"21,000원",1
41,대동집 건대점,대동 토종 순대전골,"23,000원",1
42,대동집 건대점,꼬치어묵 통골뱅이탕,"24,000원",1
43,대동집 건대점,통오징어 짬뽕탕,"24,000원",1
44,대동집 건대점,허니버터 치즈볼과 감자튀김,"12,000원",1
45,대동집 건대점,대동 고로케와 샐러드,"12,000원",1
46,대동집 건대점,대동 순살 깨간장 치킨,"19,000원",1
47,대동집 건대점,윙봉치긴과 감자튀김,"20,000원",1
48,대동집 건대점,매콤왕두부,"10,000원",1
49,대동집 건대점,버터 명란구이,"15,000원",1
50,대동집 건대점,반건조 오징어와 땅콩,"14,000원",1
51,대동집 건대점,먹태구이와 땅콩,"15,000원",1
52,대동집 건대점,얼음황도,"9,000원",1
53,대동집 건대점,날치알 주먹밥,"4,500원",1
0,도원,과일 막걸리,"10,000원",1
1,도원,족살수육(중),"19,800원",1
2,도원,모듬순대(중),"15,800원",1
3,도원,아보카도 명란구이와 빠다통감자,"15,800원",1
4,도원,도원 버섯 샤브칼국수,"19,800원",1
5,도원,신선로 아보카도 한우++육회,"21,800원",1
6,도원,베이컨 페퍼치즈 김치전,"16,800원",1
7,도원,도원 수제 유린기,"15,800원",1
8,도원,오삼산더미콩불,"17,800원",1
9,도원,미나리 대패삼겹과 파절이,"16,800원",1
10,도원,하트쉬림프 부추가득전,"16,800원",1
11,도원,육전과 부추파절이,"16,800원",1
12,도원,차돌 육개장전골,"17,800원",1
13,도원,신선로 딸기눈꽃빙수(봄),"13,800원",1
0,도원,과일 막걸리,"10,000원",1
1,도원,족살수육(중),"19,800원",1
2,도원,모듬순대(중),"15,800원",1
3,도원,아보카도 명란구이와 빠다통감자,"15,800원",1
4,도원,도원 버섯 샤브칼국수,"19,800원",1
5,도원,신선로 아보카도 한우++육회,"21,800원",1
6,도원,베이컨 페퍼치즈 김치전,"16,800원",1
7,도원,도원 수제 유린기,"15,800원",1
8,도원,오삼산더미콩불,"17,800원",1
9,도원,미나리 대패삼겹과 파절이,"16,800원",1
10,도원,하트쉬림프 부추가득전,"16,800원",1
11,도원,육전과 부추파절이,"16,800원",1
12,도원,차돌 육개장전골,"17,800원",1
13,도원,신선로 딸기눈꽃빙수(봄),"13,800원",1
0,서울낙업,연어모둠사시미,"25,000원",1
1,서울낙업,차돌박이 참깨나베,"25,000원",1
2,서울낙업,오사카식 쿠시카츠,"9,900원",1
3,서울낙업,서울낙업 하이볼,"7,000원",1
4,서울낙업,수비드부채살타다키,"19,000원",1
5,서울낙업,에비가츠산도(오늘의추천메뉴),"12,000원",1
6,서울낙업,사케동,"9,800원",1
7,서울낙업,명란구이&감자사라다,"9,000원",1
8,서울낙업,쯔란옥수수튀김,"7,000원",1
9,서울낙업,유즈토마토,"9,000원",1
10,서울낙업,관동식 스키야키,"24,000원",1
11,서울낙업,생연어후토마끼,"22,000원",1
12,서울낙업,반반 연어초밥,"14,000원",1
13,서울낙업,고등어봉초밥,"13,000원",1
14,서울낙업,명란감자쿠션전,"15,000원",1
15,서울낙업,치폴레알배추구이,"8,000원",1
16,서울낙업,야키소바(비오는날에만 주문 가능),"13,000원",1
17,서울낙업,생연어사시미,"23,000원",1
18,서울낙업,오코노미야키(비.눈오는날만 주문가능),"16,000원",1
19,서울낙업,사케&전통주,,1
0,요비,2인사시미,"29,000원",1
1,요비,통우럭튀김,"21,900원",1
2,요비,살치살타다끼,"17,500원",1
3,요비,연어사시미,"29,000원",1
4,요비,숯불모듬꼬치6종,"15,800원",1
5,요비,모츠나베,"22,900원",1
6,요비,백김치차슈모리,"16,500원",1
7,요비,숯불꼬치 3종,"7,900원",1
8,요비,숯불꼬치 닭대파 1p,"3,000원",1
9,요비,숯불꼬치 닭다리살 1p,"3,000원",1
10,요비,숯불꼬치 닭껍질 1p,"2,500원",1
11,요비,방울토마토 아스파라거스 1p,"2,500원",1
12,요비,염통 꼬치 1p,"2,500원",1
13,요비,삼겹꼬치 1p,"3,000원",1
14,요비,핫닭껍질튀김,"10,900원",1
15,요비,명란크림우동,"16,900원",1
16,요비,레몬 하이볼,"6,900원",1
17,요비,사케동,"11,000원",1
18,요비,규동,"8,000원",1
19,요비,가라아게동,"7,000원",1
20,요비,야끼소바,"15,900원",1
21,요비,바지락술찜,"17,000원",1
22,요비,얼큰소고기 나베,"19,900원",1
23,요비,소고기 나베,"19,000원",1
24,요비,소고기숙주볶음,"14,900원",1
25,요비,나가사키오뎅나베,"17,900원",1
26,요비,1인사시미,"15,000원",1
27,요비,3인사시미,"42,000원",1
28,요비,4인사시미,"54,000원",1
29,요비,문어숙회,"17,000원",1
30,요비,간사이풍 오뎅나베,"16,900원",1
31,요비,나가사키짬뽕,"18,500원",1
32,요비,매운나가사키짬뽕,"19,500원",1
33,요비,해물 누룽지탕,"18,900원",1
34,요비,돼지고기 숙주볶음,"13,900원",1
35,요비,광어간장김치초밥,"6,000원",1
36,요비,연어불 초밥,"6,000원",1
37,요비,연어나비초밥,"8,000원",1
38,요비,문어튀김,"15,900원",1
39,요비,명란버터구이,"15,000원",1
40,요비,오꼬계란말이,"13,000원",1
41,요비,치킨가라아게,"12,000원",1
42,요비,통새우깡,"11,000원",1
43,요비,고로케,"9,000원",1
0,일광,명란계란말이,"11,000원",1
1,일광,도미뱃살,"13,000원",1
2,일광,참소라 초회,"13,000원",1
3,일광,나베,"16,000원",1
4,일광,아게다시 도후,"10,000원",1
5,일광,수제꼬치7종,"20,000원",1
6,일광,수제꼬치5종,"15,000원",1
7,일광,나가사끼 짬뽕,"16,000원",1
8,일광,얼큰나가사끼 짬뽕,"18,000원",1
9,일광,김치 가츠 나베,"15,000원",1
0,짱돌,닭대파구이,"17,900원",1
1,짱돌,짱돌 부대찌개,"22,900원",1
2,짱돌,베리하이볼,"12,500원",1
3,짱돌,마늘떡볶이+김말이3p,"13,900원",1
4,짱돌,모둠 수제 소세지,"20,900원",1
5,짱돌,여름바다 모히또(한정판매),"14,900원",1
6,짱돌,통통오징어,"18,500원",1
7,짱돌,꼬치어묵,"15,900원",1
8,짱돌,야채구이,"14,900원",1
9,짱돌,관자버터구이,"25,900원",1
10,짱돌,모둠 감자튀김,"16,900원",1
11,짱돌,딸기라떼,"12,900원",1
12,짱돌,소주토닉세트,"12,000원",1
13,짱돌,넛츠밀크,"12,900원",1
14,짱돌,토마토맥주,"8,000원",1
15,짱돌,깔루아밀크,"10,000원",1
0,무이,고등어 봉초밥,"19,000원",1
1,무이,규스지 오뎅탕,"22,000원",1
2,무이,무이크림우동,"16,000원",1
3,무이,유린기,"20,000원",1
4,무이,무이 플레이트,"17,000원",1
5,무이,크림새우,"20,000원",1
6,무이,오코노미야끼,"15,000원",1
7,무이,시샤모구이 5pcs,"6,000원",1
8,무이,모츠나베,"25,000원",1
9,무이,스키야키,"23,000원",1
10,무이,꽃게탕,"22,000원",1
11,무이,칠리새우,"20,000원",1
12,무이,무이 닭구이,"18,000원",1
13,무이,무이 치킨가라아게,"16,000원",1
14,무이,명란 계란말이,"16,000원",1
15,무이,이카게소 국물떡볶이,"15,000원",1
16,무이,4종 고로케,"13,000원",1
17,무이,새우튀김 우동,"10,000원",1
18,무이,닭껍질 튀김,"11,000원",1
19,무이,쉬림프 감자튀김,"11,000원",1
20,무이,해물 해장라면,"10,000원",1
21,무이,이카게소 튀김,"13,000원",1
22,무이,설탕 토마토,"8,000원",1
23,무이,타코와사비,"7,000원",1
24,무이,파인애플 사베트,"9,000원",1
0,만경상회 건대본점,[5종모듬플래터] 보.꼬.새.연,"43,000원",1
1,만경상회 건대본점,'30cm 김치해물전',"16,900원",1
2,만경상회 건대본점,'만경 꼬막밥',"12,900원",1
3,만경상회 건대본점,'위스키 하이볼 3+1(무료) ',"24,000원",1
4,만경상회 건대본점,오로라 피치 하이볼,"7,900원",1
5,만경상회 건대본점,통영 굴보쌈 (10월~4월),"32,000원",1
6,만경상회 건대본점,통영 굴파전 (10월~4월),"21,000원",1
7,만경상회 건대본점,양념꼬막살,"16,000원",1
8,만경상회 건대본점,'간장 새우',"16,000원",1
9,만경상회 건대본점,신선 육회,"16,900원",1
10,만경상회 건대본점,생굴 한접시,"16,000원",1
11,만경상회 건대본점,'문어 초회',"21,000원",1
12,만경상회 건대본점,'참소라 숙회',"21,000원",1
13,만경상회 건대본점,꼬육회(꼬막+육회),"25,000원",1
14,만경상회 건대본점,'슈페리어 생(生)연어 사시미',"21,900원",1
15,만경상회 건대본점,강릉 두부보쌈김치,"25,000원",1
16,만경상회 건대본점,육회보쌈(육회+보쌈),"32,000원",1
17,만경상회 건대본점,꼬막보쌈,"32,000원",1
18,만경상회 건대본점,연어+육회,"35,000원",1
19,만경상회 건대본점,홍어삼합(홍어+보쌈수육+묵은지),"45,000원",1
20,만경상회 건대본점,'30cm 해물부추전',"16,900원",1
21,만경상회 건대본점,'30cm 해물파전',"18,900원",1
22,만경상회 건대본점,매운 국물 떡볶이,"14,000원",1
23,만경상회 건대본점,'모듬 어묵탕',"16,000원",1
24,만경상회 건대본점,'통오징어 짬뽕탕',"25,000원",1
25,만경상회 건대본점,'리얼 대게내장밥',"11,900원",1
26,만경상회 건대본점,'사케동(연어장) 덮밥',"9,900원",1
27,만경상회 건대본점,'추억의 옛날도시락',"5,900원",1
28,만경상회 건대본점,'한라토닉 세트',"12,900원",1
29,만경상회 건대본점,[NEW] 살얼음 생맥주,"4,900원",1
30,만경상회 건대본점,[무알콜] 오로라 피치하이볼,"6,900원",1
31,만경상회 건대본점,'무알콜 얼그레이 하이볼',"6,900원",1
32,만경상회 건대본점,'얼그레이 하이볼',"7,900원",1
33,만경상회 건대본점,'짐빔 하이볼',"6,900원",1
34,만경상회 건대본점,꿀빔 하이볼,"7,900원",1
35,만경상회 건대본점,참이슬,"5,000원",1
36,만경상회 건대본점,처음처럼,"5,000원",1
37,만경상회 건대본점,새로,"5,000원",1
38,만경상회 건대본점,진로,"5,000원",1
39,만경상회 건대본점,청하,"6,000원",1
40,만경상회 건대본점,한라산,"6,000원",1
41,만경상회 건대본점,카스 병맥주(500m),"6,000원",1
42,만경상회 건대본점,테라 병맥주(500ml),"6,000원",1
43,만경상회 건대본점,알밤막걸리 (700ml),"6,000원",1
44,만경상회 건대본점,장수막걸리 (700ml),"5,000원",1
45,만경상회 건대본점,펩시제로 (355ml),"2,500원",1
46,만경상회 건대본점,콜라 (355ml),"2,500원",1
47,만경상회 건대본점,사이다 (355ml),"2,500원",1
0,홍콩포차,"소주(모든소주,과일소주포함)","2,500원",1
1,홍콩포차,삼겹살,"4,500원",1
2,홍콩포차,"무한리필(삼겹살,목살,갈매기,된장찌개","9,900원",1
3,홍콩포차,제육볶음,"10,000원",1
4,홍콩포차,고등어구이,"10,000원",1
5,홍콩포차,치즈감자떡볶이,"10,000원",1
6,홍콩포차,집나간 골뱅이와 소면,"10,000원",1
7,홍콩포차,새우튀김,"10,000원",1
8,홍콩포차,먹태구이,"10,000원",1
9,홍콩포차,땡초마늘똥집,"10,000원",1
10,홍콩포차,동태탕,"12,000원",1
11,홍콩포차,닭도리탕,"12,000원",1
12,홍콩포차,김치찌개,"12,000원",1
13,홍콩포차,부대찌개,"12,000원",1
14,홍콩포차,알탕,"12,000원",1
15,홍콩포차,해물짬뽕탕,"12,000원",1
16,홍콩포차,골뱅이 홍합탕,"12,000원",1
17,홍콩포차,오뎅탕,"12,000원",1
18,홍콩포차,나가사끼 짬뽕탕,"12,000원",1
19,홍콩포차,조개탕,"12,000원",1
20,홍콩포차,새우 소금구이,"12,000원",1
21,홍콩포차,오삼불고기,"12,000원",1
22,홍콩포차,닭발,"12,000원",1
23,홍콩포차,오돌뼈,"12,000원",1
24,홍콩포차,스팸두부김치,"12,000원",1
25,홍콩포차,정통모듬소세지,"12,000원",1
26,홍콩포차,치킨가라아게,"12,000원",1
27,홍콩포차,케이준 치킨 샐러드,"12,000원",1
28,홍콩포차,계절과일,"12,000원",1
29,홍콩포차,화 채,"13,000원",1
30,홍콩포차,육회,"11,000원",1
31,홍콩포차,쥐포튀김,"5,000원",1
32,홍콩포차,황 도,"6,000원",1
33,홍콩포차,치즈나쵸,"7,000원",1
34,홍콩포차,치즈계란말이,"9,000원",1
35,홍콩포차,김치전,"59,000원",1
36,홍콩포차,오징어&땅콩,"7,000원",1
37,홍콩포차,음료,"1,000원",1
0,리파인 건대점,우대갈비,"42,000원",1
1,리파인 건대점,해물파전,"17,900원",1
2,리파인 건대점,감자전,"19,900원",1
3,리파인 건대점,크림수제비,"17,900원",1
4,리파인 건대점,수육,"24,000원",1
5,리파인 건대점,육회,"29,000원",1
6,리파인 건대점,비빔국수,"17,900원",1
7,리파인 건대점,들깨비빔파스타,"17,900원",1
8,리파인 건대점,오징어순대,"17,900원",1
9,리파인 건대점,누룽지아이스크림,"7,500원",1
10,리파인 건대점,두부김치,"7,500원",1
11,리파인 건대점,김퓨레명란밥,"12,900원",1
12,리파인 건대점,갈비덮밥,"11,900원",1
13,리파인 건대점,바지락술찜,"21,000원",1
14,리파인 건대점,우삼겹청양파스타,"17,900원",1
15,리파인 건대점,문어샐러드,"17,900원",1
16,리파인 건대점,피순대구이,"17,900원",1
0,재즈레스토랑,골뱅이,"14,000원",1
1,재즈레스토랑,알탕,"13,000원",1
0,시선,시선 모듬사시미,"35,900원",1
1,시선,소고기스끼야끼(소유),"19,900원",1
2,시선,한우육회&육사시미,"25,900원",1
3,시선,시선모듬꼬치,"18,900원",1
4,시선,한우육회 & 연어,"23,900원",1
5,시선,단새우&우니,"38,900원",1
6,시선,접시스끼야끼,"9,900원",1
7,시선,소고기한우대창나베(소유),"18,900원",1
8,시선,메로구이,"23,900원",1
9,시선,시메사바(고등어초절임),"13,900원",1
0,해일로,한우타르타르,"28,000원",1
1,해일로,육개장파스타,"18,000원",1
2,해일로,코티지파이,"15,000원",1
3,해일로,화요일밤에,"9,000원",1
4,해일로,덕파육,"29,000원",1
5,해일로,한우 육사시미,"22,000원",1
6,해일로,어묵냄비전골,"20,000원",1
7,해일로,메밀국수와 제철해산물,"18,000원",1
8,해일로,청어알 비빔국수,"18,000원",1
9,해일로,산나물 전과 초장,"18,000원",1
10,해일로,볼락 무조림,"17,000원",1
11,해일로,준제이 낫또찌개,"16,000원",1
12,해일로,청어알두부쌈,"16,000원",1
13,해일로,우육면,"15,000원",1
14,해일로,간장버터알곤이,"15,000원",1
15,해일로,계란사라다,"14,000원",1
16,해일로,고등어덮밥,"10,000원",1
17,해일로,닭껍질교자,"9,000원",1
18,해일로,고구마프라이즈 와 동치미 타르타르소스,"9,000원",1
19,해일로,한라토닉세트,"10,000원",1
20,해일로,한라산오색약수터,"9,000원",1
21,해일로,핸드릭스 오이토닉,"10,000원",1
0,화양슈퍼,노점쌀떡볶이,"3,000원",1
1,화양슈퍼,꼬치오뎅,"5,000원",1
2,화양슈퍼,감자튀김,"4,000원",1
3,화양슈퍼,마른오징어,"9,000원",1
4,화양슈퍼,줄노가리,"7,000원",1
0,후타리 본,제주도 직송 딱새우회,"35,000원",1
1,후타리 본,후타리 오늘의 사시미,"31,000원",1
2,후타리 본,한우 스끼야끼,"29,000원",1
3,후타리 본,규탄탄나베,"25,000원",1
4,후타리 본,고추 유린기,"18,000원",1
5,후타리 본,치킨 가라아게,"18,000원",1
6,후타리 본,메로구이,"26,000원",1
7,후타리 본,미소 항정구이,"17,000원",1
8,후타리 본,한우 육회,"22,000원",1
9,후타리 본,후토마끼,"16,000원",1
10,후타리 본,사시미 모리아와세,"52,000원",1
11,후타리 본,연어샐러드,"17,000원",1
12,후타리 본,미소 모츠나베,"26,000원",1
13,후타리 본,아까지고쿠나베,"23,000원",1
14,후타리 본,관동식 오뎅나베,"19,000원",1
15,후타리 본,치킨 난반가라아게,"18,000원",1
16,후타리 본,표고버섯 완자튀김,"16,000원",1
17,후타리 본,New) 관자튀김,"14,000원",1
18,후타리 본,허니버터 고구마스틱,"10,000원",1
19,후타리 본,통삼치구이,"18,000원",1
20,후타리 본,시사모 구이,"12,000원",1
21,후타리 본,우삼겹 떡볶이,"18,000원",1
22,후타리 본,New) 토마토 해장 파스타,"18,000원",1
23,후타리 본,New) 매콤 크림 파스타,"16,000원",1
24,후타리 본,제철 조개 술찜,"14,000원",1
25,후타리 본,마스카포네 치즈곶감,"10,000원",1
26,후타리 본,타코와사비,"10,000원",1
27,후타리 본,옥수수콘,"9,000원",1
28,후타리 본,니꾸 우동,"10,000원",1
29,후타리 본,하이볼,"8,000원",1
0,질서정연,크림누룽지그라탕,"12,900원",1
1,질서정연,바삭오징어튀김(6pic),"9,900원",1
2,질서정연,라자냐,"12,900원",1
3,질서정연,감자튀김,"9,000원",1
4,질서정연,어묵뚝배기,"8,000원",1
5,질서정연,물만두탕,"8,000원",1
6,질서정연,참치마요 카나페,"9,000원",1
7,질서정연,나쵸&토마토 소스,"9,000원",1
8,질서정연,콥 샐러드,"11,900원",1
9,질서정연,통삼겹 스테이크,"15,900원",1
10,질서정연,샥슈카,"11,900원",1
11,질서정연,까수엘라,"11,900원",1
12,질서정연,돼지김치탕,"12,900원",1
13,질서정연,국물떡볶이,"9,900원",1
14,질서정연,과일,"13,900원",1
15,질서정연,"파스타(크림,로제,토마토)","9,000원",1
16,질서정연,떡튀김,"8,000원",1
17,질서정연,라면땅,"8,000원",1
18,질서정연,숙주라면,"7,000원",1
19,질서정연,간장계란밥,"4,000원",1
0,후토,시그니처세트(모듬사시미와 6종꼬치),"48,000원",1
1,후토,모듬 6종꼬치,"18,000원",1
2,후토,모듬사시미,"35,000원",1
3,후토,통오징어해물짬뽕 (생면포함),"19,000원",1
4,후토,"단품 사시미 (광어, 도미, 연어)",22000~24000,1
5,후토,돌문어숙회,"22,000원",1
6,후토,나가사키짬뽕 (생면포함),"19,000원",1
7,후토,돈코츠어묵탕(돈골),"17,000원",1
8,후토,간사이어묵탕(간장),"17,000원",1
9,후토,해물누룽지탕,"19,000원",1
10,후토,명란크림우동,"17,000원",1
11,후토,우삼겹숙주볶음,"16,000원",1
12,후토,살치살타다키,"19,000원",1
13,후토,혼마구로타다키,"22,000원",1
14,후토,명란계란말이,"16,000원",1
15,후토,치즈계란말이,"16,000원",1
16,후토,해물볶음우동,"17,000원",1
17,후토,치킨가라아게,"16,000원",1
18,후토,깐풍기,"17,000원",1
19,후토,애비마요,"17,000원",1
20,후토,유린기,"17,000원",1
21,후토,오징어튀김,"15,000원",1
22,후토,5종 고로케,"12,000원",1
23,후토,굴튀김,"13,000원",1
24,후토,메로소금/데리 숯불구이,"22,000원",1
25,후토,연어샐러드,"18,000원",1
26,후토,차돌박이샐러드,"17,000원",1
27,후토,타코와사비,"10,000원",1
28,후토,아보카도명란숯불구이,"15,000원",1
29,후토,간단 식사 메뉴 8종 (규동 외),9000~10000,1
0,진맥,동죽 술찜,"15,000원",1
1,진맥,깨기름 육회 파스타,"15,000원",1
2,진맥,진맥 시그니쳐 파스타,"14,000원",1
3,진맥,헝가리안 비프 굴라쉬,"16,000원",1
4,진맥,감바스 알 아히요,"16,000원",1
5,진맥,진맥 떡볶이,"13,000원",1
6,진맥,페퍼로니 맥 앤 치즈,"14,000원",1
7,진맥,에그 인 헬,"13,000원",1
8,진맥,"치즈&견과류,크래커","15,000원",1
9,진맥,청어알 오일 파스타,"14,000원",1
10,진맥,트러플 프라이즈,"9,500원",1
11,진맥,김부각 샤베트,"9,000원",1
0,토리광,모듬꼬치 6종,"19,000원",1
1,토리광,살치살규타다끼,"22,000원",1
2,토리광,차돌해물짬뽕나베,"22,000원",1
3,토리광,세세리탕수육,"18,000원",1
0,바스타,치즈플레터,"18,900원",1
1,바스타,퀘사디아,"14,900원",1
2,바스타,마약옥수수,"10,900원",1
3,바스타,감자튀김,"8,000원",1
4,바스타,칵테일,7000~9000,1
5,바스타,위스키샷,5000~10000,1
6,바스타,세계맥주,5000~9000,1
7,바스타,와인,35000~69000,1
8,바스타,먹태구이,"14,900원",1
9,바스타,소세지구이,"15,900원",1
10,바스타,기본안주,0원,1
0,맥주꾼,리얼양념치킨,"8,000원",1
1,맥주꾼,뿌링클치킨,"8,000원",1
2,맥주꾼,핫깻잎치킨,"8,000원",1
3,맥주꾼,허니간장치킨,"8,000원",1
0,금복주류 건대점,골목해물파전,"15,000원",1
1,금복주류 건대점,차돌순두부짬뽕탕,"19,000원",1
2,금복주류 건대점,육전,"16,000원",1
3,금복주류 건대점,살얼음막걸리 500 미리,"5,000원",1
4,금복주류 건대점,보쌈메밀막국수,"16,000원",1
5,금복주류 건대점,모듬튀깅차돌떡볶이,"15,000원",1
6,금복주류 건대점,화요하이볼,"5,000원",1
7,금복주류 건대점,가브리마늘보쌈,"20,000원",1
8,금복주류 건대점,삼겹숙주볶음,"15,000원",1
9,금복주류 건대점,복딸기우유화채,"15,000원",1
10,금복주류 건대점,오돌뼈주먹밥,"18,000원",1
11,금복주류 건대점,치즈불닭볶음&주먹밥,"19,000원",1
0,코후쿠,밀푀유나베,"25,500원",1
1,코후쿠,모츠나베,"25,500원",1
2,코후쿠,문어초회,"23,000원",1
3,코후쿠,딸기 사와,"8,000원",1
4,코후쿠,오렌지 사와,"8,000원",1
5,코후쿠,자몽 사와,"8,000원",1
6,코후쿠,레몬 사와,"8,000원",1
7,코후쿠,포도 사와,"8,000원",1
8,코후쿠,진저에일,"3,000원",1
9,코후쿠,토닉워터,"3,000원",1
10,코후쿠,홍차토닉워터,"3,000원",1
11,코후쿠,콜라,"2,500원",1
12,코후쿠,사이다,"2,500원",1
13,코후쿠,"히라메 고노와다(광어,해삼,내장젓갈)","26,000원",1
14,코후쿠,포도봉봉,"2,500원",1
15,코후쿠,잔술,"8,000원",1
16,코후쿠,도쿠리,"14,000원",1
17,코후쿠,히야또(찬사케병),"25,000원",1
18,코후쿠,나마죠조,"15,000원",1
19,코후쿠,준마이750,"35,000원",1
20,코후쿠,오니고로시,"35,000원",1
21,코후쿠,간바레오또상,"35,000원",1
22,코후쿠,하나야구 준마이(와인효모사케),"40,000원",1
23,코후쿠,준마이다이긴죠,"75,000원",1
24,코후쿠,꽃새우(아마애비) 20pcs,"38,500원",1
25,코후쿠,쿠보타센쥬,"90,000원",1
26,코후쿠,온나나카세 준마이다이긴죠,"110,000원",1
27,코후쿠,쿠보타 만쥬,"230,000원",1
28,코후쿠,보리소주(이이찌꼬 실루엣),"80,000원",1
29,코후쿠,고구마소주(비잔클리어),"60,000원",1
30,코후쿠,소고기 타다끼,"27,000원",1
31,코후쿠,참치타다끼,"28,000원",1
32,코후쿠,토마토 찹스테이크,"26,000원",1
33,코후쿠,감자칩 마도닭튀김,"24,000원",1
34,코후쿠,차슈 부추무침,"24,000원",1
35,코후쿠,나가사끼짬뽕,"25,000원",1
36,코후쿠,해물짬뽕,"25,000원",1
37,코후쿠,한우호르몬소고기철판야끼,"33,500원",1
38,코후쿠,요세나베,"26,000원",1
39,코후쿠,오뎅탕,"19,000원",1
40,코후쿠,누룽지탕,"25,500원",1
41,코후쿠,치킨가라아게,"21,000원",1
42,코후쿠,닭껍질 가라아게,"19,000원",1
43,코후쿠,새우튀김 10pcs,"18,000원",1
44,코후쿠,오징어튀김,"18,000원",1
45,코후쿠,고로케,"17,000원",1
46,코후쿠,아게다시도후,"17,000원",1
47,코후쿠,소고기숙주볶음,"23,000원",1
48,코후쿠,유린기,"24,000원",1
49,코후쿠,키조개 관자 버섯 볶음,"24,500원",1
50,코후쿠,해물 야끼우동,"24,500원",1
51,코후쿠,까르보나라 크림우동,"24,000원",1
52,코후쿠,시샤모 구이 10pcs,"16,000원",1
53,코후쿠,메로구이,"25,000원",1
54,코후쿠,도미머리구이,"18,000원",1
55,코후쿠,연어머리구이,"19,000원",1
56,코후쿠,오코노미야끼,"23,000원",1
57,코후쿠,연어샐러드,"23,000원",1
58,코후쿠,골뱅이샐러드,"23,000원",1
59,코후쿠,모든초밥,"19,000원",1
60,코후쿠,두부샐러드,"18,000원",1
61,코후쿠,스파이시치킨샐러드,"22,000원",1
62,코후쿠,토마토수제요거트 치즈샐러드,"20,000원",1
63,코후쿠,새우초밥 10pcs,"15,000원",1
64,코후쿠,갑오징어초밥 10pcs,"16,000원",1
65,코후쿠,시로미초밥 10pcs,"19,000원",1
66,코후쿠,참치초밥 10pcs,"24,000원",1
67,코후쿠,연어초밥 10pcs,"18,000원",1
68,코후쿠,장어초밥 5pcs,"10,000원",1
69,코후쿠,아나고동,"14,000원",1
70,코후쿠,모듬사시미,"27,000원",1
71,코후쿠,사케동(연어덮밥),"15,500원",1
72,코후쿠,카이센동,"16,500원",1
73,코후쿠,한우 호르몬동(대창덮밥),"15,500원",1
74,코후쿠,차슈동,"13,500원",1
75,코후쿠,소고기덮밥,"13,500원",1
76,코후쿠,오니기리 3pcs,"8,000원",1
77,코후쿠,젤라또모찌아이스크림,"10,000원",1
78,코후쿠,모찌리도후,"9,000원",1
79,코후쿠,낫또,"5,000원",1
80,코후쿠,쯔꾸네 3pcs,"13,000원",1
81,코후쿠,연어사시미 18pcs,"28,000원",1
82,코후쿠,소라와사비,"9,500원",1
83,코후쿠,타코와사비,"9,000원",1
84,코후쿠,반건조오징어,"14,000원",1
85,코후쿠,명란구이,"15,500원",1
86,코후쿠,사리추가,"2,500원",1
87,코후쿠,레몬,"2,000원",1
88,코후쿠,공기밥,"2,000원",1
89,코후쿠,코스(1인),"45,000원",1
90,코후쿠,일품진로(명품소주),"35,000원",1
91,코후쿠,화요25(명품소주),"30,000원",1
92,코후쿠,명이나물사시미,"25,000원",1
93,코후쿠,산토리가꾸빈 하이볼,"10,000원",1
94,코후쿠,짐빔 하이볼,"10,000원",1
95,코후쿠,봄베이 하이볼,"10,000원",1
96,코후쿠,듀어스 하이볼,"10,000원",1
97,코후쿠,유자 하이볼,"11,000원",1
98,코후쿠,콜라 하이볼,"11,000원",1
99,코후쿠,얼그레이 하이볼,"11,000원",1
100,코후쿠,복숭아 하이볼,"12,000원",1
101,코후쿠,딸기 하이볼,"12,000원",1
102,코후쿠,오렌지 하이볼,"12,000원",1
103,코후쿠,명란젓갈사시미,"25,000원",1
104,코후쿠,자몽 하이볼,"12,000원",1
105,코후쿠,레몬 하이볼,"12,000원",1
106,코후쿠,포도 하이볼,"12,000원",1
107,코후쿠,진로,"5,000원",1
108,코후쿠,참이슬,"5,000원",1
109,코후쿠,처음처럼,"5,000원",1
110,코후쿠,깔라만시소주,"5,000원",1
111,코후쿠,자몽에이슬,"5,000원",1
112,코후쿠,청하,"7,000원",1
113,코후쿠,별빛청하,"7,000원",1
114,코후쿠,시메사바(고등어초회),"24,000원",1
115,코후쿠,매화수,"5,000원",1
116,코후쿠,한라산,"7,000원",1
117,코후쿠,산토리위스키,"120,000원",1
118,코후쿠,카스,"5,500원",1
119,코후쿠,한맥,"5,500원",1
120,코후쿠,테라,"5,500원",1
121,코후쿠,클라우드,"5,500원",1
122,코후쿠,기린생맥주,"9,000원",1
123,코후쿠,크림생맥주,"4,500원",1
124,코후쿠,복숭아 사와,"8,000원",1
0,새마을포차,안주,"3,900원",1
0,하이바 건대점,(NEW) 애플 하이볼,"9,000원",1
1,하이바 건대점,자허블 사와 하이볼,"8,000원",1
2,하이바 건대점,(NEW) 시나몬 맥주 하이볼,"8,000원",1
3,하이바 건대점,산토리 가쿠빈 하이볼,"9,000원",1
4,하이바 건대점,살얼음하이볼,"7,000원",1
5,하이바 건대점,점보 하이볼 1L,"13,000원",1
6,하이바 건대점,연어 사시미 & 호소마키,"15,000원",1
7,하이바 건대점,닭껍질 튀김,"7,000원",1
8,하이바 건대점,짐빔 하이볼,"8,000원",1
9,하이바 건대점,허니 하이볼,"8,000원",1
10,하이바 건대점,쿨라임 하이볼,"8,000원",1
11,하이바 건대점,블랙티레몬 하이볼,"8,000원",1
12,하이바 건대점,시나몬 하이볼,"8,000원",1
13,하이바 건대점,히비스커스 하이볼,"8,000원",1
14,하이바 건대점,우메 하이볼,"8,000원",1
15,하이바 건대점,육회 타파스,"12,000원",1
16,하이바 건대점,콘소메 치킨,"9,000원",1
17,하이바 건대점,크림치즈 곶감말이,"7,000원",1
18,하이바 건대점,문어소세지 & 감튀,"6,000원",1
19,하이바 건대점,옥수수 아이스크림,"5,000원",1
20,하이바 건대점,숙주 우삼겹 볶음,"8,500원",1
21,하이바 건대점,나폴리탄 파스타,"8,000원",1
22,하이바 건대점,바질 크림 토마토,"7,500원",1
23,하이바 건대점,떡볶이,"7,000원",1
24,하이바 건대점,브라운치즈멜론,"6,500원",1
25,하이바 건대점,브라운치즈 파인애플,"6,500원",1
26,하이바 건대점,타코야끼,"6,500원",1
27,하이바 건대점,감자 사라다,"6,000원",1
28,하이바 건대점,오뎅탕,"9,000원",1
29,하이바 건대점,오이절임,"3,000원",1
30,하이바 건대점,잭 콕,"9,000원",1
31,하이바 건대점,수이진 하이볼,"9,000원",1
32,하이바 건대점,메이커스 마크 하이볼,"13,000원",1
33,하이바 건대점,후라노 멜론 하이볼,"13,000원",1
34,하이바 건대점,오켄토션 하이볼,"13,000원",1
35,하이바 건대점,치타 하이볼,"15,000원",1
36,하이바 건대점,유즈노 사케 하이볼,"15,000원",1
0,조선주막,치즈불고기김치전,"16,000원",1
1,조선주막,숯불 불고기 돼지,"19,000원",1
2,조선주막,숯불 소불고기,"20,000원",1
3,조선주막,숯불 고추장 돼지,"19,000원",1
4,조선주막,숯불 오삼불고기,"20,000원",1
5,조선주막,치즈김치해물전,"16,000원",1
6,조선주막,치즈김치불고기전,"16,000원",1
7,조선주막,땡초부추전,"13,000원",1
8,조선주막,해물김치전,"14,000원",1
9,조선주막,김치전,"11,000원",1
10,조선주막,육전,"15,000원",1
11,조선주막,해물파전,"15,000원",1
12,조선주막,통오징어해물짬뽕탕,"18,000원",1
13,조선주막,불고기통오징어전골,"20,000원",1
14,조선주막,통돼지/참치 김치찌개,"15,000원",1
15,조선주막,홍합오뎅탕,"14,000원",1
16,조선주막,조선닭치즈,"19,000원",1
17,조선주막,조선떡갈비,"13,000원",1
18,조선주막,족뱅이 쫄면,"18,000원",1
19,조선주막,철판 통오징어 삼합,"17,000원",1
20,조선주막,치즈불닭발(무뼈),"18,000원",1
21,조선주막,닭날개+감자ㅜ티김,"16,000원",1
22,조선주막,먹태,"16,000원",1
23,조선주막,오뱅이쫄면,"18,000원",1
24,조선주막,철판두부김치삼합,"15,000원",1
25,조선주막,김치삼겹찜,"15,000원",1
26,조선주막,야끼소스똥집,"14,000원",1
27,조선주막,주먹밥,"5,000원",1
28,조선주막,치즈떡볶이,"10,000원",1
0,김창훈포차,월간 김창훈,,1
1,김창훈포차,곱도리탕,"26,000원",1
2,김창훈포차,바삭 치즈 감자전,"17,000원",1
3,김창훈포차,닭발튀김,"17,000원",1
4,김창훈포차,낙곱새,"36,000원",1
5,김창훈포차,순두부치즈그라탕,"17,000원",1
6,김창훈포차,우삼겹 즉석 떡볶이,"15,000원",1
7,김창훈포차,오돌뼈 & 주먹밥,"15,000원",1
8,김창훈포차,먹태,"15,000원",1
0,언리미티드,칵테일무제한,"15,000원",1
1,언리미티드,칵테일 단품,4000~10000,1
2,언리미티드,치즈나쵸,"9,000원",1
3,언리미티드,감자튀김,"10,000원",1
4,언리미티드,황도,"8,000원",1
5,언리미티드,너겟&감자튀김,"12,000원",1
6,언리미티드,윙&감자튀김,"14,000원",1
7,언리미티드,모듬소세지,"15,000원",1
8,언리미티드,모듬튀김,"18,000원",1
9,언리미티드,바틀,"79,000원",1
10,언리미티드,위스키,"80,000원",1
0,이찌방이야기 본점,쫄면순두부,"11,900원",1
1,이찌방이야기 본점,혜자바지락탕,"10,900원",1
2,이찌방이야기 본점,살치살타다끼,"11,900원",1
3,이찌방이야기 본점,돈까스치즈떡볶이,"11,900원",1
4,이찌방이야기 본점,닭고기토마토나베,"11,900원",1
5,이찌방이야기 본점,깻잎쌈 닭꼬치,"6,500원",1
6,이찌방이야기 본점,데리마요 닭꼬치,"6,500원",1
7,이찌방이야기 본점,나가사끼짬뽕,"10,900원",1
8,이찌방이야기 본점,청양마요치킨,"11,900원",1
9,이찌방이야기 본점,소고기버섯전골,"11,900원",1
10,이찌방이야기 본점,매콤닭껍질튀김,"9,900원",1
11,이찌방이야기 본점,철판치즈김치볶음밥,"9,900원",1
12,이찌방이야기 본점,달콤토마토,"5,900원",1
13,이찌방이야기 본점,핵불닭꼬치,"6,500원",1
14,이찌방이야기 본점,치즈킹 닭꼬치,"6,500원",1
15,이찌방이야기 본점,우삼겹라면투움바,"8,900원",1
16,이찌방이야기 본점,아이스파인샤베트,"6,900원",1
17,이찌방이야기 본점,얼큰해물짬뽕탕,"10,900원",1
18,이찌방이야기 본점,고르곤졸라피자,"10,900원",1
19,이찌방이야기 본점,페퍼로니피자,"11,900원",1
20,이찌방이야기 본점,해장라면,"6,000원",1
21,이찌방이야기 본점,이찌방오뎅탕,"10,900원",1
22,이찌방이야기 본점,타코야키,"6,500원",1
23,이찌방이야기 본점,소고기나베,"11,900원",1
24,이찌방이야기 본점,아이스황도,"6,500원",1
25,이찌방이야기 본점,우삼겹숙주볶음,"11,900원",1
26,이찌방이야기 본점,은행꼬치,"4,500원",1
27,이찌방이야기 본점,갈릭마요버터새우,"10,900원",1
28,이찌방이야기 본점,오꼬노미야끼,"8,500원",1
29,이찌방이야기 본점,우삼겹로제파스타,"10,900원",1
30,이찌방이야기 본점,철판콘치즈,"6,000원",1
31,이찌방이야기 본점,우삼겹볶음우동,"10,900원",1
32,이찌방이야기 본점,케이준샐러드,"8,900원",1
33,이찌방이야기 본점,마늘똥집볶집,"8,900원",1
34,이찌방이야기 본점,뿌링클소떡소떡,"5,900원",1
35,이찌방이야기 본점,마늘칠리새우,"11,900원",1
36,이찌방이야기 본점,치킨가라아게,"11,900원",1
37,이찌방이야기 본점,튀김듬뿍떡볶이,"10,900원",1
38,이찌방이야기 본점,매콤골뱅이소면,"10,900원",1
39,이찌방이야기 본점,버팔로윙,"11,900원",1
40,이찌방이야기 본점,치즈오돌뼈볶음,"10,900원",1
41,이찌방이야기 본점,바삭바삭쥐포튀김,"3,900원",1
42,이찌방이야기 본점,오징어땅콩,"11,900원",1
43,이찌방이야기 본점,똥집가라아게,"6,900원",1
44,이찌방이야기 본점,케이준감자튀김,"6,000원",1
45,이찌방이야기 본점,날치알타코와사비,"5,900원",1
46,이찌방이야기 본점,투XX김치우동,"8,900원",1
47,이찌방이야기 본점,뿌링클감자튀김,"6,500원",1
48,이찌방이야기 본점,날치알주먹밥,"4,500원",1
49,이찌방이야기 본점,칼칼번데기탕,"4,900원",1
50,이찌방이야기 본점,모듬튀김,"5,900원",1
51,이찌방이야기 본점,바삭치즈스틱,"4,500원",1
0,사이사,오늘에꼬치 10pcs,"18,000원",1
1,사이사,오늘에튀김 10pcs,"18,000원",1
2,사이사,육전,"16,000원",1
3,사이사,오뎅탕,"13,000원",1
4,사이사,해물순두부라면,"8,000원",1
5,사이사,명란오이,"9,900원",1
6,사이사,닭껍질모레튀김,"8,900원",1
7,사이사,버팔로윙,"8,900원",1
8,사이사,오코노미야끼,"8,900원",1
9,사이사,타코야끼,"6,900원",1
10,사이사,갈릭포터이토,"6,900원",1
11,사이사,모찌리도후,"6,900원",1
12,사이사,기린생맥주,"5,000원",1
13,사이사,산토리하이볼,"6,000원",1
14,사이사,피치트리,"6,000원",1
15,사이사,짐빌하이볼,"6,000원",1
16,사이사,봄베이하이볼,"6,000원",1
17,사이사,바카디모히또,"6,000원",1
0,잔실내포차 건대점,궁중갈비찜,"35,000원",1
1,잔실내포차 건대점,매운갈비찜,"35,000원",1
2,잔실내포차 건대점,닭도리탕,"25,000원",1
3,잔실내포차 건대점,훈제바베큐삼겹,"15,000원",1
4,잔실내포차 건대점,칠리새우볶음,"18,000원",1
5,잔실내포차 건대점,치즈해물떡볶이,"15,000원",1
6,잔실내포차 건대점,양푼김치탕(2~3인),"17,000원",1
7,잔실내포차 건대점,날치알 계란말이,"13,000원",1
8,잔실내포차 건대점,해물누룽지탕,"20,000원",1
9,잔실내포차 건대점,모듬오뎅탕,"12,000원",1
10,잔실내포차 건대점,양푼김치탕(4인이상),"25,000원",1
11,잔실내포차 건대점,고등어구이,"12,000원",1
12,잔실내포차 건대점,삼치구이,"14,000원",1
13,잔실내포차 건대점,이면수구이,"14,000원",1
14,잔실내포차 건대점,해물수제비짬뽕탕,"18,000원",1
15,잔실내포차 건대점,알탕,"15,000원",1
16,잔실내포차 건대점,묵사발,"10,000원",1
17,잔실내포차 건대점,도토리묵,"15,000원",1
18,잔실내포차 건대점,골뱅이무침,"18,000원",1
19,잔실내포차 건대점,새우튀김,"18,000원",1
20,잔실내포차 건대점,두부김치쌈,"15,000원",1
21,잔실내포차 건대점,고추장불고기,"15,000원",1
22,잔실내포차 건대점,떡갈비,"10,000원",1
23,잔실내포차 건대점,닭똥집,"12,000원",1
24,잔실내포차 건대점,오돌뼈,"13,000원",1
0,셰프노리,1인분떡볶이,"4,000원",1
1,셰프노리,2인분떡볶이,"7,000원",1
2,셰프노리,우동사리,"2,000원",1
3,셰프노리,라면사리,"1,000원",1
4,셰프노리,야바 이치방,"42,000원",1
5,셰프노리,송죽매 교토 준마이,"40,000원",1
6,셰프노리,월계관 준마이,"35,000원",1
7,셰프노리,쇼치쿠바이 타쿠죠,"30,000원",1
8,셰프노리,스바루 나마죠조,"35,000원",1
9,셰프노리,간바레오또상,"35,000원",1
10,셰프노리,사쿠라로망,"22,000원",1
11,셰프노리,센노유메 (250ml도쿠리),"7,000원",1
12,셰프노리,등심돈까스,"4,000원",1
13,셰프노리,하나야구 준마이 (250ml도쿠리),"7,500원",1
14,셰프노리,송죽매준마이 (250ml도쿠리),"8,000원",1
15,셰프노리,봄베이사파이어하이볼,"8,000원",1
16,셰프노리,파이어볼 시나몬 하이볼,"8,000원",1
17,셰프노리,수제귤청하이볼,"8,000원",1
18,셰프노리,레몬 하이볼,"7,000원",1
19,셰프노리,얼그레이 하이볼,"7,000원",1
20,셰프노리,화요25,"25,000원",1
21,셰프노리,아사히 수퍼드라이 (640ml),"8,000원",1
22,셰프노리,별빛청하,"6,000원",1
23,셰프노리,대패삼겹살(120g),"5,000원",1
24,셰프노리,주류 콜키지,"15,000원",1
25,셰프노리,참이슬후레쉬,"5,000원",1
26,셰프노리,처음처럼,"5,000원",1
27,셰프노리,진로이즈백,"5,000원",1
28,셰프노리,새로,"5,000원",1
29,셰프노리,카스,"5,500원",1
30,셰프노리,테라,"5,500원",1
31,셰프노리,켈리,"5,500원",1
32,셰프노리,코카콜라(355ml),"2,000원",1
33,셰프노리,스프라이트(355ml),"2,000원",1
34,셰프노리,통꽃게(한마리),"4,000원",1
35,셰프노리,펩시제로콜라,"2,000원",1
36,셰프노리,토닉워터(300ml),"2,000원",1
37,셰프노리,나가사키우동,"8,000원",1
38,셰프노리,꽃게라면,"7,000원",1
39,셰프노리,멍게고노와다 오니기리,"6,500원",1
40,셰프노리,후리카케 오니기리,"3,000원",1
41,셰프노리,관동식 스키야키,"25,000원",1
42,셰프노리,스페셜떡볶음탕(3~4인),"33,000원",1
43,셰프노리,스페셜떡볶음탕(2인),"25,000원",1
44,셰프노리,나가사키 우삼겹 전골,"22,000원",1
45,셰프노리,김말이튀김(2개),"1,500원",1
46,셰프노리,얼큰토마토전골,"22,000원",1
47,셰프노리,꽃도리 떡볶이전골,"22,000원",1
48,셰프노리,수제대파닭꼬치(5개),"14,000원",1
49,셰프노리,대패삼겹살 숙주볶음,"14,000원",1
50,셰프노리,닭다리살간장구이,"10,000원",1
51,셰프노리,베이컨 야끼소바,"12,000원",1
52,셰프노리,타마고야끼(일본식계란말이),"12,000원",1
53,셰프노리,멍게고노와다,"8,500원",1
54,셰프노리,일본식가지튀김,"7,000원",1
55,셰프노리,대파타코야끼,"7,000원",1
56,셰프노리,고소한야끼만두(2개),"1,500원",1
57,셰프노리,에비마요(크림새우튀김)-8마리,"18,000원",1
58,셰프노리,모둠감자튀김,"12,000원",1
59,셰프노리,치킨가라아게샐러드,"10,000원",1
60,셰프노리,왕새우튀김(3마리),"7,000원",1
61,셰프노리,알새우칩튀김,"3,000원",1
62,셰프노리,미니핫도그(4개),"2,500원",1
63,셰프노리,왕새우튀김(한마리),"2,000원",1
64,셰프노리,치킨가라아게(100g),"4,000원",1
0,도키도키,제주 딱새우사시미,"36,000원",1
1,도키도키,해물누룽지나베,"21,000원",1
2,도키도키,해물치즈떡볶이,"19,000원",1
3,도키도키,크림치즈곶감말이,"12,000원",1
4,도키도키,모듬튀김,"24,000원",1
5,도키도키,간사이오뎅나베,"19,000원",1
6,도키도키,명란구이,"20,000원",1
7,도키도키,소고기타다키,"21,000원",1
8,도키도키,창코나베,"23,000원",1
9,도키도키,매운해물볶음면,"20,000원",1
10,도키도키,보리새우튀김,"11,000원",1
11,도키도키,반건조오징어,"11,000원",1
12,도키도키,모찌리도후,"9,000원",1
13,도키도키,연어 가마구이,"17,000원",1
14,도키도키,돈카츠 크림우동,"21,000원",1
15,도키도키,시샤모구이,"17,000원",1
16,도키도키,로제 해물치즈떡볶이,"19,000원",1
17,도키도키,달달한 반통멜론,"20,000원",1
18,도키도키,모츠나베,"25,000원",1
19,도키도키,먹태,"19,000원",1
20,도키도키,메로소금구이,"25,000원",1
21,도키도키,연어 사시미,"28,000원",1
22,도키도키,나가사끼 짬뽕나베,"22,000원",1
0,몽움,몽움 세트메뉴,"37,000원",1
1,몽움,한우 육사시미,"19,000원",1
2,몽움,육회 타르타르,"17,000원",1
3,몽움,몽움 라구파스타,"14,000원",1
4,몽움,한우 육회,"16,000원",1
5,몽움,육회 비빔면,"13,000원",1
6,몽움,트러플 크림파스타,"14,000원",1
7,몽움,해물짬뽕 크림파스타,"15,000원",1
8,몽움,항정살 구이,"14,000원",1
9,몽움,감바스,"16,000원",1
10,몽움,한우 로제 그타랑,"13,000원",1
11,몽움,된장 스지전골,"17,000원",1
12,몽움,바지락 술찜,"14,000원",1
13,몽움,피자감자전,"14,000원",1
14,몽움,만두 계란탕,"10,000원",1
15,몽움,한우라면,"6,000원",1
16,몽움,크림치즈 & 크래커,"6,000원",1
0,제주바다 건대점,딱새우 사시미,"32,000원",1
1,제주바다 건대점,돔베모듬(수육보쌈&문어),"20,000원",1
2,제주바다 건대점,한라산 마라전골,"15,000원",1
3,제주바다 건대점,제주탑해장전골,"19,000원",1
4,제주바다 건대점,돔베고기(보쌈수육),"20,000원",1
5,제주바다 건대점,흑돼지 쭈꾸미 철판,"21,000원",1
6,제주바다 건대점,도세기삼겹철판구이,"19,000원",1
7,제주바다 건대점,오징어튀김,"8,000원",1
8,제주바다 건대점,해물로제 파스탕,"19,000원",1
9,제주바다 건대점,대패말이 흑돼지 김치찌개,"19,000원",1
10,제주바다 건대점,딸기탕후루하이볼,"7,000원",1
11,제주바다 건대점,흑당하이볼,"6,000원",1
12,제주바다 건대점,블랙티레몬하이볼,"6,000원",1
13,제주바다 건대점,통통쏘야,"17,000원",1
14,제주바다 건대점,통꽃게탕,"16,000원",1
15,제주바다 건대점,제주봉골레술찜,"16,000원",1
16,제주바다 건대점,나쵸플래터,"10,000원",1
17,제주바다 건대점,요구루트샤베트,"8,000원",1
18,제주바다 건대점,제주샤브전골,"20,000원",1
19,제주바다 건대점,흑돼지두부김치,"18,000원",1
20,제주바다 건대점,티나 하이볼,"5,500원",1
21,제주바다 건대점,감귤 논알콜 하이볼,"5,500원",1
22,제주바다 건대점,감귤 하이볼,"5,500원",1
23,제주바다 건대점,맥엔치즈&바게트,"10,000원",1
24,제주바다 건대점,훈제오리부추무침,"14,000원",1
25,제주바다 건대점,무지개과일빙수,"18,000원",1
26,제주바다 건대점,군만두비빔쫄면,"10,000원",1
27,제주바다 건대점,라벨 5 하이볼,"5,500원",1
28,제주바다 건대점,숯불무뼈닭발,"18,000원",1
29,제주바다 건대점,문어초회,"15,000원",1
30,제주바다 건대점,해물파전,"14,000원",1
31,제주바다 건대점,돔베고기 김치전,"13,000원",1
32,제주바다 건대점,유부오뎅전골,"18,000원",1
33,제주바다 건대점,고니알탕,"20,000원",1
34,제주바다 건대점,제주수육전골,"20,000원",1
35,제주바다 건대점,백합조개탕&칼국수,"16,000원",1
36,제주바다 건대점,통오징어 해물 짬뽕탕,"19,000원",1
37,제주바다 건대점,통오징어 나가사키짬뽕탕,"19,000원",1
38,제주바다 건대점,밀푀유나베,"20,000원",1
39,제주바다 건대점,샤브샤브전골,"20,000원",1
40,제주바다 건대점,차돌숙주볶음,"15,000원",1
41,제주바다 건대점,제주식 두루치기 &소면,"18,000원",1
42,제주바다 건대점,해남고구마스틱,"7,000원",1
43,제주바다 건대점,한라봉닭강정,"18,000원",1
44,제주바다 건대점,"닭연,근튀김","9,000원",1
45,제주바다 건대점,제주바다 모듬튀김,"20,000원",1
46,제주바다 건대점,겉바속촉 새우튀김,"9,000원",1
47,제주바다 건대점,스테이크 로제 파스타,"16,000원",1
48,제주바다 건대점,모듬튀김떡볶이,"13,000원",1
49,제주바다 건대점,골뱅이소면,"16,000원",1
50,제주바다 건대점,한치구이,"13,000원",1
51,제주바다 건대점,바삭먹태구이,"15,000원",1
52,제주바다 건대점,우도곡물 화채,"16,000원",1
53,제주바다 건대점,오징어숙회,"9,000원",1
54,제주바다 건대점,감튀와 모듬소시지,"14,000원",1
55,제주바다 건대점,셀프날치알 볶음밥,"3,000원",1
56,제주바다 건대점,치즈감자버터구이,"5,000원",1
57,제주바다 건대점,새우콘치즈,"8,000원",1
58,제주바다 건대점,해물라면,"6,500원",1
59,제주바다 건대점,돔베고기국수,"5,500원",1
60,제주바다 건대점,돔베고기비빔국수,"5,500원",1
61,제주바다 건대점,파인샤베트,"8,000원",1
62,제주바다 건대점,분홍도시락,"5,500원",1
63,제주바다 건대점,라벨5 클래식블랙,"65,000원",1
64,제주바다 건대점,델몬트병 소주 천혜향500,"6,900원",1
65,제주바다 건대점,델몬트병 소주 샤인머스켓500,"6,900원",1
66,제주바다 건대점,제주바다 자몽칵테일,"5,900원",1
67,제주바다 건대점,제주바다 청포도칵테일,"5,900원",1
68,제주바다 건대점,청귤콤하이볼,"5,500원",1
69,제주바다 건대점,한라봉하이볼,"5,500원",1
0,개화정,눈꽃삼겹튀김,"14,900원",1
1,개화정,육회,"13,900원",1
2,개화정,해물 게살 계란탕,"14,900원",1
3,개화정,페페로니 피자,"15,900원",1
4,개화정,클래식야끼소바,"14,900원",1
5,개화정,고추유린기,"15,900원",1
6,개화정,간사이 오뎅탕,"14,900원",1
7,개화정,트리플 치즈 피자,"17,900원",1
8,개화정,연유 아이스 망고,"7,900원",1
9,개화정,치즈 후렌치 후라이,"8,900원",1
10,개화정,원조 팥빙수,"7,900원",1
0,장미술상 건대점,장미 한상 차림🌹,"86,000원",1
1,장미술상 건대점,제주딱새우회 (중 12마리 / 대 24마리),,1
2,장미술상 건대점,한국식곱창전골,"28,000원",1
3,장미술상 건대점,모츠나베,"28,000원",1
4,장미술상 건대점,매콤크림파스타,"19,000원",1
5,장미술상 건대점,서울식불고기전골,"25,000원",1
6,장미술상 건대점,마라우삼겹,"25,000원",1
7,장미술상 건대점,가리비버터술찜,"19,000원",1
8,장미술상 건대점,새우미나리전,"15,000원",1
9,장미술상 건대점,항정살된장구이,"22,000원",1
10,장미술상 건대점,로제찜닭,"24,000원",1
11,장미술상 건대점,계(닭)꼬들목 튀김,"16,000원",1
12,장미술상 건대점,허니버터고구마스틱,"9,000원",1
13,장미술상 건대점,석봉떡볶이,"15,000원",1
14,장미술상 건대점,닭발편육,"15,000원",1
15,장미술상 건대점,크림치즈곶감말이,"14,000원",1
16,장미술상 건대점,명란바게트,"10,000원",1
17,장미술상 건대점,하이볼(산토리.미자.계피.사과),"7,000원",1
0,시멘트서울,벌꿀 바닐라,"9,900원",1
1,시멘트서울,빠네 소고기 미트볼 + 파스타,"21,900원",1
2,시멘트서울,신라면 리조또,"8,900원",1
3,시멘트서울,돈까스 로제 파스타,"16,900원",1
4,시멘트서울,촉촉 닭가슴살 샐러드,"12,900원",1
5,시멘트서울,빠네 크림 파스타,"17,900원",1
6,시멘트서울,감바스 파스타,"16,900원",1
7,시멘트서울,에그인헬,"14,900원",1
8,시멘트서울,후르츠 말차,"9,900원",1
9,시멘트서울,봉골레탕,"16,900원",1
10,시멘트서울,차돌짬뽕파스타,"17,900원",1
11,시멘트서울,골뱅이무침,"14,900원",1
12,시멘트서울,이즈니떡볶이,"13,900원",1
13,시멘트서울,딸기라떼화체,"15,900원",1
14,시멘트서울,초코칩초코아이스크림,"9,900원",1
15,시멘트서울,꿀토마토,"6,900원",1
0,포비 본점,부타타마,"8,800원",1
1,포비 본점,카이센타마,"11,000원",1
2,포비 본점,콰트로치즈타마,,1
3,포비 본점,야키소바,"11,800원",1
4,포비 본점,하이볼,,1
5,포비 본점,츄하이,"5,700원",1
6,포비 본점,카시스,"6,800원",1
7,포비 본점,호르몬야키소바,,1
8,포비 본점,네기야키,"13,800원",1
9,포비 본점,모던야키,"10,800원",1
0,W주점,세트메뉴,,1
0,육성회비,한우육회,"18,000원",1
1,육성회비,한우 육사시미,"22,000원",1
2,육성회비,한우육전,"25,000원",1
3,육성회비,한우전골,"20,000원",1
4,육성회비,소고기 해장라면,"8,000원",1
5,육성회비,한우타다끼,"23,000원",1
6,육성회비,비벼먹는떡꼬치,"7,000원",1
0,제주올레포차 본점 숨비소리,고등어회,"38,000원",1
1,제주올레포차 본점 숨비소리,돔베고기,"30,000원",1
2,제주올레포차 본점 숨비소리,말사시미,"25,000원",1
3,제주올레포차 본점 숨비소리,은갈치회,"30,000원",1
4,제주올레포차 본점 숨비소리,돼지적갈,"25,000원",1
5,제주올레포차 본점 숨비소리,막창찹쌀순대,"25,000원",1
6,제주올레포차 본점 숨비소리,돼지고추장볶음,"18,000원",1
7,제주올레포차 본점 숨비소리,돼지고추장찌개,"18,000원",1
8,제주올레포차 본점 숨비소리,은갈치통구이,"50,000원",1
9,제주올레포차 본점 숨비소리,옥돔구이 소,"15,000원",1
10,제주올레포차 본점 숨비소리,왕삼치구이22000고갈비18000,"22,000원",1
11,제주올레포차 본점 숨비소리,이면수구이,"18,000원",1
12,제주올레포차 본점 숨비소리,한치물회,"25,000원",1
13,제주올레포차 본점 숨비소리,해삼물회~전복물회,"25,000원",1
14,제주올레포차 본점 숨비소리,모듬물회,"40,000원",1
15,제주올레포차 본점 숨비소리,돌멍게,"28,000원",1
16,제주올레포차 본점 숨비소리,돌문어,"25,000원",1
17,제주올레포차 본점 숨비소리,구쟁기,"25,000원",1
18,제주올레포차 본점 숨비소리,흑해삼,"25,000원",1
19,제주올레포차 본점 숨비소리,홍해삼,"40,000원",1
20,제주올레포차 본점 숨비소리,전복회 활전복큰사이즈3마리,"25,000원",1
21,제주올레포차 본점 숨비소리,참소라,"28,000원",1
22,제주올레포차 본점 숨비소리,딱새우찜,"25,000원",1
23,제주올레포차 본점 숨비소리,한치무침,"25,000원",1
24,제주올레포차 본점 숨비소리,문어무침,"25,000원",1
25,제주올레포차 본점 숨비소리,몸국,"18,000원",1
26,제주올레포차 본점 숨비소리,성게미역국,"18,000원",1
27,제주올레포차 본점 숨비소리,은갈치국,"22,000원",1
28,제주올레포차 본점 숨비소리,딱새우탕,"20,000원",1
29,제주올레포차 본점 숨비소리,보말된장탕,"20,000원",1
30,제주올레포차 본점 숨비소리,성게전복탕,"25,000원",1
31,제주올레포차 본점 숨비소리,선상우럭매운탕,"25,000원",1
32,제주올레포차 본점 숨비소리,홍꼬탕 바지락탕 홍바탕,"18,000원",1
33,제주올레포차 본점 숨비소리,대구뽈매운탕,"25,000원",1
34,제주올레포차 본점 숨비소리,동태지리탕,"18,000원",1
35,제주올레포차 본점 숨비소리,해물어묵탕,"20,000원",1
36,제주올레포차 본점 숨비소리,은갈치조림,"50,000원",1
37,제주올레포차 본점 숨비소리,한치숙회,"25,000원",1
38,제주올레포차 본점 숨비소리,말갈set,"40,000원",1
39,제주올레포차 본점 숨비소리,고은회set,"50,000원",1
40,제주올레포차 본점 숨비소리,숨비소리set,"40,000원",1
41,제주올레포차 본점 숨비소리,해물라면6000고기라면10000,"6,000원",1
0,아일랜드유끼펍,홈파티 A,"36,000원",1
1,아일랜드유끼펍,홈파티 B,"32,000원",1
2,아일랜드유끼펍,데킬라세트,"59,000원",1
3,아일랜드유끼펍,위스키세트,"99,000원",1
4,아일랜드유끼펍,연인세트 레드와인,"39,000원",1
5,아일랜드유끼펍,감바스알아히요,"16,000원",1
6,아일랜드유끼펍,대패삼겹두부김치,"16,000원",1
7,아일랜드유끼펍,대왕먹태,"16,000원",1
8,아일랜드유끼펍,씬피자,"16,000원",1
9,아일랜드유끼펍,"햄,소세지부대찌개","12,900원",1
10,아일랜드유끼펍,매콤돼지고추장찌개,"12,900원",1
11,아일랜드유끼펍,해물알탕,"12,900원",1
12,아일랜드유끼펍,홈파티 C,"28,000원",1
13,아일랜드유끼펍,돈코츠홍합조개탕,"12,900원",1
14,아일랜드유끼펍,우삼겹해물짬뽕탕,"12,900원",1
15,아일랜드유끼펍,고르곤졸라 씬피자,"16,000원",1
16,아일랜드유끼펍,페파로니 씬피자,"16,000원",1
17,아일랜드유끼펍,불고기씬피자,"16,000원",1
18,아일랜드유끼펍,포테이토씬피자,"16,000원",1
19,아일랜드유끼펍,베이컨체다치즈씬피자,"16,000원",1
20,아일랜드유끼펍,모듬과일안주,"18,000원",1
21,아일랜드유끼펍,로제크림새우,"16,000원",1
22,아일랜드유끼펍,쉬림프투움바떡볶이,"16,000원",1
23,아일랜드유끼펍,촉촉 수제생맥주 샘플러세트,"26,900원",1
24,아일랜드유끼펍,매콤 국물떡볶이,"12,000원",1
25,아일랜드유끼펍,매콤 기름떡볶이,"12,000원",1
26,아일랜드유끼펍,베이컨크림떡복이,"12,000원",1
27,아일랜드유끼펍,얼큰해물크림짬뽕,"16,000원",1
28,아일랜드유끼펍,모듬소세지와 감자튀김,"16,000원",1
29,아일랜드유끼펍,에센뽀득소세지&후라이2개,"12,000원",1
30,아일랜드유끼펍,스팸&후라이2개,"9,000원",1
31,아일랜드유끼펍,후라이드 윙&봉,"16,000원",1
32,아일랜드유끼펍,감자튀김,"7,000원",1
33,아일랜드유끼펍,고구마치즈스틱&크림치즈볼,"12,000원",1
34,아일랜드유끼펍,칵테일 2+1 세트,"12,000원",1
35,아일랜드유끼펍,치킨가라아게,"16,000원",1
36,아일랜드유끼펍,골빔면,"16,000원",1
37,아일랜드유끼펍,오다리버터구이,"12,000원",1
38,아일랜드유끼펍,쥐포,"5,000원",1
39,아일랜드유끼펍,촉촉오징어구이,"9,000원",1
40,아일랜드유끼펍,한치3마리,"12,000원",1
41,아일랜드유끼펍,육포구이,"9,000원",1
42,아일랜드유끼펍,파인샤베트,"6,000원",1
43,아일랜드유끼펍,아이스황도,"3,000원",1
44,아일랜드유끼펍,마른이세트,"23,000원",1
45,아일랜드유끼펍,치즈나쵸,"5,000원",1
46,아일랜드유끼펍,찍먹 참치크래커,"5,000원",1
47,아일랜드유끼펍,은행구이,"5,000원",1
48,아일랜드유끼펍,테이블올리브 10개추가,"3,000원",1
49,아일랜드유끼펍,공기밥 200g추가,"1,000원",1
50,아일랜드유끼펍,콜라,"1,500원",1
51,아일랜드유끼펍,사이다,"1,500원",1
52,아일랜드유끼펍,무알콜라임모히또,"4,000원",1
53,아일랜드유끼펍,무알콜애플모히또,"4,000원",1
54,아일랜드유끼펍,딸기바나나스무디,"4,000원",1
55,아일랜드유끼펍,프로혼술러세트,"19,000원",1
56,아일랜드유끼펍,망고바나나스무디,"4,000원",1
57,아일랜드유끼펍,무알콜칵테일 480ml 얼음포함,"4,000원",1
58,아일랜드유끼펍,오렌지쥬스 1.5L,"5,000원",1
59,아일랜드유끼펍,파인애플쥬스 1L,"5,000원",1
60,아일랜드유끼펍,크랜베리쥬스 1.89L,"8,000원",1
61,아일랜드유끼펍,칵테일 2+1세트,"12,000원",1
62,아일랜드유끼펍,골라먹는 32가지 칵테일,"6,000원",1
63,아일랜드유끼펍,소주,"4,000원",1
64,아일랜드유끼펍,레드락생맥주,"3,500원",1
65,아일랜드유끼펍,상상 페일에일생맥주,"5,000원",1
66,아일랜드유끼펍,앱솔루트세트,"59,000원",1
67,아일랜드유끼펍,슬로우 IPA생맥주,"5,000원",1
68,아일랜드유끼펍,구름 위트에일,"5,000원",1
69,아일랜드유끼펍,폭포 페일에일,"5,000원",1
70,아일랜드유끼펍,코젤다크생맥주,"5,500원",1
71,아일랜드유끼펍,1664블랑 생맥주,"7,500원",1
72,아일랜드유끼펍,구스 IPA생맥주,"8,500원",1
73,아일랜드유끼펍,기네스 생맥주,"7,500원",1
74,아일랜드유끼펍,하이네켄생맥주,"6,500원",1
75,아일랜드유끼펍,스텔라생맥주,"5,000원",1
76,아일랜드유끼펍,버드와이저 생맥주,"4,500원",1
77,아일랜드유끼펍,말리부 세트,"59,000원",1
78,아일랜드유끼펍,호가든 생맥주,"5,500원",1
79,아일랜드유끼펍,앱솔루트,"49,000원",1
80,아일랜드유끼펍,말리부,"49,000원",1
81,아일랜드유끼펍,예거마이스터,"49,000원",1
82,아일랜드유끼펍,호세꾸엘보,"49,000원",1
83,아일랜드유끼펍,몰트위스키,"119,000원",1
84,아일랜드유끼펍,와인 (레드),"29,000원",1
85,아일랜드유끼펍,예거세트,"59,000원",1
0,설맥 건대점,설맥 눈꽃맥주,"5,500원",1
1,설맥 건대점,스파이시 설맥치킨,"22,900원",1
2,설맥 건대점,더욱 다양한 메뉴 판매 중!,,1
3,설맥 건대점,매콤달달떡볶이,"13,900원",1
4,설맥 건대점,모듬꼬지어묵탕,"19,900원",1
5,설맥 건대점,오돌뼈볶음,"16,900원",1
6,설맥 건대점,갈릭버터소세지,"17,900원",1
7,설맥 건대점,고르곤졸라피자,"16,900원",1
8,설맥 건대점,모듬감자튀김,"13,900원",1
9,설맥 건대점,순살마늘간장치킨,"22,900원",1
10,설맥 건대점,나가사키짬뽕탕,"21,900원",1
11,설맥 건대점,직화튤립닭발,"18,900원",1
12,설맥 건대점,버터먹은 먹태,"16,900원",1
13,설맥 건대점,더블 페퍼로니피자,"16,900원",1
14,설맥 건대점,로제떡볶이,"17,900원",1
15,설맥 건대점,치즈롤까스,"14,900원",1
16,설맥 건대점,설맥왕호떡,"13,900원",1
17,설맥 건대점,오징어입 가라아게,"13,900원",1
18,설맥 건대점,가문어통족,"12,900원",1
19,설맥 건대점,통오징어 튀김,"13,900원",1
0,짱구야학교가자 건대점,국물닭발,"16,900원",1
1,짱구야학교가자 건대점,치즈퐁듀쉬림프,"17,900원",1
2,짱구야학교가자 건대점,깐풍치킨,"15,900원",1
3,짱구야학교가자 건대점,주전자꼬지오뎅,"7,900원",1
4,짱구야학교가자 건대점,추억의도시락,"2,900원",1
5,짱구야학교가자 건대점,꽃게알탕,"15,900원",1
6,짱구야학교가자 건대점,마약옥수수,"3,900원",1
7,짱구야학교가자 건대점,골뱅이무침,"16,900원",1
8,짱구야학교가자 건대점,쭈꾸미볶음,"13,900원",1
9,짱구야학교가자 건대점,알만두계란탕,"4,900원",1
10,짱구야학교가자 건대점,카라멜팝콘치킨,"9,900원",1
11,짱구야학교가자 건대점,치즈닭갈비,"15,900원",1
12,짱구야학교가자 건대점,고추장산겹살,"16,900원",1
13,짱구야학교가자 건대점,소떡소떡,"6,900원",1
0,심마니,막걸리,"7,200원",1
1,심마니,김치전,"11,400원",1
2,심마니,해물파전,"11,400원",1
3,심마니,해물부추전,"11,400원",1
4,심마니,심마니전,"13,400원",1
5,심마니,쥐포,"11,400원",1
6,심마니,계란말이,"10,400원",1
7,심마니,계란탕,"12,400원",1
8,심마니,순두부찌개,"11,400원",1
9,심마니,두부김치,"12,400원",1
10,심마니,돼지찌개,"14,400원",1
11,심마니,참치찌개,"14,400원",1
12,심마니,알탕,"14,400원",1
13,심마니,골뱅이,"15,400원",1
14,심마니,쭈꾸미볶음,"14,400원",1
15,심마니,오징어볶음,"14,400원",1
16,심마니,도토리묵,"14,400원",1
17,심마니,해물떡볶이,"15,400원",1
18,심마니,제육볶음과 두부,"15,400원",1
19,심마니,번데기탕,"12,400원",1
20,심마니,낙지볶음,"17,400원",1
21,심마니,닭똥집,"13,400원",1
22,심마니,뼈없는닭발,"12,400원",1
23,심마니,오돌뼈,"11,400원",1
24,심마니,어묵탕,"11,400원",1
25,심마니,닭도리탕,"15,400원",1
0,엘루이 비스트로,cocktail,8000~11000,1
1,엘루이 비스트로,bottle,"59,000원",1
2,엘루이 비스트로,베이컨 포테이토 피자,"18,000원",1
3,엘루이 비스트로,하와이안 피자,"18,000원",1
4,엘루이 비스트로,트러플 감자튀김,"9,000원",1
5,엘루이 비스트로,카프레제,"16,000원",1
0,서울230,히말라야 솔티라떼(Ice only),"5,000원",1
1,서울230,토마토 해산물 스튜 & 바게트,"18,000원",1
2,서울230,Coffee,"3,000원",1
3,서울230,플라워 Tea,"4,500원",1
4,서울230,오늘의 브런치(230 브런치),"8,000원",1
5,서울230,Non Coffee,"4,000원",1
6,서울230,치킨 스테이크 & 바게트,"18,000원",1
7,서울230,치즈플래터,"16,000원",1
8,서울230,230 브루스게타,"11,000원",1
9,서울230,바질페스토 해산물 볶음,"23,000원",1
10,서울230,감자튀김,"10,000원",1
11,서울230,나쵸&살사,"8,000원",1
0,하노이맥주밤거리 건대점,과일하이볼(생자몽),"7,500원",1
1,하노이맥주밤거리 건대점,과일하이볼(딸기),"6,900원",1
2,하노이맥주밤거리 건대점,과일하이볼(망고),"6,900원",1
3,하노이맥주밤거리 건대점,과일하이볼(생메론),"7,500원",1
4,하노이맥주밤거리 건대점,연유커피하이볼,"6,900원",1
5,하노이맥주밤거리 건대점,맥밤하이볼,"5,900원",1
6,하노이맥주밤거리 건대점,과일소주(생자몽),"9,900원",1
7,하노이맥주밤거리 건대점,과일소주(딸기),"9,900원",1
8,하노이맥주밤거리 건대점,과일소주(망고),"9,900원",1
9,하노이맥주밤거리 건대점,과일소주(생메론),"9,900원",1
10,하노이맥주밤거리 건대점,하노이 저온숙성 생맥주 380cc,"3,600원",1
11,하노이맥주밤거리 건대점,하노이 저온숙성 생맥주 500cc,"4,500원",1
12,하노이맥주밤거리 건대점,호치민 플래터,"22,900원",1
13,하노이맥주밤거리 건대점,하노이 플래터,"21,900원",1
14,하노이맥주밤거리 건대점,모듬 꼬지 스페셜(6ps),"14,900원",1
15,하노이맥주밤거리 건대점,직화모듬꼬지(6ps),"10,900원",1
16,하노이맥주밤거리 건대점,직화 연골 꼬지(3ps),"7,500원",1
17,하노이맥주밤거리 건대점,직화파닭꼬지(3ps),"7,500원",1
18,하노이맥주밤거리 건대점,직화 닭목살 꼬지(3ps),"7,500원",1
19,하노이맥주밤거리 건대점,떡삼겹말이꼬지(2ps),"6,900원",1
20,하노이맥주밤거리 건대점,직화 염통 꼬지(4ps),"6,900원",1
21,하노이맥주밤거리 건대점,직화순살꼬지(3ps),"6,500원",1
22,하노이맥주밤거리 건대점,직화 은행 꼬지(5ps),"4,900원",1
23,하노이맥주밤거리 건대점,마라 바지락 쌀국수,"13,900원",1
24,하노이맥주밤거리 건대점,통다리쌀국수,"13,900원",1
25,하노이맥주밤거리 건대점,해장야식쌀국수,"12,900원",1
26,하노이맥주밤거리 건대점,화사(한)스끼야끼,"13,900원",1
27,하노이맥주밤거리 건대점,얼큰부대찌개,"13,900원",1
28,하노이맥주밤거리 건대점,해장바지락탕,"13,900원",1
29,하노이맥주밤거리 건대점,칼칼오뎅탕,"11,900원",1
30,하노이맥주밤거리 건대점,꼬지어묵김치우동,"11,900원",1
31,하노이맥주밤거리 건대점,리얼해물짬뽕탕,"9,900원",1
32,하노이맥주밤거리 건대점,게살누룽지계란탕,"9,900원",1
33,하노이맥주밤거리 건대점,치즈국물떡볶이,"8,900원",1
34,하노이맥주밤거리 건대점,매운로얄오뎅꼬지,"7,900원",1
35,하노이맥주밤거리 건대점,하노이 옛날 통닭(한마리),"16,900원",1
36,하노이맥주밤거리 건대점,THE바삭유린기,"13,900원",1
37,하노이맥주밤거리 건대점,핫쯔바로우,"12,900원",1
38,하노이맥주밤거리 건대점,오징어입후라이드,"11,900원",1
39,하노이맥주밤거리 건대점,찹쌀오징어스틱,"10,900원",1
40,하노이맥주밤거리 건대점,옛날닭강정,"9,900원",1
41,하노이맥주밤거리 건대점,마늘똥집 튀김,"9,900원",1
42,하노이맥주밤거리 건대점,통통순살치킨,"8,900원",1
43,하노이맥주밤거리 건대점,하노이 옛날 통닭(반마리),"8,900원",1
44,하노이맥주밤거리 건대점,갈릭폭탄감튀,"7,900원",1
45,하노이맥주밤거리 건대점,매콤마요감튀,"7,900원",1
46,하노이맥주밤거리 건대점,대게튀김,"7,900원",1
47,하노이맥주밤거리 건대점,대박(나)새우마빡튀김,"6,900원",1
48,하노이맥주밤거리 건대점,찐바삭닭껍질튀김,"6,900원",1
49,하노이맥주밤거리 건대점,자이언트통다리,"6,900원",1
50,하노이맥주밤거리 건대점,고기 짜조,"5,900원",1
51,하노이맥주밤거리 건대점,튀김 쥐포,"4,900원",1
52,하노이맥주밤거리 건대점,뚝배기 김피탕,"13,900원",1
53,하노이맥주밤거리 건대점,하노이 분짜,"12,900원",1
54,하노이맥주밤거리 건대점,辛열라팟타이,"12,900원",1
55,하노이맥주밤거리 건대점,버터통오족,"10,900원",1
56,하노이맥주밤거리 건대점,크림꿀호떡,"9,900원",1
57,하노이맥주밤거리 건대점,망고빙수,"9,900원",1
58,하노이맥주밤거리 건대점,커피빙수,"9,900원",1
59,하노이맥주밤거리 건대점,눈꽃파인샤베트,"8,900원",1
60,하노이맥주밤거리 건대점,짜계치,"5,900원",1
61,하노이맥주밤거리 건대점,톡톡폭탄옥수수,"6,900원",1
62,하노이맥주밤거리 건대점,생생 파인&메론,"6,900원",1
63,하노이맥주밤거리 건대점,생생 파인,"6,900원",1
64,하노이맥주밤거리 건대점,생생 메론,"6,900원",1
65,하노이맥주밤거리 건대점,토마토 연유,"4,900원",1
66,하노이맥주밤거리 건대점,건어물 스페셜,"13,900원",1
67,하노이맥주밤거리 건대점,반건조오징어,"10,900원",1
68,하노이맥주밤거리 건대점,촉촉노가리,"7,900원",1
69,하노이맥주밤거리 건대점,쥐포 구이,"6,900원",1
70,하노이맥주밤거리 건대점,먹태,"13,900원",1
0,하루,하루사시미+숯불꼬치6종(가성비최고),"58,000원",1
1,하루,하루추천6종 숯불꼬치구이,"19,000원",1
2,하루,하루사시미,"43,000원",1
3,하루,단새우사시미,"25,000원",1
4,하루,밀푀유나베,"25,000원",1
5,하루,해물야끼우동,"18,000원",1
6,하루,나가사키짬뽕(생면포함),"19,500원",1
7,하루,중화에비마요,"18,000원",1
8,하루,연어사시미(18p),"26,000원",1
9,하루,얼큰해물짬뽕(생면포함),"19,500원",1
10,하루,고추유린기,"16,000원",1
11,하루,돈고츠오뎅나베,"18,000원",1
12,하루,치킨가라아게,"16,000원",1
13,하루,간사이오뎅나베,"18,000원",1
14,하루,차돌숙주볶음,"18,000원",1
15,하루,차돌짬뽕(생면포함),"22,000원",1
16,하루,매콤까르보나라(파스타면),"17,000원",1
17,하루,중새우튀김,"18,000원",1
18,하루,굴튀김,"14,000원",1
19,하루,모듬고로케(5p),"13,000원",1
20,하루,메로시오야끼(소금구이),"24,000원",1
21,하루,아보카도명란구이,"18,000원",1
0,타스 더안주셀렉트샵,톡톡에그롤,"15,000원",1
1,타스 더안주셀렉트샵,청양닭구이,"22,000원",1
2,타스 더안주셀렉트샵,챠돌스지수육,"26,000원",1
3,타스 더안주셀렉트샵,제페니즈 크림파스타,"16,000원",1
4,타스 더안주셀렉트샵,그릴드 베지,"9,000원",1
5,타스 더안주셀렉트샵,올리브 감자구이,"12,000원",1
6,타스 더안주셀렉트샵,스지어묵탕,"27,000원",1
7,타스 더안주셀렉트샵,시칠리아삼겹말이,"19,000원",1
8,타스 더안주셀렉트샵,트러플명란감자구이,"12,000원",1
9,타스 더안주셀렉트샵,사천짬뽕파스타,"16,000원",1
10,타스 더안주셀렉트샵,옛날야끼소바,"16,000원",1
11,타스 더안주셀렉트샵,교동짬뽕나베,"24,000원",1
12,타스 더안주셀렉트샵,명란 타마고,"16,000원",1
13,타스 더안주셀렉트샵,카프리 레몬치킨,"18,000원",1
14,타스 더안주셀렉트샵,트러플참치타코,"8,000원",1
15,타스 더안주셀렉트샵,삼겹배추술찜,"22,000원",1
16,타스 더안주셀렉트샵,더티프라이즈,"15,000원",1
17,타스 더안주셀렉트샵,투움바떡볶이,"14,000원",1
18,타스 더안주셀렉트샵,구운피스타치오,"5,000원",1
19,타스 더안주셀렉트샵,꿀토마토,"9,000원",1
20,타스 더안주셀렉트샵,타스 프라이즈,"8,000원",1
21,타스 더안주셀렉트샵,고구마프라이즈,"8,000원",1
22,타스 더안주셀렉트샵,돈도로(점심),"9,500원",1
23,타스 더안주셀렉트샵,도미뱃살(점심),"9,500원",1
24,타스 더안주셀렉트샵,들기름 메밀국수(점심),"8,500원",1
0,일양전,계절사시미 小,"20,000원",1
1,일양전,모듬사시미 中,"36,000원",1
2,일양전,아귀간,"16,000원",1
3,일양전,고등어 봉초밥,"18,000원",1
4,일양전,전복 내장 파스타,"20,000원",1
5,일양전,스카치 에그,"14,000원",1
6,일양전,청어 이소베마끼,"15,000원",1
0,폼프리츠,미니소세지,"6,000원",1
1,폼프리츠,미니핫도그,"7,000원",1
2,폼프리츠,모듬튀김,"7,000원",1
3,폼프리츠,모듬감자,"9,000원",1
4,폼프리츠,어니언링,"7,000원",1
5,폼프리츠,감자튀김 S,"4,000원",1
6,폼프리츠,감자튀김 M,"5,000원",1
7,폼프리츠,감자튀김 L,"6,500원",1
8,폼프리츠,순살치킨 가라아게,"10,000원",1
9,폼프리츠,핫윙,"10,000원",1
10,폼프리츠,치즈감자볼,"6,000원",1
11,폼프리츠,새우볼,"6,000원",1
12,폼프리츠,치즈스틱,"4,000원",1
13,폼프리츠,쥐포튀김,"3,000원",1
14,폼프리츠,치킨텐더,"9,000원",1
15,폼프리츠,황도,"4,000원",1
0,육회한연어,무한육회(1인),"21,900원",1
1,육회한연어,무한연어(1인),"23,900원",1
2,육회한연어,무한(육회+연어)(1인),"24,900원",1
3,육회한연어,무한(연어+참치)(1인),"24,900원",1
4,육회한연어,무한(육회+참치)(1인),"23,900원",1
5,육회한연어,무한(육회+연어+참치)(1인),"26,900원",1
6,육회한연어,연어사시미(18pcs),"22,900원",1
7,육회한연어,참치사시미,"21,900원",1
8,육회한연어,한우육사시미(20pcs),"20,900원",1
9,육회한연어,랍스타 모듬세트,"68,000원",1
10,육회한연어,랍스타+조개찜,"39,000원",1
11,육회한연어,육회(180g),"14,000원",1
12,육회한연어,고추장육회(180g),"14,900원",1
13,육회한연어,불육회(180g),"14,900원",1
14,육회한연어,와사비크림육회,"15,900원",1
15,육회한연어,타코육회,"16,900원",1
16,육회한연어,육회세트,"25,000원",1
17,육회한연어,육회+연어사시미,"33,900원",1
18,육회한연어,육회+연어사시미+한우육사시미,"52,900원",1
19,육회한연어,연어샐러드,"13,900원",1
20,육회한연어,연어비빔밥,"8,900원",1
21,육회한연어,육회비빔밥,"8,900원",1
22,육회한연어,육회물회,"16,900원",1
23,육회한연어,타코와사비,"9,900원",1
24,육회한연어,간장새우+주먹밥(셀프),"10,900원",1
25,육회한연어,해물 크랩라면,"6,900원",1
26,육회한연어,오뎅탕,"6,900원",1
27,육회한연어,조개 홍합탕,"6,900원",1
28,육회한연어,날치알 주먹밥,"3,000원",1
29,육회한연어,육회+참치,"32,900원",1
30,육회한연어,연어사시미+참치,"41,900원",1
31,육회한연어,육회+연어사시미+간장새우,"44,900원",1
32,육회한연어,육회+연어사시미+참치,"50,900원",1
33,육회한연어,육회+연어+참치+간장새우,"59,900원",1
34,육회한연어,육회+연어+육사시미+간장새우,"61,900원",1
35,육회한연어,육회+연어+참치+육사시미,"69,900원",1
36,육회한연어,육회+연어+참치+육사시미+간장새우,"75,900원",1
0,972Bar,무제한칵테일,"15,000원",1
1,972Bar,황도,"8,000원",1
2,972Bar,80여종류의 단품칵테일,7000~10000,1
3,972Bar,진토닉(단품칵테일),"7,000원",1
4,972Bar,깔루아밀크(단품칵테일),"7,000원",1
5,972Bar,마가리타(단품칵테일),"8,000원",1
6,972Bar,도화(단품칵테일),"8,000원",1
7,972Bar,파우스트(단품칵테일),"9,000원",1
8,972Bar,애플마티니(단품칵테일),"9,000원",1
0,몽블랙,드래곤 파이어 스위트 스파클링와인,"39,000원",1
1,몽블랙,예거마이스터700ml,"79,000원",1
2,몽블랙,봄베이진700ml,"79,000원",1
3,몽블랙,아구아 디아블로,"89,000원",1
4,몽블랙,아구아700ml,"89,000원",1
5,몽블랙,데드맨스핑거스 라즈베리700ml,"79,000원",1
6,몽블랙,데드맨스핑거스패션푸롯700ml,"79,000원",1
7,몽블랙,데드맨 스핑거스 코코넛700ml,"79,000원",1
8,몽블랙,스파클링3스타골든블랑로제(프랑스),"79,000원",1
9,몽블랙,스파클링 3스타 골든블랑브뤼(프랑스),"69,000원",1
10,몽블랙,35사우스 멜롯(칠레),"42,000원",1
11,몽블랙,카부르데미섹(프랑스),"45,000원",1
12,몽블랙,무똥까떼 레드(프랑스),"53,000원",1
13,몽블랙,트리오 리제르바 까베르네쇼비뇽(칠레),"49,000원",1
14,몽블랙,트리오 리제르바 메를로(칠레),"49,000원",1
15,몽블랙,폴레로 쇼비뇽블랑(칠레),"39,000원",1
16,몽블랙,폴레로 까베르네 쇼비뇽(칠레),"39,000원",1
17,몽블랙,1865 까베르네 쇼비뇽(칠레),"63,000원",1
18,몽블랙,코스타 베라 메를로(칠레),"37,000원",1
19,몽블랙,코스타 베라 까베르네쇼비뇽(칠레),"37,000원",1
20,몽블랙,코스타베라 샤도네이(칠레),"37,000원",1
21,몽블랙,발레벨보 모스카토 다스티(이태리),"45,000원",1
22,몽블랙,카비앙카 모스카토 다스티(이태리),"44,000원",1
23,몽블랙,간치아 모스카토 화이트(이태리),"51,000원",1
24,몽블랙,간치아 모스카토 로제(이태리),"51,000원",1
25,몽블랙,빌라M로쏘(이태리),"52,000원",1
26,몽블랙,나쵸카나페,"10,000원",1
27,몽블랙,힙노틱750ml,"89,000원",1
28,몽블랙,앱솔루트 보드카700ml,"79,000원",1
29,몽블랙,잭다니엘,"79,000원",1
30,몽블랙,죠니워커블랙,"79,000원",1
31,몽블랙,발렌타인12년,"79,000원",1
32,몽블랙,호세꾸엘보 데낄라750ml,"79,000원",1
33,몽블랙,X레이티드750ml,"89,000원",1
34,몽블랙,로크로몬드12년750ml,"190,000원",1
35,몽블랙,로크로몬드 오리지널750ml,"160,000원",1
36,몽블랙,간치아 모스카토 다스티,"51,000원",1
37,몽블랙,골드바 위스키750ml,"180,000원",1
38,몽블랙,빌라M비앙코(이태리),"52,000원",1
39,몽블랙,과일까나페,"10,000원",1
40,몽블랙,와플&츄러스,"10,000원",1
41,몽블랙,몽스페셜,"18,000원",1
42,몽블랙,치즈과일케익,"25,000원",1
43,몽블랙,모듬치즈,"17,000원",1
44,몽블랙,과일,"18,000원",1
45,몽블랙,칠리새우,"15,000원",1
46,몽블랙,크림새우,"15,000원",1
47,몽블랙,찹살치즈볼 &치즈스틱,"13,000원",1
48,몽블랙,모듬감자&튀김,"16,000원",1
49,몽블랙,모듬소세지,"15,000원",1
50,몽블랙,브라우니케익,"12,000원",1
51,몽블랙,나쵸,"8,000원",1
52,몽블랙,치킨탕수육,"13,000원",1
53,몽블랙,하몽멜론치즈,"15,000원",1
0,호호 닭발,닭발,"18,000원",1
1,호호 닭발,뼈없는닭발,"19,000원",1
2,호호 닭발,국물닭발,"20,000원",1
3,호호 닭발,오돌뼈,"15,000원",1
4,호호 닭발,불닭,"15,000원",1
5,호호 닭발,치즈불닭,"16,000원",1
6,호호 닭발,핫윙과 스틱스,"17,000원",1
7,호호 닭발,모듬튀김,"17,000원",1
8,호호 닭발,세트A 닭발+누룽지탕+주먹밥,"23,000원",1
9,호호 닭발,세트B 닭발+오돌뼈+주먹밥,"30,000원",1
10,호호 닭발,세트C 닭발+모듬튀김+주먹밥,"34,000원",1
11,호호 닭발,세트D 닭발+핫윙+주먹밥,"34,000원",1
0,평정원,아롱사태 소고기 수육 전골,"26,000원",1
1,평정원,평정시장 매콤달콤 닭강정,"15,000원",1
2,평정원,탑 오징어링,"14,000원",1
3,평정원,마장동 육회,"21,000원",1
4,평정원,감태주먹밥,"6,900원",1
5,평정원,치폴레 옥수수 팝콘,"9,500원",1
6,평정원,신선로 게살완탕,"22,000원",1
7,평정원,조선 애호박 피자전,"14,000원",1
8,평정원,우삼겹 칼비빔면,"18,000원",1
9,평정원,잘생김전,"16,000원",1
10,평정원,조선 연어 아보카도 타코,"23,000원",1
11,평정원,항정 감튀 제육,"21,000원",1
12,평정원,얼큰 한우대창전골,"27,000원",1
13,평정원,순살 명동식 닭칼국수,"23,000원",1
14,평정원,순살 얼큰 닭도리탕,"26,000원",1
15,평정원,치즈 명란 감자채전,"16,000원",1
16,평정원,평정원 우삼겹 육전,"16,000원",1
17,평정원,감튀플레터,"12,000원",1
18,평정원,평정원 레몬 크림새우,"16,000원",1
19,평정원,우삼겹 치즈 국물라볶이,"19,000원",1
20,평정원,통게내장 파스타,"18,000원",1
21,평정원,데리야끼닭구이,"15,000원",1
22,평정원,우삼겹 무뼈 국물닭발,"23,000원",1
23,평정원,제육두부김치,"18,000원",1
24,평정원,삼치구이,"21,000원",1
25,평정원,치즈오븐 스파게티,"6,900원",1
26,평정원,호떡 아이스크림,"6,900원",1
27,평정원,치즈 짜파게티,"5,900원",1
28,평정원,연유토마토,"6,900원",1
29,평정원,석화,"15,000원",1
30,평정원,30cm 치즈 롤 돈까스,"15,000원",1
31,평정원,통베이컨 김치전,"16,000원",1
32,평정원,신선 연어 사시미,"25,000원",1
33,평정원,화양동족발+비빔면set,"15,000원",1
34,평정원,참치크림치즈 크래커,"5,900원",1
35,평정원,참치마요주먹밥,"3,900원",1
36,평정원,요구르트 샤베트,"9,900원",1
37,평정원,아이스팥홍시,"8,900원",1
38,평정원,샤인머스켓 샤베트,"9,900원",1
0,노랑통닭 건대점,열불 품은 3종 치킨,"23,000원",1
1,노랑통닭 건대점,열불라조 치킨(뼈/순살),"22,000원",1
2,노랑통닭 건대점,칼칼한 청양 치킨(뼈/순살),"21,000원",1
3,노랑통닭 건대점,뿌리노랑 치킨(뼈/순살),"21,000원",1
4,노랑통닭 건대점,알싸한 마늘치킨(순살),"21,000원",1
5,노랑통닭 건대점,바삭 누룽지 치킨(뼈/순살),"20,000원",1
6,노랑통닭 건대점,엄청 큰 후라이드 치킨(뼈/순살),"18,000원",1
7,노랑통닭 건대점,노랑 3종 치킨,"21,000원",1
8,노랑통닭 건대점,노랑칩스,"3,000원",1
9,노랑통닭 건대점,3종 치즈볼,"5,000원",1
10,노랑통닭 건대점,열불라조 치킨 레귤러(순살),"20,000원",1
11,노랑통닭 건대점,칼칼한 청양 치킨 레귤러(순살),"19,000원",1
12,노랑통닭 건대점,뿌리노랑 치킨 레귤러(순살),"19,000원",1
13,노랑통닭 건대점,알싸한 마늘치킨 레귤러(순살),"19,000원",1
14,노랑통닭 건대점,바삭 누룽지 치킨 레귤러(순살),"18,000원",1
15,노랑통닭 건대점,엄청 큰 후라이드 치킨 레귤러(순살),"16,000원",1
16,노랑통닭 건대점,엄청 큰 깐풍 치킨(뼈/순살),"20,000원",1
17,노랑통닭 건대점,엄청 큰 깐풍 치킨 레귤러(순살),"18,000원",1
18,노랑통닭 건대점,엄청 큰 양념 치킨(뼈/순살),"20,000원",1
19,노랑통닭 건대점,엄청 큰 양념 치킨 레귤러(순살),"18,000원",1
20,노랑통닭 건대점,엄청 큰 반반치킨(후/양)(뼈/순살),"19,000원",1
21,노랑통닭 건대점,엄청큰반반치킨 레귤러(후/양)(순살),"17,000원",1
22,노랑통닭 건대점,엄청 큰 반반치킨(후/깐)(뼈/순살),"19,000원",1
23,노랑통닭 건대점,엄청큰반반치킨 레귤러(후/깐)(순살),"17,000원",1
24,노랑통닭 건대점,엄청 큰 반반치킨(양/깐)(뼈/순살),"21,000원",1
25,노랑통닭 건대점,엄청큰반반치킨 레귤러(양/깐)(순살),"19,000원",1
26,노랑통닭 건대점,맵싸한 고추 치킨(뼈/순살),"20,000원",1
27,노랑통닭 건대점,맵싸한 고추 치킨 레귤러(순살),"18,000원",1
28,노랑통닭 건대점,맵싸한 반반 치킨(후/양)(뼈/순살),"21,000원",1
29,노랑통닭 건대점,맵싸한반반치킨 레귤러(후/양)(순살),"19,000원",1
30,노랑통닭 건대점,맵싸한 반반 치킨(후/깐)(뼈/순살),"21,000원",1
31,노랑통닭 건대점,맵싸한반반치킨 레귤러(후/깐)(순살),"19,000원",1
32,노랑통닭 건대점,맵싸한 반반 치킨(양/깐)(뼈/순살),"23,000원",1
33,노랑통닭 건대점,맵싸한반반치킨 레귤러(양/깐)(순살),"21,000원",1
34,노랑통닭 건대점,웰빙 파닭 치킨,"20,000원",1
35,노랑통닭 건대점,웰빙 파닭반반치킨(후라이드 + 양념),"21,000원",1
36,노랑통닭 건대점,웰빙 파닭반반치킨(후라이드 + 깐풍),"21,000원",1
37,노랑통닭 건대점,웰빙 파닭 반반 치킨(양념 + 깐풍),"22,000원",1
38,노랑통닭 건대점,똥집 감자 튀김,"13,000원",1
39,노랑통닭 건대점,깐풍 똥집,"14,000원",1
40,노랑통닭 건대점,오칩스,"14,000원",1
41,노랑통닭 건대점,눈꽃 치즈 떡볶이,"7,000원",1
42,노랑통닭 건대점,노랑 봉투 감자,"7,000원",1
43,노랑통닭 건대점,부산 어묵탕,"12,000원",1
44,노랑통닭 건대점,김말이,"3,000원",1
45,노랑통닭 건대점,노랑치즈볼 오리지널맛,"4,000원",1
46,노랑통닭 건대점,찹쌀볼도그,"4,000원",1
47,노랑통닭 건대점,크런치새우,"5,000원",1
48,노랑통닭 건대점,코코넛 새우 감자튀김,"12,000원",1
49,노랑통닭 건대점,골뱅이 무침,"20,000원",1
50,노랑통닭 건대점,노랑 복숭아,"5,000원",1
51,노랑통닭 건대점,먹태,"15,000원",1
0,오늘와인한잔 건대점,와인 한 잔,"3,900원",1
1,오늘와인한잔 건대점,가볍게 시작할까요?,"5,900원",1
2,오늘와인한잔 건대점,단독기획 선물set,"49,000원",1
3,오늘와인한잔 건대점,제로슈거 위스키 하이볼,"6,900원",1
4,오늘와인한잔 건대점,시그니처 채끝 스테이크,"27,900원",1
5,오늘와인한잔 건대점,해장 토마토 스튜,"19,900원",1
6,오늘와인한잔 건대점,매콤 쌀떡볶이,"9,900원",1
7,오늘와인한잔 건대점,슈림프 로제 푸실리,"14,900원",1
0,꼼주,꼼주모듬 SET1(꼼장어+쭈꾸미+닭발),"33,000원",1
1,꼼주,"꼼장어 소금,양념","13,000원",1
2,꼼주,불막창,"12,000원",1
3,꼼주,닭목살양념구이,"12,000원",1
4,꼼주,닭발,"12,000원",1
5,꼼주,훈제막창,"12,000원",1
6,꼼주,쭈꾸미,"12,000원",1
7,꼼주,치즈계란찜,"4,000원",1
8,꼼주,멸치주먹밥,"3,000원",1
0,공간식당,모츠나베,"25,000원",1
1,공간식당,연어사시미,"20,000원",1
2,공간식당,안심버터구이,"27,000원",1
3,공간식당,치킨가라아게,"20,000원",1
4,공간식당,스키야키,"22,000원",1
5,공간식당,오다리가라아게,"17,000원",1
6,공간식당,베이컨크림까르보나라,"17,000원",1
7,공간식당,알리오올리오,"17,000원",1
8,공간식당,돼지고기숙주볶음,"17,000원",1
9,공간식당,나가사끼 짬뽕,"20,000원",1
10,공간식당,(신)나가사끼 짬뽕,"21,000원",1
11,공간식당,오뎅나베,"17,000원",1
12,공간식당,새우깡,"12,000원",1
13,공간식당,모찌리도후,"8,000원",1
14,공간식당,타코와사비,"8,000원",1
15,공간식당,"바나나,아이스크림","7,000원",1
16,공간식당,돼지고기 야끼소바,"15,000원",1
17,공간식당,카라이 카코야끼,"7,000원",1
18,공간식당,레몬 슬라이스,"4,000원",1
19,공간식당,레몬 웨지,"4,000원",1
0,이자카야 안녕,밀푀유나베,"24,000원",1
1,이자카야 안녕,살치살양념철판볶음,"22,000원",1
2,이자카야 안녕,오꼬노미야끼,"17,000원",1
3,이자카야 안녕,모찌리도후,"9,000원",1
4,이자카야 안녕,오뎅탕,"22,000원",1
5,이자카야 안녕,메로구이,"25,000원",1
6,이자카야 안녕,유린기,"17,000원",1
7,이자카야 안녕,소고기타다끼,"20,000원",1
8,이자카야 안녕,메가 스테이크덮밥,"19,500원",1
9,이자카야 안녕,치킨가라아게,"17,000원",1
0,화양주막,곱도리탕,"28,000원",1
1,화양주막,육새우전,"19,000원",1
2,화양주막,치즈감자채전,"17,000원",1
3,화양주막,순살곱도리탕,"30,000원",1
4,화양주막,차돌만두전골,"26,000원",1
5,화양주막,통삼겹김치찜,"23,000원",1
6,화양주막,부추새우전,"16,000원",1
7,화양주막,콘치즈김치전,"15,000원",1
8,화양주막,삼겹두부김치,"18,000원",1
9,화양주막,차도리탕,"29,000원",1
10,화양주막,육전,"19,000원",1
11,화양주막,순두부전골,"17,000원",1
12,화양주막,골뱅이 묵무침,"20,000원",1
13,화양주막,참치김치전골,"18,000원",1
14,화양주막,즉석떡볶이,"18,000원",1
15,화양주막,매콤 순살닭볶음,"19,000원",1
16,화양주막,삼도리탕,"26,000원",1
17,화양주막,닭도리탕,"22,000원",1
18,화양주막,순살 닭도리탕,"24,000원",1
19,화양주막,만두계란탕,"16,000원",1
20,화양주막,묵사발,"8,000원",1
21,화양주막,번데기탕,"6,000원",1
22,화양주막,참치마요 주먹밥,"5,000원",1
23,화양주막,추억의 도시락,"4,000원",1
24,화양주막,셀프볶음밥,"2,000원",1
25,화양주막,미숫가루 막걸리,"6,000원",1
26,화양주막,제조 소주 4종,"5,000원",1
27,화양주막,하이볼 4종,"8,000원",1
28,화양주막,꿀막걸리,"5,000원",1
29,화양주막,막걸리 13종,,1
30,화양주막,한라토닉 세트,"11,000원",1
31,화양주막,서울토닉세트,"18,000원",1
32,화양주막,화요토닉세트,"29,000원",1
33,화양주막,전통주 8종,,1
34,화양주막,소주/맥주,,1
35,화양주막,보해복분자,,1
0,밤을 걷는 선비,대표세트3(닭발+홍꼬탕),"37,000원",1
0,부엉이산장 건대점,곱도리탕,"29,000원",1
1,부엉이산장 건대점,꽃도리탕,"29,000원",1
2,부엉이산장 건대점,닭도리탕,"24,000원",1
3,부엉이산장 건대점,묵도리탕 (묵은지),"27,000원",1
4,부엉이산장 건대점,삼겹김치전골,"23,000원",1
5,부엉이산장 건대점,통골뱅이 조개전골,"23,000원",1
6,부엉이산장 건대점,해물파전,"17,000원",1
7,부엉이산장 건대점,김치전,"15,000원",1
8,부엉이산장 건대점,반반전 (해물파전+김치전),"18,000원",1
9,부엉이산장 건대점,육전,"18,000원",1
10,부엉이산장 건대점,새우전,"24,000원",1
11,부엉이산장 건대점,육새전 (소고기+새우),"20,000원",1
12,부엉이산장 건대점,치즈감자채전,"19,000원",1
13,부엉이산장 건대점,모듬전,"24,000원",1
14,부엉이산장 건대점,고추장 육회,"24,000원",1
15,부엉이산장 건대점,항정수육&보쌈김치,"24,000원",1
16,부엉이산장 건대점,냉채항정,"25,000원",1
17,부엉이산장 건대점,한치참소라물회,"27,000원",1
18,부엉이산장 건대점,참소라초무침,"21,000원",1
19,부엉이산장 건대점,석쇠먹태구이,"19,000원",1
20,부엉이산장 건대점,제육두부김치,"17,000원",1
21,부엉이산장 건대점,물막국수,"10,000원",1
22,부엉이산장 건대점,칼비빔면,"9,000원",1
23,부엉이산장 건대점,묵사발,"7,000원",1
24,부엉이산장 건대점,치즈볶음밥,"5,000원",1
25,부엉이산장 건대점,참치마요 주먹밥,"5,000원",1
26,부엉이산장 건대점,아이스크림 감자호떡,"10,000원",1
27,부엉이산장 건대점,떡구이,"6,000원",1
0,쟈즈,버드와이저,"7,000원",1
0,코렌초하우스,샐러드 피자,"22,000원",1
1,코렌초하우스,치즈 플래터,"32,000원",1
2,코렌초하우스,부라타 하몽,"17,000원",1
3,코렌초하우스,트러플 화이트 라비올리,"13,000원",1
4,코렌초하우스,카라멜라이징 어니언 피자,"22,000원",1
5,코렌초하우스,쁘띠 플래터,"16,000원",1
6,코렌초하우스,타이거 치즈 셀렉션,"6,000원",1
7,코렌초하우스,매콤 로제 떡볶이,"7,000원",1
8,코렌초하우스,감자칩(스리라차&마요네즈),"3,000원",1
9,코렌초하우스,올리브,"1,000원",1
0,아웃닭,린드필드 후라이드 순살치킨,"22,800원",1
1,아웃닭,순살 양념치킨,"23,800원",1
2,아웃닭,순살 간장치킨,"23,800원",1
3,아웃닭,순살 갈릭치킨,"23,800원",1
4,아웃닭,순살 매운양념치킨,"23,800원",1
5,아웃닭,할라피뇨 치즈치킨(순살만 가능),"24,800원",1
6,아웃닭,오리지날 프리스튼 후라이드치킨,"20,900원",1
7,아웃닭,오리지날 레드펀 양념치킨,"21,900원",1
8,아웃닭,마틴 간장치킨,"21,900원",1
9,아웃닭,케인즈 갈릭치킨,"21,900원",1
10,아웃닭,스펜서 매운 양념치킨,"21,900원",1
11,아웃닭,튀김모듬,"15,000원",1
0,막이오름 건대점,★NEW★수육전골,"25,000원",1
1,막이오름 건대점,★NEW★우대창전골,"25,000원",1
2,막이오름 건대점,크림바지락술찜,"16,000원",1
3,막이오름 건대점,**신메뉴**한우 육회&국수,"25,000원",1
4,막이오름 건대점,**신메뉴**누룽지 치즈 불닭,"17,000원",1
5,막이오름 건대점,**인기**1kg빽합탕,"18,000원",1
6,막이오름 건대점,매콤해물토마토스튜,"16,000원",1
7,막이오름 건대점,마라어묵탕,"18,000원",1
8,막이오름 건대점,어묵탕,"17,000원",1
9,막이오름 건대점,우삼겹야채찜,"14,000원",1
10,막이오름 건대점,매콤제육숙주볶음,"14,000원",1
11,막이오름 건대점,우삼겹국물떡볶이,"10,000원",1
12,막이오름 건대점,카레닭똥집튀김,"9,000원",1
13,막이오름 건대점,치즈베이컨감자튀김,"9,900원",1
14,막이오름 건대점,계란 볶음밥,"5,000원",1
15,막이오름 건대점,쥐포구이,"7,000원",1
16,막이오름 건대점,대구포 구이,"9,000원",1
17,막이오름 건대점,반건조 오징어 구이,"12,900원",1
18,막이오름 건대점,통오족구이,"9,000원",1
19,막이오름 건대점,바사삭 먹태 구이,"14,000원",1
20,막이오름 건대점,먹태&쥐포구이,"17,000원",1
21,막이오름 건대점,氷얼음화채,"9,900원",1
22,막이오름 건대점,氷막걸리빙수(청사과맛),"9,900원",1
23,막이오름 건대점,氷막걸리빙수(자몽맛),"9,900원",1
24,막이오름 건대점,★인기★피치하이볼,"6,000원",1
25,막이오름 건대점,★NEW★스위트애플하이볼,"6,000원",1
26,막이오름 건대점,★인기★미상모히또하이볼,"6,000원",1
27,막이오름 건대점,★NEW★오미자레드하이볼,"6,000원",1
28,막이오름 건대점,★NEW★고흥유자하이볼,"6,000원",1
29,막이오름 건대점,★인기★두레앙포도하이볼,"6,000원",1
30,막이오름 건대점,★인기★스모키얼그레이하이볼,"6,000원",1
31,막이오름 건대점,★NEW★짐빔하이볼,"6,000원",1
32,막이오름 건대점,★NEW★오리지널애플하이볼,"6,000원",1
33,막이오름 건대점,★NEW★안동일품하이볼,"6,000원",1
34,막이오름 건대점,★NEW★서울고량하이볼,"6,000원",1
35,막이오름 건대점,★NEW★만월복분자하이볼,"6,000원",1
0,뉴웨이브서울,뉴웨서피자,"25,000원",1
1,뉴웨이브서울,블루치즈크림뇨끼,"17,000원",1
2,뉴웨이브서울,클래식 라자냐,"19,000원",1
3,뉴웨이브서울,들기름대파,"16,000원",1
4,뉴웨이브서울,미국산 살치살 스테이크(200G),"39,000원",1
5,뉴웨이브서울,Glass Wine,"8,000원",1
6,뉴웨이브서울,바질부팔라,"23,000원",1
7,뉴웨이브서울,프로슈토 루꼴라,"26,000원",1
8,뉴웨이브서울,알프레도크림,"16,000원",1
9,뉴웨이브서울,씨푸드오일,"17,000원",1
10,뉴웨이브서울,페스카토레,"17,000원",1
11,뉴웨이브서울,잠봉루꼴라샐러드,"14,000원",1
12,뉴웨이브서울,부라타토마토,"10,000원",1
13,뉴웨이브서울,이즈니떡볶이,"12,000원",1
14,뉴웨이브서울,트러플프렌치후라이,"9,000원",1
15,뉴웨이브서울,티라미수 아이스크림,"8,000원",1
16,뉴웨이브서울,Red Wine,45000~120000,1
17,뉴웨이브서울,White Wine,45000~100000,1
18,뉴웨이브서울,Sparkling Wine,38000~45000,1
19,뉴웨이브서울,Beer(all 750ml),32000~42000,1
20,뉴웨이브서울,Champagne,"150,000원",1
0,재즈라운지,라자냐,"22,000원",1
1,재즈라운지,양송이타파스,"15,000원",1
2,재즈라운지,치즈플레이트,"18,000원",1
3,재즈라운지,카프레제,"18,000원",1
4,재즈라운지,멜론&하몽,"15,000원",1
5,재즈라운지,치즈케이크,"9,000원",1
6,재즈라운지,올리브마리네이드,"7,000원",1
7,재즈라운지,육포,"15,000원",1
8,재즈라운지,베이컨&치즈 토스트,"15,000원",1
9,재즈라운지,나쵸,"12,000원",1
0,낙원스낵,바질페스토,"33,000원",1
1,낙원스낵,베이컨체다치즈,"32,000원",1
2,낙원스낵,허니포테이토&하프(선택),"30,000원",1
3,낙원스낵,페페로니피자&하프(선택),"29,000원",1
4,낙원스낵,하와이안피자&하프(선택),"29,000원",1
5,낙원스낵,스파이시피자&하프(선택),"29,000원",1
6,낙원스낵,바질페스토피자(하프),"19,000원",1
7,낙원스낵,베이컨체다치즈피자(하프),"18,000원",1
8,낙원스낵,불고기피자(하프),"17,000원",1
9,낙원스낵,페페로니피자(하프),"16,000원",1
10,낙원스낵,하와이안피자(하프),"16,000원",1
11,낙원스낵,스파이시피자(하프),"16,000원",1
12,낙원스낵,불고기피자,"30,000원",1
13,낙원스낵,허니포테이토피자(하프),"17,000원",1
14,낙원스낵,치즈피자(하프),"15,000원",1
15,낙원스낵,트리플피자,"30,000원",1
16,낙원스낵,JMT옥수수,"5,900원",1
17,낙원스낵,낙원프라이즈,"5,900원",1
18,낙원스낵,나쵸&치즈,"5,900원",1
19,낙원스낵,윙&칩스,"8,900원",1
20,낙원스낵,피클,500원,1
21,낙원스낵,갈릭소스,300원,1
22,낙원스낵,코카콜라(500ml),"2,500원",1
23,낙원스낵,페페로니피자,"29,000원",1
24,낙원스낵,치즈피자,"25,000원",1
25,낙원스낵,하와이안피자,"29,000원",1
26,낙원스낵,허니포테이토피자,"30,000원",1
27,낙원스낵,스파이시피자,"29,000원",1
28,낙원스낵,바질페스토*하프(선택),"33,000원",1
29,낙원스낵,베이컨체다치즈&하프(선택),"32,000원",1
30,낙원스낵,불고기피자&하프(선택),"30,000원",1
0,모던통닭 건대역점,모던통닭,"16,000원",1
1,모던통닭 건대역점,반반통닭,"17,000원",1
2,모던통닭 건대역점,마약치킨,"18,000원",1
3,모던통닭 건대역점,양념통닭,"17,000원",1
4,모던통닭 건대역점,크리스피 통닭,"17,000원",1
5,모던통닭 건대역점,계새치킨,"23,000원",1
6,모던통닭 건대역점,오코노미야끼치킨,"19,000원",1
7,모던통닭 건대역점,로제치킨,"19,000원",1
8,모던통닭 건대역점,크리미어니언치킨,"18,500원",1
9,모던통닭 건대역점,치즈폭포불닭,"21,000원",1
10,모던통닭 건대역점,와사비마요치킨,"18,000원",1
0,꼴목,김치전,"10,000원",1
1,꼴목,돼지부추볶음,"12,000원",1
2,꼴목,제주삼치구이,"19,000원",1
3,꼴목,묵은지갈비찜,"15,000원",1
4,꼴목,계란말이,"7,000원",1
5,꼴목,조개탕,"7,500원",1
6,꼴목,닭죽,"4,000원",1
7,꼴목,제주고등어,"13,000원",1
8,꼴목,골뱅이,"15,000원",1
9,꼴목,닭똥집,"12,000원",1
10,꼴목,매운닭발,"10,000원",1
11,꼴목,도시락,"4,000원",1
12,꼴목,매운갈비찜,"14,000원",1
13,꼴목,옛날수제비,"12,000원",1
0,로니로티,목살 스테이크 샐러드,"15,900원",1
1,로니로티,갈릭 삼겹살 스테이크 샐러드,"15,900원",1
2,로니로티,채끝 등심 스테이크 샐러드,"23,900원",1
3,로니로티,채끝 등심 찹 스테이크 샐러드,"23,900원",1
4,로니로티,부채살 스테이크 샐러드,"17,900원",1
5,로니로티,이탈리안 커틀렛,"9,900원",1
6,로니로티,연어 샐러드,"18,900원",1
7,로니로티,새우 샐러드,"18,900원",1
8,로니로티,갈비살 샐러드,"18,900원",1
9,로니로티,샐러드 스파게티,"15,900원",1
10,로니로티,베이컨 까르보나라,"12,900원",1
11,로니로티,해산물 까르보나라,"12,900원",1
12,로니로티,게살 딥 쉬림프 스파게티,"12,900원",1
13,로니로티,치킨 버섯 크림 스파게티,"12,900원",1
14,로니로티,해산물 토마토 스파게티,"11,900원",1
15,로니로티,해산물 올리브 스파게티,"11,900원",1
16,로니로티,해산물 야끼 스파게티,"12,900원",1
17,로니로티,오이스터 크림 스파게티(닭가슴살/베이컨/해산물 선택),"12,900원",1
18,로니로티,차돌박이 상하이 스파게티,"15,900원",1
19,로니로티,눈꽃 치즈 토마토 스파게티,"15,900원",1
20,로니로티,목살 필라프,"13,900원",1
21,로니로티,갈릭 게살 필라프,"13,900원",1
22,로니로티,김치 필라프,"12,900원",1
23,로니로티,새우 필라프,"13,900원",1
24,로니로티,해산물 야끼 필라프,"13,900원",1
25,로니로티,치킨 필라프,"12,900원",1
26,로니로티,해산물 토마토 리조또,"11,900원",1
27,로니로티,크림 리조또(베이컨/해산물 선택),"12,900원",1
28,로니로티,고르곤졸라 피자,"15,900원",1
29,로니로티,마르게리따 피자,"15,900원",1
30,로니로티,하와이언 피자,"17,900원",1
31,로니로티,디아볼라 피자,"17,900원",1
32,로니로티,시금치 피자,"17,900원",1
33,로니로티,리코타 치즈 샐러드,"9,900원",1
34,로니로티,보틀넥 포테이토 샐러드,"9,500원",1
35,로니로티,핑거 텐더 샐러드,"11,900원",1
36,로니로티,버팔로 윙 샐러드,"10,900원",1
37,로니로티,레몬생맥주,"4,500원",1
38,로니로티,청포도 에이드,"5,000원",1
39,로니로티,레몬에이드/복숭아 에이드/오렌지 에이드/체리 에이드/블루 레본에이드/자몽 에이드/블루베리 에이드,"4,500원",1
0,Duff Town,칵테일,"7,000원",1
1,Duff Town,전체메뉴,"10,000원",1
0,Mix Lounge Bar,칵테일,6000~20000,1
1,Mix Lounge Bar,샷잔,6000~30000,1
2,Mix Lounge Bar,바틀,40000~650000,1
3,Mix Lounge Bar,맥주,5000~10000,1
4,Mix Lounge Bar,샴페인,70000~200000,1
5,Mix Lounge Bar,치즈스틱/어니언링&케이준 감자튀김,"10,000원",1
6,Mix Lounge Bar,치즈나쵸,"17,000원",1
7,Mix Lounge Bar,핫 치킨 국물 떡볶이,"18,000원",1
8,Mix Lounge Bar,고르곤졸라/페퍼로니 피자,17000~18000,1
9,Mix Lounge Bar,가라아게 샐러드,"20,000원",1
10,Mix Lounge Bar,모듬 치즈,"25,000원",1
0,사시미,광어회세트,"58,000원",1
1,사시미,대광어 숙성회,"33,000원",1
2,사시미,왕새우조개찜,"30,000원",1
3,사시미,서더리알매운탕,"10,000원",1
4,사시미,생연어회,"33,000원",1
5,사시미,수제비조개탕,"12,000원",1
6,사시미,왕새우찜,"15,000원",1
7,사시미,광어회,"27,000원",1
8,사시미,산낙지회/돌멍게/해삼,"12,000원",1
9,사시미,한그릇 물회,"17,000원",1
10,사시미,전복버터구이,"14,000원",1
11,사시미,우럭회/도미회/숭어회,"33,000원",1
12,사시미,소라찜,"18,000원",1
13,사시미,수제 새우튀김/오징어튀김,"9,000원",1
14,사시미,국물떡볶이,"5,000원",1
15,사시미,랍스터특선세트,"100,000원",1
0,디노노가리술집,대구노가리 한마리,"1,500원",1
1,디노노가리술집,통통노가리,"2,500원",1
2,디노노가리술집,황금노가리,"3,500원",1
3,디노노가리술집,미니황태,"3,500원",1
4,디노노가리술집,한치/마른오징어,"9,900원",1
0,한사바리,생연어회16p/11p,,1
1,한사바리,메뉴,,1
2,한사바리,한우 육회,"17,000원",1
3,한사바리,한우 육사시미,"22,000원",1
0,해남닭집,후라이드치킨,"16,000원",1
1,해남닭집,양념치킨,"17,000원",1
2,해남닭집,간장치킨,"17,000원",1
3,해남닭집,닭강정,"16,000원",1
4,해남닭집,반반치킨,"17,000원",1
5,해남닭집,황도,"9,000원",1
6,해남닭집,감자튀김,"9,000원",1
7,해남닭집,똥집튀김,"13,000원",1
8,해남닭집,간장똥집튀김,"14,000원",1
9,해남닭집,양념똥집튀김,"14,000원",1
10,해남닭집,먹태,"15,000원",1
11,해남닭집,오뎅탕,"14,000원",1
12,해남닭집,번데기탕,"9,000원",1
13,해남닭집,야채샐러드,"2,000원",1
14,해남닭집,병맥주,"4,500원",1
15,해남닭집,사이다,"2,000원",1
16,해남닭집,청하,"5,000원",1
17,해남닭집,콜라 중,"2,000원",1
18,해남닭집,콜라 대,"3,000원",1
0,바인,한방 오리스테이크,"32,000원",1
1,바인,소고기 깻잎 타르타르,"16,000원",1
2,바인,바인 라자냐,"22,000원",1
3,바인,트리플 버섯크림 감자뇨끼,"21,000원",1
4,바인,수비드 된장목살,"29,000원",1
5,바인,관자구이와 감자크림,"18,000원",1
6,바인,부라타치즈 샐러드,"14,000원",1
7,바인,그릴드 버섯 샐러드,"14,000원",1
8,바인,트러플크림 파게리,"21,000원",1
9,바인,레드 라구,"19,000원",1
10,바인,조개 파스타,"19,000원",1
11,바인,플레이트,"32,000원",1
12,바인,초리조딥과 치아바타,"14,000원",1
13,바인,포카치아 바질피자,"12,000원",1
14,바인,팝콘,"7,000원",1
15,바인,믹스볼,"6,000원",1
16,바인,부샤드 초콜릿과 견과류,"4,000원",1
17,바인,딸기 그라니따,"6,000원",1
0,사거리식당,곱도리탕,"29,000원",1
1,사거리식당,마약닭도리탕,"23,000원",1
2,사거리식당,스팸부대찌개,"20,000원",1
3,사거리식당,돼지김치찌개,"18,000원",1
4,사거리식당,납작비빔만두,"14,000원",1
5,사거리식당,세트2 마약닭도리탕+주먹밥+볶음밥,"26,000원",1
6,사거리식당,세트 1 곱도리탕 + 주먹밥or볶음밥,"26,000원",1
7,사거리식당,세트3 매운갈비찜+주먹밥or볶음밥,"26,000원",1
8,사거리식당,세트4 닭다리살구이+주먹밥or볶음밥,"25,000원",1
9,사거리식당,세트5 반반파불+주먹밥or볶음밥,"23,000원",1
10,사거리식당,매운갈비찜,"23,000원",1
11,사거리식당,매운치즈갈비찜,"26,000원",1
12,사거리식당,스팸두부김치,"18,000원",1
13,사거리식당,간장찜닭,"24,000원",1
14,사거리식당,반반파불,"18,000원",1
15,사거리식당,새우품은닭발,"24,000원",1
16,사거리식당,차돌박이쫄면,"20,000원",1
17,사거리식당,유부해물오뎅탕,"16,000원",1
0,코젤다크하우스 건대점,코젤생맥주,"4,000원",1
1,코젤다크하우스 건대점,슈바인스학세,"29,000원",1
0,윤이불닭발,숯불튤립닭발세트,"25,900원",1
1,윤이불닭발,튤립국물닭발세트,"27,900원",1
2,윤이불닭발,숯불무뼈닭발세트,"25,900원",1
3,윤이불닭발,무뼈국물닭발세트,"27,900원",1
4,윤이불닭발,숯불통뼈닭발세트,"27,900원",1
5,윤이불닭발,통뼈국물닭발세트,"26,000원",1
6,윤이불닭발,오돌뼈세트,"25,000원",1
7,윤이불닭발,단품 통뼈국물닭발,"21,000원",1
8,윤이불닭발,단품 튤립국물닭발,"21,000원",1
9,윤이불닭발,단품 숯불통뼈,"18,000원",1
10,윤이불닭발,단품 오돌뼈,"18,000원",1
11,윤이불닭발,단품 무뼈국물닭발,"21,000원",1
12,윤이불닭발,단품 숯불튤립,"18,000원",1
13,윤이불닭발,단품 숯불무뼈,"18,000원",1
14,윤이불닭발,똥집튀김,"7,900원",1
15,윤이불닭발,감자튀김,"7,900원",1
16,윤이불닭발,모둠튀김,"5,900원",1
17,윤이불닭발,파인 샤베트,"7,900원",1
18,윤이불닭발,황도,"5,900원",1
19,윤이불닭발,치즈 볶음밥,"4,000원",1
20,윤이불닭발,양배추 샐러드,"2,000원",1
21,윤이불닭발,주먹밥,"3,000원",1
22,윤이불닭발,왕계란찜,"4,900원",1
23,윤이불닭발,콘치즈,"3,900원",1
24,윤이불닭발,골뱅이 쫄면,"19,900원",1
25,윤이불닭발,돈까스 콤보,"14,900원",1
26,윤이불닭발,국물 떡볶이,"14,900원",1
27,윤이불닭발,닭껍질튀김,"7,900원",1
0,C156,콥샐러드,"15,000원",1
1,C156,드럭치킨,"27,000원",1
2,C156,베이컨 트러플 크림 파케리,"18,000원",1
3,C156,화이트라구 뇨끼,"20,000원",1
4,C156,등심스테이크(250g),"53,000원",1
5,C156,매운해산물파스타,"18,000원",1
6,C156,소꼬리 샤프론 리조또,"22,000원",1
7,C156,로제떡볶이,"24,900원",1
8,C156,C156 김치볶음밥,"17,000원",1
9,C156,쉬림프 시저 샐러드,"17,000원",1
10,C156,해산물 바질 봉골레,"18,000원",1
11,C156,핫메가 프라이즈,"10,000원",1
12,C156,"다양한 음료들 - 커피, 일반음료, 칵테일 등",,1
0,카페 26,아메리카노 Take out,"2,000원",1
1,카페 26,위스키 1oz 30ml,"9,000원",1
2,카페 26,위스키 하이볼,"8,000원",1
3,카페 26,우연 아인슈페너,"6,500원",1
4,카페 26,아몬드크림 아인슈페너,"6,500원",1
5,카페 26,말차 팥 아인슈페너,"6,500원",1
6,카페 26,로투스 아인슈페너,"6,500원",1
7,카페 26,딥 초코 아인슈페너,"6,500원",1
8,카페 26,수제 딸기청 라떼,"6,500원",1
9,카페 26,아메리카노,"4,800원",1
10,카페 26,카페 라떼,"5,300원",1
0,바른치킨 건대역 로봇점,현미바삭,"17,900원",1
1,바른치킨 건대역 로봇점,마라바삭,"21,900원",1
2,바른치킨 건대역 로봇점,달콘바삭,"21,900원",1
3,바른치킨 건대역 로봇점,바질바삭,"21,900원",1
4,바른치킨 건대역 로봇점,반반바삭,"21,900원",1
5,바른치킨 건대역 로봇점,반반바른치킨,"19,900원",1
6,바른치킨 건대역 로봇점,대새레드,"24,900원",1
7,바른치킨 건대역 로봇점,치킨케이크,"34,000원",1
8,바른치킨 건대역 로봇점,통곡물 간장치킨,"19,900원",1
9,바른치킨 건대역 로봇점,대새골드,"24,900원",1
10,바른치킨 건대역 로봇점,대새핫블랙,"24,900원",1
11,바른치킨 건대역 로봇점,대새블랙,"24,900원",1
12,바른치킨 건대역 로봇점,대새트리플,"33,900원",1
13,바른치킨 건대역 로봇점,팍뿌리까,"19,900원",1
14,바른치킨 건대역 로봇점,바른양념치킨,"19,900원",1
15,바른치킨 건대역 로봇점,꿀마늘치킨,"19,900원",1
16,바른치킨 건대역 로봇점,달콤강정,"21,900원",1
17,바른치킨 건대역 로봇점,순덕이세트(혼자닭) - 1인,"18,900원",1
18,바른치킨 건대역 로봇점,순덕이세트(함께닭) - 2인,"27,900원",1
19,바른치킨 건대역 로봇점,바른크림떡볶이,"9,900원",1
20,바른치킨 건대역 로봇점,바른 치즈 떡볶이,"8,900원",1
21,바른치킨 건대역 로봇점,바른짜장떡볶이,"8,900원",1
22,바른치킨 건대역 로봇점,고구마치즈볼,"5,000원",1
23,바른치킨 건대역 로봇점,고구마튀김,"2,500원",1
24,바른치킨 건대역 로봇점,멘보샤,"3,900원",1
25,바른치킨 건대역 로봇점,바른튀김만두(고기),"1,000원",1
26,바른치킨 건대역 로봇점,바른튀김만두(김치),"1,000원",1
27,바른치킨 건대역 로봇점,모둠 감자튀김,"7,900원",1
28,바른치킨 건대역 로봇점,고추&김말이튀김,"8,900원",1
29,바른치킨 건대역 로봇점,덕장 먹태,"14,900원",1
30,바른치킨 건대역 로봇점,황태튀각,"5,900원",1
31,바른치킨 건대역 로봇점,목도리 한치,"14,900원",1
0,교촌치킨 건대점,반반점보윙(레드/허니),"19,000원",1
1,교촌치킨 건대점,허니순살치면세트,"25,000원",1
2,교촌치킨 건대점,레블반반콤보,"23,000원",1
3,교촌치킨 건대점,레드콤보,"23,000원",1
4,교촌치킨 건대점,반반콤보,"23,000원",1
5,교촌치킨 건대점,허니콤보,"23,000원",1
0,호맥 건대점,치즈 불고기 호떡,"14,000원",1
1,호맥 건대점,베이컨 치즈 호떡,"14,000원",1
2,호맥 건대점,오지치즈 나쵸,"8,500원",1
3,호맥 건대점,분모자 떡볶이,"9,500원",1
4,호맥 건대점,소세지&감자튀김,"10,500원",1
5,호맥 건대점,반건조 오징어 튀김,"11,000원",1
6,호맥 건대점,카스,"5,000원",1
7,호맥 건대점,클라우드,"5,000원",1
8,호맥 건대점,스텔라,"6,500원",1
9,호맥 건대점,호가든 로제,"6,500원",1
10,호맥 건대점,서머스비애플,"7,000원",1
11,호맥 건대점,허니브라운,"8,000원",1
12,호맥 건대점,칠리페퍼로니 호떡,"13,500원",1
13,호맥 건대점,버니니 클래식,"8,500원",1
14,호맥 건대점,코젤다크,"9,000원",1
15,호맥 건대점,블랑 1664,"9,000원",1
16,호맥 건대점,데스페라도스,"9,000원",1
17,호맥 건대점,빅 웨이브,"9,500원",1
18,호맥 건대점,클라우스탈러 클래식,"5,500원",1
19,호맥 건대점,클라우스탈러 레몬,"6,000원",1
20,호맥 건대점,처음처럼,"5,000원",1
21,호맥 건대점,참이슬,"5,000원",1
22,호맥 건대점,진로이즈백,"5,000원",1
23,호맥 건대점,크림새우 호떡,"13,000원",1
24,호맥 건대점,새로,"5,000원",1
25,호맥 건대점,토마토감바스&브라운브레드,"13,000원",1
26,호맥 건대점,먹태,"13,000원",1
27,호맥 건대점,로제치킨,"14,000원",1
28,호맥 건대점,핫 버팔로 스틱,"14,000원",1
29,호맥 건대점,순살치킨,"15,000원",1
30,호맥 건대점,통감자 멘보샤,"15,000원",1
31,호맥 건대점,콜라,"2,000원",1
32,호맥 건대점,제로콜라,"2,000원",1
33,호맥 건대점,사이다,"2,000원",1
34,호맥 건대점,초코 마카다미아 호떡,"13,500원",1
35,호맥 건대점,애플시나몬 호떡,"13,000원",1
36,호맥 건대점,앙설탕호떡,"12,500원",1
37,호맥 건대점,오지치즈 후라이,"8,500원",1
38,호맥 건대점,수제 페스츄리 스틱,"8,500원",1
39,호맥 건대점,파마산 고구마 튀김,"8,500원",1
0,대구 안지랑곱창막창 건대점,생막창 1인분,"12,800원",1
1,대구 안지랑곱창막창 건대점,훈제막창 1인분,"12,800원",1
2,대구 안지랑곱창막창 건대점,데리야끼막창,"25,800원",1
3,대구 안지랑곱창막창 건대점,양념막창 2인분,"25,800원",1
4,대구 안지랑곱창막창 건대점,소곱창전골,"33,300원",1
5,대구 안지랑곱창막창 건대점,돼지곱창전골,"22,200원",1
6,대구 안지랑곱창막창 건대점,곱창 한바가지 2인분,"17,800원",1
7,대구 안지랑곱창막창 건대점,염통 1인분,"6,500원",1
8,대구 안지랑곱창막창 건대점,삼겹살,"7,800원",1
9,대구 안지랑곱창막창 건대점,고추장 불고기,"7,800원",1
0,스미레,(대표)스키야키 코스,"25,000원",1
1,스미레,차돌양지 스키야키,"22,000원",1
2,스미레,맛보기 코스,"18,000원",1
3,스미레,맛보기코스,"15,000원",1
4,스미레,쿠시아게 10종 16종,16000~21000,1
5,스미레,차돌박이 샐러드,"16,000원",1
6,스미레,문어초회,"16,000원",1
7,스미레,매콤치킨 가라아게,"14,000원",1
8,스미레,치킨난방,"16,000원",1
9,스미레,얼큰짬뽕,"20,000원",1
10,스미레,나가사키 짬뽕,"20,000원",1
0,권셰프입니다,수비드 목살 로제 해산물 파스타,"23,000원",1
1,권셰프입니다,수비드 통닭 크림 해산물 파스타,"25,000원",1
2,권셰프입니다,수비드 통닭 로제 해산물 파스타,"25,000원",1
3,권셰프입니다,해산물 토마토 파스타,"11,900원",1
4,권셰프입니다,그릴 찹스테이크,"19,000원",1
5,권셰프입니다,뚝배기 피자,10000~12000,1
6,권셰프입니다,까르보나라,"10,900원",1
0,우마이도 건대점,미니차슈덮밥,"5,000원",1
1,우마이도 건대점,돈코츠 라멘 오리지날,"9,000원",1
2,우마이도 건대점,돈코츠 라멘 매운맛,"9,000원",1
3,우마이도 건대점,돈코츠 라멘 시로마루,"9,000원",1
4,우마이도 건대점,생맥주,"4,000원",1
5,우마이도 건대점,교자,"4,000원",1
0,중독족발,소주,"5,000원",1
1,중독족발,맥주,"5,000원",1
2,중독족발,막국수 소,"10,000원",1
3,중독족발,막국수 대,"15,000원",1
4,중독족발,중독 3단콤보,"47,000원",1
5,중독족발,왕족,"29,000원",1
6,중독족발,미니족,"18,000원",1
7,중독족발,막걸리,"4,500원",1
8,중독족발,매화수,"7,000원",1
9,중독족발,청하,"6,000원",1
10,중독족발,쿨피스,"2,000원",1
11,중독족발,음료,"2,000원",1
12,중독족발,계란찜,"3,500원",1
13,중독족발,주먹밥,"3,500원",1
14,중독족발,공기밥,"1,000원",1
0,온달집 건대점,닭다리살,"13,000원",1
1,온달집 건대점,꼼장어,"13,000원",1
2,온달집 건대점,무뼈닭발,"13,000원",1
3,온달집 건대점,닭똥집,"13,000원",1
4,온달집 건대점,간장마요밥,"6,000원",1
5,온달집 건대점,심야우동,"7,000원",1
6,온달집 건대점,치즈떡복이,"14,000원",1
0,건대스시,모듬초밥,"13,000원",1
1,건대스시,커플 세트 (2인),"26,000원",1
2,건대스시,간장새우덮밥,"12,000원",1
3,건대스시,생 연어롤,"12,000원",1
4,건대스시,특모듬사시미,"50,000원",1
