,rst_name,user_name,review_text,u_rst_tag,ate_menus,date,platform
0,대동집 건대점,깐깐한아부지,회식으로 종종 오는 곳입니다. 음식 대부분이 맛있고 가성비도 좋은 분이예요~,저녁식사 식사모임 술모임 지역주민이찾는 푸짐한 서민적인,대동 순살 찜닭 녹두 해물 파전,3월 3일,1
1,대동집 건대점,애호박전,맛도맛이지만 가성비가 미쳤음 저렴한 가격에 푸짐하게 먹을 수 있는 맛집,식사모임 술모임 서민적인 가성비좋은,녹두반반파전 대동보쌈,2월 21일,1
2,대동집 건대점,민스,감자전과 치즈불닭 두개다 맛잇게 먹었어요. 안주 맛있어요,술모임 가성비좋은,치즈불닭볶음&주먹밥,2023년 11월 1일,1
3,대동집 건대점,따라,맛있어요 분위기도 좋고 양이 정말 많아서 맛잇게 잘 먹었습니다,저녁식사 식사모임 술모임 혼술 캐주얼한 가성비좋은,반반파전 치즈불닭,2023년 4월 6일,1
0,도원,왐냠냠,"2층에 개별룸이 따로 있고, 조용해서 마음에 들었오요. 1층은 상대적으로 시끌벅적한 느낌? 글고 명란치즈감자전에 치즈 왕창 뿌려주고 감자도 갈은 감자라 쫄깃하고 맛있었어요. 전이 식으니까 밑에 촛불(?)로 데워주시더라구요. 매니저님이 인상깊게 친절하셔서 나중에도 가려구요!",술모임 시끌벅적한 예쁜 개별룸,명란치즈감자전,2시간 전,1
1,도원,말괄량이삐삐,"건대술집중 건대안주맛집으로, 건대 룸술집으로 완전 강추해요!! 수제요리주점이라 역시 안주가 다 맛있고 푸짐하고 이뻐요~~👍 건대데이트코스로 장소추천하고, 베이컨페퍼로니치즈김치전 최고🍕😍",저녁식사 식사모임 술모임 회식 데이트 기념일 서민적인 캐주얼한 가성비좋은 푸짐한 예쁜,베이컨 페퍼치즈 김치전 도원 수제 유린기 신선주,4시간 전,1
2,도원,민스,안주가 맛있고 푸짐해서 만족하는 술집이었습니다. 제가 주문한 유린기는 고기가 듬뿍 들어가고 소스랑도 잘 어울렸습니다. 신선술집 도원은 도원만의 복숭아맛 술 부터 소주 등 술 종류가 다양한 편이었고 매장 내부가 어둑한데 분위기가 좋았습니다. 신선술집이라는 컨셉에 맞추어 인테리어가 빛나는 조명등이 설치되어 있어서 술 먹기에 좋은 조명과 분위기였습니다. 좌석은 단체석도 있고 룸처럼 분리된 좌석도 있었습니다. 화장실도 내부에 위치하고 있는데 깔끔하고 비치된 물품도 세심하게 챙겨져있습니다. 도원의 직원분들도 친절해서 다음에 또 갈 것 같습니다.,술모임 가성비좋은 대형룸,유린기,2023년 6월 5일,1
3,도원,lina22,도원 순대 맛있고 안주 전체적으로 깔끔해요. 젊은이들이 많아서 좀 시끌벅적합니다.,술모임 시끌벅적한,모듬순대(중) 미나리 새우전,3월 7일,1
4,도원,티라노민경,건대에 있는곳치고 맛도 좋고 개별룸에 가격도 합리적이였어요! 재방문의사 있습니다!,식사모임 저녁식사 술모임 가성비좋은 푸짐한 시끌벅적한 주차불가 개별룸,육전과 부추파절이 도원 버섯 샤브칼국수 과일화채 술국 녹차아이스크림과 꿀호떡 족살수육(중) 매콤막국수,3월 2일,1
5,도원,밍크랫,대학교 거리에 많이 있을 법한 술집. 무난무난한 느낌.,저녁식사 식사모임 술모임,메뉴판이미지참조,2023년 6월 11일,1
0,도원,왐냠냠,"2층에 개별룸이 따로 있고, 조용해서 마음에 들었오요. 1층은 상대적으로 시끌벅적한 느낌? 글고 명란치즈감자전에 치즈 왕창 뿌려주고 감자도 갈은 감자라 쫄깃하고 맛있었어요. 전이 식으니까 밑에 촛불(?)로 데워주시더라구요. 매니저님이 인상깊게 친절하셔서 나중에도 가려구요!",술모임 시끌벅적한 예쁜 개별룸,명란치즈감자전,5시간 전,1
1,도원,말괄량이삐삐,"건대술집중 건대안주맛집으로, 건대 룸술집으로 완전 강추해요!! 수제요리주점이라 역시 안주가 다 맛있고 푸짐하고 이뻐요~~👍 건대데이트코스로 장소추천하고, 베이컨페퍼로니치즈김치전 최고🍕😍",저녁식사 식사모임 술모임 회식 데이트 기념일 서민적인 캐주얼한 가성비좋은 푸짐한 예쁜,베이컨 페퍼치즈 김치전 도원 수제 유린기 신선주,7시간 전,1
2,도원,민스,안주가 맛있고 푸짐해서 만족하는 술집이었습니다. 제가 주문한 유린기는 고기가 듬뿍 들어가고 소스랑도 잘 어울렸습니다. 신선술집 도원은 도원만의 복숭아맛 술 부터 소주 등 술 종류가 다양한 편이었고 매장 내부가 어둑한데 분위기가 좋았습니다. 신선술집이라는 컨셉에 맞추어 인테리어가 빛나는 조명등이 설치되어 있어서 술 먹기에 좋은 조명과 분위기였습니다. 좌석은 단체석도 있고 룸처럼 분리된 좌석도 있었습니다. 화장실도 내부에 위치하고 있는데 깔끔하고 비치된 물품도 세심하게 챙겨져있습니다. 도원의 직원분들도 친절해서 다음에 또 갈 것 같습니다.,술모임 가성비좋은 대형룸,유린기,2023년 6월 5일,1
3,도원,lina22,도원 순대 맛있고 안주 전체적으로 깔끔해요. 젊은이들이 많아서 좀 시끌벅적합니다.,술모임 시끌벅적한,모듬순대(중) 미나리 새우전,3월 7일,1
4,도원,티라노민경,건대에 있는곳치고 맛도 좋고 개별룸에 가격도 합리적이였어요! 재방문의사 있습니다!,식사모임 저녁식사 술모임 가성비좋은 푸짐한 시끌벅적한 주차불가 개별룸,육전과 부추파절이 도원 버섯 샤브칼국수 과일화채 술국 녹차아이스크림과 꿀호떡 족살수육(중) 매콤막국수,3월 2일,1
5,도원,밍크랫,대학교 거리에 많이 있을 법한 술집. 무난무난한 느낌.,저녁식사 식사모임 술모임,메뉴판이미지참조,2023년 6월 11일,1
0,서울낙업,조이,"건대 골목에 숨어있는, 낮에는 일식당 저녁에는 이자카야.  • 내부 반지하같은 구조에 위치한 작은 식당. 매우 작은 규모로, 2인용 테이블이 6-7개 정도 있습니다. 오픈 키친 구조이며, 한켠에는 외투 옷걸이까지 준비되어 있습니다. 매우 깔끔하고 심플한 인테리어이며, 중간 중간 소품으로 멋을 냈습니다.  • 메뉴 점심에는 일식당, 저녁에는 이자카야를 전면에 내세운 곳입니다. 워낙 음식솜씨가 좋은 편이라 저녁에도 술보다도 안주가 더 잘 나간다고 합니다. 점심에는 오픈런하지 않으면 오반자이는 먹기 힘들고, 가볍게 덮밥으로 나오는 사케동이나 사천가라아게동이나 퀄리티는 매우 좋은 편입니다. 보기에만 좋은게 아니라, 연어는 아주 신선하고 탱글탱글해 좋은 부위를 쓰신다는게 느껴졌고, 밥 양만 무작정 많지 않은 여타 다른 사케동과는 비교가 되지 않을 정도로 연어 양도 많이 넣어주십니다. 저녁에는 차돌박이 참깨나베와 하이볼 다양한 종류로 먹어봤는데 (사진이 없네요) 전골류 좋아하시는 분들은 호불호없이 좋아하실듯 합니다. 그 외에도 마라가지튀김, 치폴레양배추구이 등 숨어있는 고수메뉴들이 많으니 여럿이서 방문해 마음껏 드셔보시길 권합니다.  • 주차 골목에 위치해 있어 주차는 불가능합니다.  • 화장실 식당 내부 안쪽에 위치해 있으며 남녀공용입니다. 매우 깨끗한 편이며, 가글도 준비되어 있습니다.",점심식사 저녁식사 식사모임 술모임 회식 데이트 친구들끼리 숨은맛집 캐주얼한 깔끔한 주차불가,사케동 사천가라아게동 차돌박이 참깨나베 마라가지튀김 치폴레알배추구이,2023년 9월 28일,1
1,서울낙업,구파,연어모둠 먹었는데 맛있네요 한가지러 다양하게 먹을 수 있어서 좋았음 꼬치도 바로 나와서 굿굿 하이볼 추천,술모임 조용한,연어모둠사시미 하이볼,2월 23일,1
2,서울낙업,bibi,건대에 위치한 분위기 좋은 미니 이자카야! 내부도 깔끔하고 안주도 맛있고 대체적으로 다 취저였던 서울낙업 메뉴 중 에서는 알배추구이를 완전 추천함,식사모임 술모임 데이트 서민적인 캐주얼한 깔끔한,치폴레알배추구이 사천가라아게 유자하이볼,2023년 5월 4일,1
3,서울낙업,브로콜리,아기자기하고 편한 느낌을 주던 일식집! 음식도 맛있고 가격대도 합리적인 듯,점심식사 저녁식사 혼밥 데이트 서민적인 깔끔한 이국적/이색적,오반자이 스테이크동 사케동,2023년 2월 1일,1
0,요비,장지우,건대에서 이자카야 찾는다면! 너무 시끄럽지도 조용하지도 않은 곳 찾눈다면 요비,술모임 숨은맛집,2인사시미 핫닭껍질튀김,2023년 11월 1일,1
1,요비,BigLove,"룸술집은 아니지만 커텐 치고 앉을수 있는 자리가 대부분이 있고 그래서 적당히 프라이빗하게 이야기할수 있는 술집이에요. 이자카야 특유의 분위기가 좋은 집인데 안주도 맛있고 가격도 합리적이라 참 좋습니다.  일단 소주가 4천원인게 맘에 들어요. 4천5백원, 5천원인 곳이 파다한데 요즘.. 안주가 이가격에 이정도 양이라니..가성비 좋구 sns에 인증하면 사시미 구이도 주는데 이 사시미 구이가 밥 한공기 뚝딱할 양입니다.  이집 흥했으면 좋겠지만 사람 너무 많아져서 저 못가면 안되니까 적당히 잘됐음 좋겠어요.",술모임 회식 데이트 숨은맛집 캐주얼한 가성비좋은 조용한 시끌벅적한 깔끔한 지역주민이 찾는,소고기숙주볶음,2020년 1월 12일,1
2,요비,jj,커튼 치고 앉을 수 있는 자리가 있어요. 생연어사시미와 나비초밥이 맛있고 모찌리도후는 쫀득하기보단 순두부같아요. 연어를 먹고 싶다면 추천!,저녁식사 술모임 시끌벅적한 경관/야경이좋은 개별룸,생연어사시미 나비초밥 모찌리도후 우럭튀김,2022년 7월 11일,1
3,요비,youandme,편안하게 술 마실 수 있는 이자카야입니다 커튼으로 공간을 분리할 수 있어 조용하게 이야기하면서 술 마시기 좋아요 ㅎㅎ 안주도 맛있었습니다👍,술모임 데이트 캐주얼한 가성비좋은 푸짐한 지역주민이찾는 개별룸,소고기 숙주볶음,2020년 4월 18일,1
4,요비,떠나자토토,안주가 괜찮아요~ 1인 사시미가 딱 괜춘 룸 같은 곳이 있어서거기 분위기가 좋을 것 같아요..!!,술모임 데이트 캐주얼한,나가사키 짬뽕 1인 사시미 계란말이,2021년 11월 5일,1
5,요비,강민식,건대에서 오래된 이자카야로 단골들이 많은 술집입니다. 통우럭구이와 연어사시미가 특히 제가 좋아하는 메뉴이니 꼭 한 번 드셔보시길 추천해드립니다. 진짜 맛있습니다. 2인 사시미도 추천해드려요. 이제 들어가면 먼저 반겨주시는 사장님 덕분에 갈 때마다 기분이 좋아지는 곳이에요.ㅎㅎ,술모임 혼술 회식 숨은맛집 가성비좋은 푸짐한 예쁜 깔끔한 지역주민이 찾는 개별룸,,2018년 10월 30일,1
0,일광,kms0303,2차로 가기 적당한 술집 꼬치류가 맛있는 편이다 매장이 넓진 않고 음식은 금방 나온다,데이트 혼술 캐주얼한,수제꼬치7종,2023년 11월 10일,1
1,일광,youandme,음식들도 맛있고 내부는 작지만 편안한 분위기에 술 한 잔 하기 좋습니다👍 안주가 맛있어서 여기오면 항상 과음하게 되네요 ㅎㅎ 사장님도 친절하시고 건대에서 술 마실때 자주 가는 곳이예요,저녁식사 술모임 데이트 숨은맛집 서민적인 캐주얼한 가성비좋은 푸짐한 깔끔한 이국적/이색적 지역주민이찾는,김치가츠우동나베 꼬치 세트,2020년 4월 26일,1
2,일광,떠나자토토,진짜 찐 맛집! 꼬지에 불맛이 나고 닭고기가 쫄깃하고!!!!! 팽이버섯꼬지도 진짜 맛남! 위치도 가게 크기도 정말 숨은 맛집!! 둘이서 오붓하게 와서 한 잔 하기 좋음!,저녁식사 데이트 숨은맛집 시끌벅적한 깔끔한,타코와사비 꼬지세트,2021년 6월 27일,1
3,일광,테이스티베이스,진짜 존맛이에요. 기억하고 싶어서 다이닝코드에 남겨요. 조심! 안주 너무 맛있어서 과하게 취할 수 있습니다! 사장님도 넘 친절했어요!,저녁식사 식사모임 술모임 격식있는 가성비좋은 푸짐한 시끌벅적한 주차불가,김치나베 회,2022년 1월 17일,1
4,일광,Sung Jo Kim,,저녁식사 술모임 데이트 기념일 숨은맛집 가성비좋은,나가사끼짬뽕 문어가라아케,2019년 1월 16일,1
0,짱돌,뚜띠,건대에 있는 여성전용 술집입니다 여성들만 입장이 가능해서 안심하고 술마실 수 있어요 안주 맛있는데 내부가 좀 소리 울리는 곳이라 한테이블이 시끄럽게 굴면 대화소리가 안들리는게 단점입니다  그 외엔 다 좋았어요,술모임 식사모임 가성비좋은 시끌벅적한,맛있는튀김세트,2023년 10월 7일,1
1,짱돌,웅앵,"안주, 음식류가 맛있는 곳이라 친구들하고 가기 좋습니다! 여성만 입장이 가능한 곳이라서 여자인 친구들하고 가기 좋아요~!!  토마토맥주 진짜 추천하고 시즌메뉴인 칵테일은 좀 호불호엄청갈려요",저녁식사 술모임 숨은맛집 깔끔한 시끌벅적한,토마토맥주 여름바다 모히또(한정판매) 닭대파구이,2023년 10월 8일,1
2,짱돌,바닐라 라테,닭대파구이 정말 간도 적당하고 맛있어요. 모든 메뉴들이 따뜻하게 나와 정성이 가득하다고 느껴졌어요. 토마토 맥주가 여름에 시원하고 이색적으로 즐길 수 있을 것 같아요. 여성전용 술집이라 매우 깔끔하고 안전하다고 느껴집니다. 재 방문 예정입니다. 번창하세요 🤍💪🏼🥂,배달 점심식사 저녁식사 술모임 혼카페 혼밥 혼술 데이트 가족외식 간식 숨은맛집 캐주얼한 가성비좋은 푸짐한 시끌벅적한 예쁜 깔끔한 경관/야경이좋은 지역주민이찾는,소주토닉세트 대파닭구이 야채구이 토마토맥주 팝콘 새우튀김 기린이치방병맥주,2023년 5월 14일,1
3,짱돌,해맥,"이렇게 맛있는 안주가 있는 여성전용 술집이 생겨서 아주 좋아요.  1. 위치 : 건대역에서 아주 가까워서 찾기 쉽고 가기 쉬워요. 초록초록한 장식의 검정색 대문을 찾으면 돼요. 신분증 필참!  2. 공간 : 아늑한 실내 대기 공간이 있어요.2인석 4인석 등 다양한 좌석이 있고 인테리어가 정말 예뻐요. 곳곳에 신경쓰신 게 느껴졌어요.  3. 안주 : 기본안주는 땅콩버터프레첼이 나와서 아주 맛있어요. 닭대파구이, 오이토마토샐러드 추천합니다 꼭 드셔보세요. 모듬감자튀김과 꼬치어묵 팝콘도 맛있어요. 테이블마다 있는 태블릿으로 편하게 주문할 수 있어요.  4. 총평 : 여성전용 공간인 만큼 매우 깔끔하고 예쁘고 화장실까지 만족스러웠어요. 직원분들도 모두 친절하세요. 여자 가수 노래만 나오는 것도 좋았습니다.",술모임 데이트 기념일 숨은맛집 캐주얼한 예쁜 깔끔한 여성전용 대기석,,2023년 1월 16일,1
4,짱돌,밥밥디라라,여성전용술집~ 음식 다 맛있습니다! 그것보다 사장님이 매우 친절하시고 생리대 비치된 깨끗한 화장실이 기억에 남습니다~ 굿~^^,술모임 데이트 캐주얼한 깔끔한,모둠 수제 소세지 닭대파구이 순두부라면,2023년 8월 28일,1
0,무이,먹죽귀,어린이대공원역 근처에 위치한 이자카야 무이 다녀왔어요  특이하게 2층과 3층을 동시에 운영하고 있었고 2층은 커플 위주의 테이블이 있었고 3층은 단체 모임에 특화돼 있었습니다  태블릿으로 메뉴를 주문하고 술은 셀프로 가져다 먹고 나중에 한 번에 계산하는 스타일이었어요  저희는 국물류가 당겨 스키야키와 명란구이를 주문했습니다  스키야키는 불고기 스타일이 조금 강했고 재료들도 신선했어요  다만 같이 즐길 수 있는 계란 노른자가 없는 건 조금 아쉬웠어요  명란 구이도 생각보다 짜지 않았고 오이와 궁합이 좋았습니다  거기에 치즈 떡 구이와 타코와사비 까지 같이 나왔는데 가격 대비 굉장히 좋은 안주였어요  전체적으로 가성비도 좋고 음식도 굉장히 맛이 좋았습니다,저녁식사 술모임 데이트 숨은맛집 캐주얼한,스키야끼 무이 플레이트,2023년 4월 28일,1
1,무이,happy,조용하고 안주도 부담없이 즐길수있는 메뉴들이예요 어린이공원 근처오면 오고 싶고 다인원 모임갖기에도 굳!,데이트 서민적인 가성비좋은,고등어 봉초밥 모츠나베,1월 30일,1
2,무이,bibi,어린이대공원역에 새로 오픈 한 술집 크림우동이 진짜 맛있으니 왕 추천,술모임 회식 캐주얼한,크림우동,2023년 4월 5일,1
0,만경상회 건대본점,하뇽뇽,리뷰 후 받은 연어장은 냄새가 나서 못먹겠고 육회는 너무 냉동에 냄새났습니다ㅜ 그래도 직원분들은 친절했어요,술모임 서민적인 시끌벅적한 지역주민이찾는,육회,3월 5일,1
1,만경상회 건대본점,가방,발코니 같은 곳에서 먹으니 분위기도 나고 매우 좋음. 친절하고 괜츈하다 그러나 메인이라고 할 수 있는 메뉴가 특별히 맛있다는 생각이 별로...,가족외식 캐주얼한,[5종 모듬플래터] 보.꼬.새.연,2023년 10월 30일,1
2,만경상회 건대본점,bibi,건대입구에 위치한 만경상회 보꼬새연 메뉴 꼭 시키세요 양도 많고 너무너무 맛있어요 육회도 진짜 넘 맛있고 대게 내장밥도 최고임…,배달 저녁식사 식사모임 캐주얼한 푸짐한,보꼬새연(보쌈+꼬막+육회+연어+새우) 대게 내장밥,2023년 8월 9일,1
3,만경상회 건대본점,Daeyoung Kim,새우장 연어장 맛있어요 짜지않아서 신기신기 술모임하기 딱좋네요 네이버로예약하면 새우장 서비스로 주심,술모임 데이트 서민적인 시끌벅적한,연어장,2019년 7월 4일,1
4,만경상회 건대본점,티나야,다같이 모여 회식하기에 좋습니다. 음식도 맛있고 분위기도 좋아요.,회식 시끌벅적한,보꼬세연세트,2022년 7월 21일,1
0,홍콩포차,Q for JMT,건대-어린이대공원역 인근에 있는 홍콩포차! 무제한 고기도 먹을 수 있어요!,저녁식사 식사모임 회식 가족외식 가성비좋은 푸짐한,"무한리필(삼겹살,목살,갈매기,된장찌개",2023년 3월 7일,1
1,홍콩포차,스리,식당이 엄청 커서 회식하기 좋아요 고기집 정백정이랑 같이 운영하고 있어서 다양하게 먹을수있어서 좋아요,저녁식사 회식 시끌벅적한 경관/야경이좋은 야외좌석(테라스),고기 닭발,2022년 10월 9일,1
2,홍콩포차,밤비,대학생들 모임하기 좋은 포차인 것 같아요! 가성비 좋았습니다~,모임 시끌벅적한,치킨 맥주,2022년 9월 19일,1
0,리파인 건대점,단미,매장이 차분하고 조용해서 좋았어요  조용한 분위기의 감성 술집찾으신다면 추턴드려요  음식도 퓨전핰식으로 진짜 맛있었어요,술모임 데이트 기념일 예쁜 깔끔한,바지락술찜 크림수제비 사과하이볼,2023년 11월 1일,1
0,재즈레스토랑,이희연,"학교 근처인데다가 과 선배, 동기랑도 자주 가는 술집! 거의 1차로 갈 때에만 받아주시지만 음식 양은 물론 술값이 굉장히 싼 편이라 아주 좋아요 :) 특히 돈까스 안주는 과일이랑 같이 나오는데 양이 정말 푸짐해요! 기본안주는 팝콘인데 셀프로 가져가서 먹는거예요. 수저나 물, 술도 다 셀프고요. 제가 찍은 산사춘은 심술 먹으면 같이 주시는 작은 선물(?) 같은거예요.",저녁식사 술모임 회식 숨은맛집 가성비좋은 푸짐한 시끌벅적한,돈까스 안주 오무라이스 심술 12,2021년 3월 27일,1
1,재즈레스토랑,요호이,양 진짜 많아오. 상상이상으로 많아요. 사장님분들이 너무 친잘하세요ㅠ,저녁식사 술모임 데이트 서민적인 가성비좋은,골뱅이무침 알탕,2021년 10월 18일,1
0,시선,혯님이,건대 답게 힙하고 가성비 완전 좋아요 나베 진짜 맛있었어요 꼭 드세요 메뉴도 많고 일단 일본풍이라 더 느낌있었어요 고양이가 그려진 잔도 이쁘고 노래도 일본 시티팝 나왔으면 진짜 좋았을 거 같아요 여기 강추에요,식사모임 술모임 회식 데이트 기념일 숨은맛집 서민적인 캐주얼한 가성비좋은 시끌벅적한 예쁜 이국적/이색적,소고기스끼야끼(소유),2023년 9월 12일,1
1,시선,bibi,건대입구역에 새로생긴 신상술집 이자카야 시선! 일본감성을 느낄 수 있는 인테리어로 이국적인 느낌을 느낄 수 있고 넓어서 이용하기 좋은 술집이다.,술모임 캐주얼한 시끌벅적한 이국적/이색적,요구르트샤베트 딸기하이볼 기린생맥주,2023년 5월 12일,1
2,시선,떡볶이좋아맨,이자카야 중에서는 안주가 저렴한 편입니다. 하이볼 종류가 다양하고 얼그래이 하이볼이 맛있었어요.,술모임 캐주얼한 야외좌석(테라스),모듬사시미,2023년 5월 25일,1
0,해일로,꼬치,사장님이 엄청 친절하세요. 어묵탕은 조금 짰지만 술 종류가 다양해서 좋아요.,데이트 술모임 저녁식사 조용한 예쁜 캐주얼한,어묵탕 명랑스컬,3월 3일,1
1,해일로,mia,음식들이 특색있고 맛도 좋아요. 내부가 아늑해서 데이트하기 좋았습니다~,술모임 저녁식사 혼술 데이트 캐주얼한 조용한,한우 타르타르 메밀국수와 단새우 약과 바닐라 한라산 오색약수터 옥춘대길,2023년 8월 1일,1
0,화양슈퍼,리나,가성비 좋아요 오뎅도 맛있어요 이차로 먹기좋은곳같아요 사람많아요,술모임 간식 가성비좋은 시끌벅적한 이국적/이색적,떡볶이 오뎅,2022년 5월 24일,1
0,후타리 본,김수윤,한우스키야끼 양도 진짜 많고 깔끔하고 맛있었습니다 ㅎㅎㅎ,데이트 고급스러운,한우 스끼야끼,2023년 8월 5일,1
1,후타리 본,먹을래용,그냥 술집정도로 생각했는데 스끼야끼 퀄리티가 상당했어요,술모임 푸짐한,한우 스끼야끼,2023년 7월 3일,1
2,후타리 본,bibi,건대에서 넓고 안주 맛집을 찾는다면 후타리본 추천!! 진심 다 맛있고 사장님도 넘 친절하셔요,술모임 회식 가성비좋은 푸짐한 시끌벅적한 깔끔한,마스카포네 치즈곶감 유린기 기린생맥주 모츠나베,2023년 4월 16일,1
0,질서정연,회콩,진짜 진짜 맛있어요 ㅠㅠ 내 최애 술집 .. 사랑해요 질서정연,술모임 데이트 기념일 숨은맛집 캐주얼한 고급스러운 격식있는 가성비좋은 예쁜 깔끔한 지역주민이찾는 주차불가,크림누룽지그라탕 국물떡볶이 새로 떡튀김 숙주라면,2023년 2월 22일,1
1,질서정연,bibi,일단 건대에 있는 술집중에 제일 깔끔하고 분위기가 좋아요 그리고 안주가 다 맛있음 ㅠㅠ 컵에 글씨 쓸 수 있는 펜도 준비되어 있어서 기념일때 가기 좋아요!!,식사모임 술모임 기념일 숨은맛집 캐주얼한 깔끔한,돼지김치탕 제육한판,2021년 1월 30일,1
0,후토,졔래미,진짜 존맛임... 주말에는 꼭 예약을 해두는게 좋을 것 같음...! 매우 일찍 갈게 아니면....!,술모임 데이트 캐주얼한 시끌벅적한 지역주민이찾는 주차불가,명란크림우동 통오징어짬뽕,2023년 11월 5일,1
1,후토,떠나자토토,"분위기는 약간 어둑하면서 이자까야 느낌 물씬 ! 자리는 별로 없는 편이고 두 명이서 갔다면 바 자리도 괜찮음! 살짝 좁아도 그 나름의 느낌이 있음 ㅎㅎ  안주 이야기를 하자면 모둠꼬치, 생양배추 위에 올려서 소스를 한 번 끼얹는 식! 소스가 감칠맛 돌고 꼬지도 다 맛있음..다만 순식간에 사라지니 배고플 땐 꼭 다른 안주도 같이 주문하는 거 추천..! 소고기 타다끼, 기대 이상! 부드럽게 넘어가면서 양파와 채소 그리고 와사비가 톡 쏴주는게 정말 매력있는 안주 홍게 라면, 가격이 만 원인데 나오면 바로 이해됨. 홍게 한 마리 들어있고 거기에 맵싹한 땡초들어가서 국물이 너무 칼칼하고 맛있음 ㅠㅠㅠ 홍게라면이 진짜 킬포👍🏻",술모임 데이트 캐주얼한 시끌벅적한 이국적/이색적,하이볼 소고기 타다끼 홍게라면 모둠 꼬치,2021년 11월 7일,1
2,후토,김맛집,"4명이서 가면 갓성비 그 자체라고 할 수 있겠다. 사케를 시키면 사케잔과 병을 얼음이 가득담긴 그릇에 담아서 준다. 물, 얼음그릇등 따로 리필해달라고 하지 않았음에도 알아서 리필 해주시는 것을 보아하니 직원분들 서비스는 최고이다. 모듬사시미는 생각보다 가성비는 안나온 것 같다. 다만 꼬치 모둠이나 꼬치 요리는 꼭 먹어보자. 노릇노릇하게 숯불에 익은 그 맛이 일품이다. 일품요리 카테고리에서 삼겹살 숙주볶음을 시켰다. 고기는 두껍지는 않았으나 양 자체는 많은 것 같았다. 약-간은 느끼하니 이 점 참고해야 한다. 그리고 생각보다 뼈가 있어서 뼈먹는데 어려움이 있는 사람은 주의 할 것 사케는 15,000원짜리와 12,000원짜리를 시켰는데 각각 500ml라서 생각보다 많았다. 4명이었는데도.",술모임 혼술 데이트 고급스러운 가성비좋은 이국적/이색적 경관/야경이좋은,사케 모듬회 모듬꼬치 삼겹숙주볶음,2020년 6월 14일,1
3,후토,구파,기대 안하고갔는데 생각보다 맛있었다 하이볼도 메가로 먹을 수 있어서 좋음 사시미도 신선,술모임 캐주얼한,사시미 짬뽕탕,2022년 11월 26일,1
4,후토,김문기,이자카야 평소에 좋아했는데 딱 기대한 느낌이어서 좋았다 짬뽕은 너구리 맛이났는데 맛있었다 다음에늠 닭꼬치를 먹어야겠다,데이트 캐주얼한,돼지모듬꼬치 얼큰짬뽕,2018년 9월 7일,1
5,후토,hyeokly,가성비있는 꼬치집. 모듬꼬치 진짜 맛있음!! 술 한 잔 하기 좋음. 살짝 웨이팅,저녁식사 술모임 서민적인 가성비좋은,모듬 6종꼬치,2023년 9월 23일,1
6,후토,ghkd2,꼬치에 제대로 불맛이나 인상적이었음. 나가사끼 짬봉은 안주메뉴라 그런지 면이 별로 없지만 사원한 국물맛이 좋아요,술모임 캐주얼한,나가사끼 짬뽕,2020년 7월 21일,1
7,후토,Kang S.W,,술모임 주차불가,모듬 사시미 모듬 6종꼬치 치즈계란말이 돈코츠어묵탕 간사이어묵탕 후토 하이볼 하우스 도쿠리,2023년 2월 3일,1
0,진맥,bibi,매장 이전해서 공간이 넓어졌어요 파스타도 너무너무 맛있고 와인도 괜찮고 2차로 갔었는데 딱 좋았어요 사장님이 수박 서비스도 주심!,술모임 데이트 기념일 캐주얼한 가성비좋은 지역주민이찾는,진맥 시그니쳐 파스타,2023년 8월 9일,1
1,진맥,wsm,"분위기 좋은데 생각보다 시끄러웠어요! 인테리어가 잘 되어있어요 치즈플레이트는 여러가지 치즈 종류가 나올줄 알았는데,,, 생각했던거보다 좀 간단하네요😅",저녁식사 술모임 데이트 시끌벅적한 예쁜 야외좌석(테라스),폴레로 치즈,2021년 6월 7일,1
0,토리광,구파,맛집으로 유명한데 그정도까진 아닌듯함 매장 깨끗한 편은 아니고 꼬치 숯불향 나서 좋은데 소스가 애매함,술모임 혼술 캐주얼한,꼬치세트 하이볼,2022년 9월 6일,1
1,토리광,도라,하이볼이 맛있는 이자까야였어요 안주들이 다 맛있었어요~,술모임 캐주얼한,하이볼,2022년 7월 10일,1
0,바스타,룰룰,건대 지하에 있는 와인바. 늦은 시간에 가니 조용하고 분위기 좋았어요. 그리고 라자냐가 너무 맛있어서 기억에 남아요.. 라자냐 먹으러 또 가고싶네요.,저녁식사 식사모임 술모임 회식 데이트 캐주얼한 고급스러운 예쁜,와인 라자냐,3월 4일,1
0,맥주꾼,지워,"가성비 있는 건대 술집이에요 기본안주가 모듬과일이라 가성비 최고! (생맥주도 3,900원밖에 안해요)",저녁식사 식사모임 술모임 캐주얼한 가성비좋은 예쁜 깔끔한 주차불가,기본안주는 모듬과일 반반 순살치킨 대구에서온 골뱅이쫄면,2023년 11월 10일,1
0,금복주류 건대점,구파,무난무난한 술집 술 종류가 다양해서 좋고 종업원 안부르고 바로 주문할 수 있어서 편함 안주 무난함,술모임 시끌벅적한,김치차돌칼제비,2022년 11월 20일,1
1,금복주류 건대점,또니,학교 근처라 가격이 저렴해요. 전은 맛있었는데 좀 오래 걸렸어요. 복분자막걸리는 좀 실망 했구요 ㅠ 맛이 밍밍,저녁식사 식사모임 술모임 데이트 서민적인,복분자막걸리 해물짬뽕전 차돌순두부짬뽕탕,2020년 8월 4일,1
2,금복주류 건대점,룰루랄라,건대 금복주류 육전시켜먹었네요 내부도넓고 좋지만 너무시끄러운편 ㅋㅋㅋ,식사모임,육전,2020년 8월 14일,1
3,금복주류 건대점,리진,인테리어가 깔끔해서 좋앗습니다. 안주 맛은 조금 부족했지만..,술모임 깔끔한,미니한치볶음,2020년 6월 14일,1
0,코후쿠,BigLove,건대에서 옛날부터 놀았는데 이런 이자카야가 있는줄 몰랐어요. 검색해서 찾아갔는데 생각보다 맛있고 가격도 나쁘지 않았습니다. 나베를 좋아하는 편인데 생각보다 나베 파는 곳이 별로 없어서요. 밀푀유 나베를 시켜서 셋이 먹었는데 살짝 배가 고파서 가라아게도 시켜서 같이 먹었습니다. 1차 겸 해서 술까지 먹을 수 있어서 좋은 거 같아요!,저녁식사 술모임 숨은맛집 캐주얼한 가성비좋은 지역주민이 찾는,,2020년 2월 18일,1
1,코후쿠,먹는게제일좋아,건대에 있는 이자카야이다 밀푀유나베가 맛있었다 모듬사시미는 그냥 그랬다,저녁식사 데이트 시끌벅적한,밀푀유나베 모듬사시미,2020년 4월 2일,1
0,새마을포차,따라,안주도 저렴하고 매장이 넓어서 아주 좋았어요 다음에도 방문하고 싶어요,술모임 혼술 접대 회식 가성비좋은 시끌벅적한,안주,2023년 7월 4일,1
1,새마을포차,지링,가성비 대박이다 맛있고 저렴하다 근데 담배피는 곳이 오픈되어 있어서 냄새 진짜 심함 ㅠㅠ 노래소리가 너무너무 커서 귀 진짜 아픔..안줄여줌,저녁식사 술모임 데이트 가성비좋은 시끌벅적한,밀푀유,2021년 5월 6일,1
2,새마을포차,찐이,안주랑 피치막걸리맛있었다 사장님은 친절하신데 알바생들은 불친절...불러도 보고 그냥 지나간다...,술모임 데이트 서민적인 캐주얼한 가성비좋은,닭볶음 두루치기,2021년 6월 2일,1
0,하이바 건대점,맛집찾으러떠돌이중,하이볼 종류가 진짜 많아요~!! 하이볼 덕후들에게 천국입니다 안주들도 맛있었어요 직원분들 엄청 친절하시네요!! 서비스로 아이스크림도 주시고 감사합니다!😇👍,술모임 이국적/이색적 주차불가,(NEW) 애플 하이볼 닭껍질 튀김 오뎅탕 수이진 하이볼,6일 전,1
1,하이바 건대점,bibi,건대입구역에 새로생긴 하이볼바 일본풍 느낌의 술집이라 색다른 느낌으로 즐길 수 있었고 안주도 다양하고 다 맛있었고 직원들도 친절! 넘 맘에 들어서 벌써 3번이나 방문한곳,술모임 데이트 기념일 예쁜 깔끔한 이국적/이색적,(SEASON) 논산 生 수박 하이볼 크림치즈 곶감말이 옥수수 아이스크림 바질 크림 토마토 브라운치즈 파인애플 타코야끼,2023년 9월 23일,1
0,조선주막,on22y,딸기막걸리를 먹어보고 싶어서 갔는데 달달하니 맛있었어요! 기본 안주로 라면도 주시고 친절하셨습니다~ 매장 내부랑 화장실도 깔끔해서 이용하기 좋아요!,술모임 시끌벅적한 이국적/이색적,치즈김치해물전 딸기막걸리 청포도막걸리,2월 24일,1
1,조선주막,긍재,딸기막걸리 먹으러 갔던건데 맛이 없으면 어쩌나 걱정이 좀 많았는데 생각보다 너무 맛있어서 배부른데도 많이 먹었어요.,저녁식사 식사모임 술모임 회식 데이트 서민적인 캐주얼한 가성비좋은 시끌벅적한 지역주민이찾는,해물김치전 꿀딸기막걸리,2월 26일,1
2,조선주막,또로롱,딸바막걸리가 시그니처 메뉴인데 살짝 얼어서 나와서 샤베트 처럼 먹을때가 젤 맛있어요..ㅋㅋㅋ 녹으면 너무 달답니다 복숭아 키위 막걸리는 과일이 막 씹혀서 좋았어요 아 라면 한봉지 무료예요^-^ 김치전은 바삭하고 얇아용 조금 짜긴하지만..ㅋㅋㅋㅋ 과일막걸리 추천,술모임 숨은맛집,딸바 막걸리 복숭아 키위 막걸리 김치전 두부김치,2020년 1월 26일,1
3,조선주막,홍알자식,한국스러운 안주들과 다양한 종류의 막걸리를 가성비 있게 먹고 마실 수 있는 곳,술모임 조용한,통오징어해물짬뽕탕 꿀막걸리 병막걸리,2월 13일,1
4,조선주막,moonby,막걸리 맛집 ㅠ💛 다른건 몰라도 끌바딸막걸리 드세요 과일막걸리 불호면 안좋아할수도있어요 안주는 그럭저럭,술모임 시끌벅적한,김치전 홍합오뎅탕,2022년 6월 9일,1
5,조선주막,포그,기본 안주로 라면 나와요 안주 맛있고 분위기 좋아요 시끌벅적합니다,술모임 캐주얼한 깔끔한,해물파전,2022년 7월 3일,1
0,김창훈포차,sseoli,첫 방문이였습니다. 대학가라 그런가 가성비 미쳤고 맛도 미쳤습니다. 정말 학교만 가까웠어도 단골손님 예약일정도로요! 알바생분도 너무 친절하셨어요!!체인 내주세요ㅠㅠ 재방문의사⭐️⭐️⭐️⭐️⭐️,술모임 데이트 가성비좋은 시끌벅적한 주차불가,떡볶이 감자튀김 오뎅탕,2월 17일,1
1,김창훈포차,mkjung486,2차로 무조건 김창훈포차 순두부 열라면 먹어줘야합니다. 바삭 치즈 감자전도 이름그대로 바삭하니 정말 맛있어요. 추천이요,술모임 서민적인,바삭 치즈 감자전 순두부 열라면,2월 3일,1
2,김창훈포차,앙냥냥,가게 깔끔하고 맛도 평타쳐요 근데 너무 시끄러워서 대화하기 좀 힘들었음,저녁식사 식사모임 술모임 데이트 시끌벅적한 깔끔한,곱도리탕 바삭 치즈 감자전,2023년 9월 21일,1
3,김창훈포차,장지우,신전스러운 떡볶이 존맛 분위기도 굿 2차로 가기좋은곳,술모임,떡볶이,2022년 5월 5일,1
0,언리미티드,호잇호잇,지하에 위치해있고 칵테일 종류가 많아 무한리필로 즐기기에 좋아요,술모임 캐주얼한 시끌벅적한,무제한칵테일,2020년 5월 2일,1
0,이찌방이야기 본점,혯님이,가성비 진짜 좋은 건대 맛집이에요! 건대는 대학생이 많은 곳이라 그런지 가성비 끝내주고 맛도 좋아요 뿌링클 감튀 진짜 맛있어요 최고,술모임 회식 데이트 숨은맛집 서민적인 캐주얼한 가성비좋은 시끌벅적한,살치살타다끼 뿌링클감자튀김,2023년 9월 12일,1
1,이찌방이야기 본점,콩두부,메뉴가 가성비 너무 좋아요 사람들도 많고 직원도 친절해서 좋았어요,술모임 시끌벅적한,차돌술찌개 두부김치,2023년 3월 21일,1
2,이찌방이야기 본점,이구아날,안주 가격이 부담없는 편이지만 안쪽이 시끌시끌한 편이라 조용히 얘기하긴 힘들 듯,저녁식사 식사모임 술모임 데이트 가족외식 숨은맛집 서민적인 캐주얼한 시끌벅적한 지역주민이찾는,먹태 파인애플 샤베트,2022년 10월 25일,1
3,이찌방이야기 본점,잘먹었쑤연,가격 저렴한데 안주 짱맛있음!! 여러개시켜서 먹기에 아주 좋음ㅎㅎ,술모임 데이트 서민적인 캐주얼한 가성비좋은 시끌벅적한 야외좌석(테라스),꿔바로우 해물짬뽕탕 멘보샤,2021년 6월 4일,1
0,사이사,bibi,건대입구역에 새로 생긴 꼬치 오마카세집 밖에서 보이는것 보다 안쪽 내부는 훨씬 더 넓었고 깔끔해서 이용하기 좋았고 꼬치도 맛있었지만 순두부라면이 진짜 맛도리~~,술모임 혼술 데이트 기념일 푸짐한 조용한,오늘에꼬치 7pcs 해물순두부라면,2023년 9월 23일,1
0,잔실내포차 건대점,달래,맛있게 잘 먹었어요 고기가 두터워서 저녁 겸 든든하게 먹을 수 있었습니다~^^,저녁식사 식사모임 술모임 서민적인 가성비좋은,삼겹부추볶음,2020년 11월 18일,1
0,셰프노리,아르,이날 손님 예약이 많았어서 주문이 잘못 나왔지만 맛있어서 그냥 먹었습니다.,식사모임 술모임 시끌벅적한,사케세트C,2023년 12월 15일,1
1,셰프노리,셰프노리,,배달 저녁식사 식사모임 술모임 혼밥 혼술 접대 회식 데이트 기념일 가족외식 반려견동반 숨은맛집 캐주얼한 가성비좋은 푸짐한 조용한 예쁜 깔끔한 지역주민이찾는 주차불가 야외좌석(테라스) 애완동물동반,바지락술찜 조개전골,2023년 2월 5일,1
0,도키도키,라스티,가격대가 있고 무난한 이자카야 룸에서 조용히 대화하기 좋습니다 음식은 무난해요,저녁식사 술모임 서민적인,제주 딱새우사시미 모듬튀김 모찌리도후,1일 전,1
1,도키도키,Aiden,"건대입구역에서 5~10분 정도 거리에 위치한 이자카야입니다.  모든 테이블이 룸으로 되어 있어서 소규모 인원 혹은 연인들끼리 가서 이야기하면서 술 먹기에는 딱 좋은 것 같습니다.  다른 룸 술집의 경우, 룸 비용을 따로 내야 하는데 도키도키는 룸 비용이 따로 없어서 좋은 것 같아요.  소고기 타다끼는 나중에 다시 방문했을 때에도 다시 주문할 생각입니다. 고기가 질기지 않고 부드러웠고, 함께 나오는 양파랑 와사비를 곁들여 먹으면 정말 맛있습니다.  안주가 너무 맛있어서 하이볼을 꿀꺽꿀꺽 다 마셔버렸습니다. 봄베이 하이볼은 봄베이 맛이 약했던 것이 살짝 아쉬웠지만 그래도 맛있게 잘 먹었습니다.  모찌리도후는 도키도키에 방문할 때마다 항상 주문하는 메뉴인데, 식감이 되게 독특합니다. 쫀득쫀득하면서 탱글탱글한 게 개인적으로 매우 좋아하는 메뉴입니다.  맛 자체도 달콤해서 맛있지만, 와사비를 곁들여 먹으면 단맛이 조금 잡히면서 더 맛있어집니다. 꼭 와사비를 조금 곁들여 먹는 것을 추천드려요.  도키도키는 2~4층 총 3개의 층으로 나누어져 있는데, 처음 방문하시는 분은 2층으로 가시면 자리 안내를 받으실 수 있으니 참고하시면 좋을 것 같아요. 그리고 각 테이블마다 신분증 하나를 카운터에 맡겨야 하는데, 계산할 때 돌려주시니 걱정 안 하셔도 됩니다.  건대에서 도란도란 이야기하면서 술 먹고 싶으신 분들에게 추천해요.",술모임 데이트 기념일 식사모임 숨은맛집 조용한 예쁜 깔끔한 이국적/이색적 지역주민이찾는 개별룸,모찌리도후 봄베이 하이볼 소고기 타다끼,2023년 2월 20일,1
2,도키도키,뀨밍,프라이빗한 룸에서 술 먹을 수 있어서 좋았구요! 기본적으로 안주가 다 맛있어요!,저녁식사 술모임 숨은맛집 서민적인 개별룸,소고기 타다키 파인애플 샤베트 삼겹숙주볶음 대창전골,2023년 9월 20일,1
0,몽움,Danyogong,분위기 너무 좋은 술집! 육사시미 맛있구.. 꿀샘 술도 넘 취향저격이었어요•• 잔도 예뿜 >_,식사모임 술모임 데이트 숨은맛집 조용한 깔끔한,한우 육사시미,3월 25일,1
1,몽움,bibi,건대 골목길에 위치한 작은 술집 내부가 넓은 편은 아니지만 아늑한 분위기에 손님들도 항상 많은 인기 많은곳 육회가 넘 맛있으니 추천~,술모임 캐주얼한,육회,2023년 4월 5일,1
0,제주바다 건대점,zziny3,가볍게 하이볼 시키고 맛있는 안주 시켜서 먹기 좋아요. 분위기도 좋아서 친구들이랑 오거나 데이트로 오기도 좋겠더라구요.,저녁식사 식사모임 술모임 캐주얼한 깔끔한,돔베모듬(수육보쌈&문어) 한라산 마라전골,3월 6일,1
1,제주바다 건대점,단미,매장이 깔끔하고 안주가 무척 맛있었어요! 안주양은 조금 적은 감 있엇지만 맛있어서 만족합니다!,저녁식사 혼술 데이트 시끌벅적한 깔끔한,제주골뱅이소면 샤브샤브전골 얼그레이하이볼,2023년 2월 22일,1
0,개화정,youandme,"처음 먹어본 삼겹튀김. 고소하고 간이 잘되어 맥주 안주로 좋았습니다. 태극, 대한메뉴를 시키면 육회를 서비스로 주시는데 양은 적었지만 맛있었어요 ㅎㅎ 일하시는 분들도 친절하시고 재방문하고 싶은 곳입니다",저녁식사 술모임 회식 데이트 서민적인 가성비좋은 푸짐한 시끌벅적한,삼겹튀김,2020년 2월 15일,1
0,장미술상 건대점,왐냠냠,"딱새우회는 서울 술집에서 파는게 신기해서 시켜봤는데 그럭저럭 평타였고, 한국식 전골이 진짜 맛있었어요! 인테리어가 레트로 감성이라 할머니집에 놀러온 것 같은 기분이었습니가",술모임 시끌벅적한 깔끔한,제주딱새우회 (중 12마리 / 대 24마리) 한국식곱창전골,5시간 전,1
1,장미술상 건대점,Danyogong,메뉴 다 너무 맛있어요 새우미나리전 바삭하고 짱 맛있움 .. 막걸리도 종류 다양해서 좋아용,저녁식사 술모임 데이트 캐주얼한 가성비좋은,새우미나리전 닭발편육,3월 25일,1
2,장미술상 건대점,해맥,레트로한 분위기가 자연스러워서 부담없고 안주가 맛있어요 막걸리도 맛이 좋네요,술모임 회식 데이트 기념일 숨은맛집 서민적인 캐주얼한 시끌벅적한,닭발편육 새우미나리전,2023년 11월 24일,1
3,장미술상 건대점,아이시즈,평점이 좋길래 갔던 곳인데 분위기도 힙하고 매콤크림파스타 너무 맛있었어요 새우미나리전은 생각했던 맛은 아니었어요 다른 메뉴도 먹어보고 싶어요,저녁식사 술모임 데이트 푸짐한 시끌벅적한,매콤크림파스타 새우미나리전 허니버터고구마스틱 산토리하이볼,2022년 4월 1일,1
0,시멘트서울,단미,매장이 분위기 있어서 좋은데 감각적인 디자인이다보니 저녁에 사람이 몰려서 살짝 시끄러워요ㅠㅠㅠ 음식도 맛있고 분위기는 좋아요,저녁식사 데이트 예쁜 깔끔한,에그인헬 감바스+파스타 시멘트얼그레이하이볼,2023년 3월 9일,1
1,시멘트서울,스리,분위기 좋은데 음식이 너~~무 늦게 나와요 화장실이 내부에 있어요 곡선택이좋네요,저녁식사 식사모임 시끌벅적한,봉골레탕,2022년 12월 27일,1
0,포비 본점,미우미우이,야끼소바랑 오꼬노미야끼 다 맛있어요 콰트로는 좀 짜긴함 하이볼 맛있고 술 못드시는 분은 사와 드셔보세요. 레몬에이드같음 그리고 타코와사비 (낙지) 인데 됸맛탱이예요 추천 저는 생맥+하이볼 + 사와 반잔 먹었어용,식사모임 술모임 데이트 숨은맛집,콰트로치즈타마 부타타마 야키소바 하이볼,2월 21일,1
1,포비 본점,hyeokly,"맛있음! 웨이팅 꽤 있고 한 번에 주문하는 게 단점이지만 기다릴 만 함 오꼬노미야끼 하나 랑 비교해보자면, 이 집은 좀 거 치즈 단맛 소스맛이 강했고 하나는 본연의 짭짤한 맛 위주. 웨이팅은 하나가 훨씬 길고 가게도 좁아서 웬만하면 포비 갈듯하다",저녁식사 술모임 캐주얼한,부타타마 카이센타마 콰트로치즈타마 야키소바 하이볼,2023년 9월 11일,1
2,포비 본점,kwodk,"2호점까지 있어서 테이블 수는 많은데 5인 이상이 앉을 단체좌석은 없습니다. 오코노미야키, 야키소바 맛있었어요.",점심식사 저녁식사 식사모임 술모임 데이트 시끌벅적한 이국적/이색적,콰트로치즈타마 호르몬야키소바,3월 16일,1
3,포비 본점,단미,매장이 작응 매장이라 음식을 한번에 주문하고 2시간까지 머무를수있어요  일본감성이 엄청 가득한 매장이라 일본온듯한 기분이 들었어요  음식도 무척 맛있는데 생강이 들어가 있아서 이 부분은 아쉬웠어요ㅠ,저녁식사 데이트 간식 시끌벅적한 이국적/이색적,호르몬야키소바 네기야키 사와,2023년 8월 1일,1
4,포비 본점,중랑구구루메,주중에 방문했는데 2호점에서 따뜻하게 앉아서 대기하다가 1호점으로 안내받고 식사했어요. 우선 식당이 너무 귀여워요. 오코노미야끼 맛집...이라기보다는 그냥 분위기 좋고 가성비 나쁘지 않은 식당이에요. 인기가 많아서 이용시간이 2시간으로 제한되고 대기가 있으면 추가주문이 안 돼요. 오래 앉아서 술 마실 수 있는 곳은 아니에요. 1차로 라이벌 마시면서 저녁 먹기 좋은 곳.,식사모임 저녁식사 서민적인 캐주얼한,야키소바 네기야키 하이볼,2023년 2월 10일,1
5,포비 본점,ronny,가게가 매우 좁은 편임. 일본에서 먹는 오코노미야끼 맛임. 마가 많이 들어가서 호불호,저녁식사 데이트 숨은맛집 지역주민이찾는,하이볼,1월 1일,1
6,포비 본점,메리,"오코노미야끼, 야끼소바 둘다 맛있었구 짭짤느끼한 음식이라 하이볼 필수에요 ㅋ",데이트 술모임 이국적/이색적 주차불가,부타타마 호르몬야키소바,2023년 8월 4일,1
7,포비 본점,쩡팡이,여기 왜 맛있다고 하는거지? 엄청 짜고 추가 주문도 안되고 하이볼은 맛도없고 개별로임 가족끼리 갔다가 30분도 안되서 일어나서 나옴 사진이 없어서 아쉽네 맛없어서 찍지도않음ㅋㅋㅋㅋ윽 대신 결제 사진올림,가족외식 이국적/이색적,카이센타마 야키소바 하이볼 호르몬야키소바 모던야키,2023년 6월 18일,1
8,포비 본점,냥냥,웨이팅이 상당히 길었습니다.. 한시간 넘게 기다렸는데 그렇게까지 기다려서 먹을 맛은 아니었어요 술이랑 먹어도 제 입에는 너무 짜서 ㅜㅋㅋㅋㅋ 그리고 좀 느끼했고 치즈타마는 제 입에 안맞아서 야끼소바만 추천드려효 ...,저녁식사 술모임 혼술 데이트 서민적인 캐주얼한 가성비좋은 푸짐한 시끌벅적한 깔끔한 이국적/이색적 지역주민이찾는,콰트로치즈타마 야끼소바 생맥주 하이볼,2021년 6월 24일,1
9,포비 본점,bibi,건대입구 역에서 살짝 떨어진곳에 있는 분위기 좋은 이자카야입니다 오꼬노미야끼가 바삭하고 안느끼하고 맛있어이국적인 인테리어에 분위기가 좋아요 미도리하이볼이 음료수같고 맛있어요~,식사모임 술모임 숨은맛집 이국적/이색적,부타타마 호르몬야키소바,2020년 10월 2일,1
10,포비 본점,Dong-Hoon Park,건대에서 일본을 느끼고 싶다면 이곳을 가세요 야끼소바에 노른자를 터뜨려 먹는맛은 이루 말 할 수없는 만족감이였습니다 숨은 맛집!! 이곳을 찾아내고 정말 기뻤습니다,저녁식사 데이트 조용한 아담한 가성비좋은 빈티지 이국적/이색적 숨은맛집,오코노미야끼 야끼소바,2017년 12월 25일,1
11,포비 본점,구파,오꼬노미야끼를 먹고싶어서 방문한 곳 잠깐이나마 여행 온 느낌을 받을 수 있음 미도리하이볼과 자몽사와가 맛있다 다만 조금 어수선하고 직원들을 부르기 힘듬,저녁식사 식사모임 술모임 혼술 데이트 가족외식 캐주얼한 이국적/이색적,미도리하이볼 야끼소바 부타타마,2021년 12월 12일,1
12,포비 본점,zenny,건대에서 합정 상수 일본식 가게 느낌나는 가게에요 하이볼에 술이 거의 안 들어갔는지 알쓰인 제가 술 맛을 하나도 못느꼈네요,술모임 데이트 서민적인 시끌벅적한 이국적/이색적 주차불가,호르몬 소바 오꼬노미야끼,2020년 9월 22일,1
13,포비 본점,어니언,맛도 좋고 사장님도 재밌고 친절합니다. 무엇보다 호르몬야끼소바가 정말 맛있습니다.,저녁식사 데이트 서민적인 캐주얼한 가성비좋은 시끌벅적한,호르몬야끼소바 콰트로치즈타마,2020년 5월 16일,1
14,포비 본점,제빵빵,진짜 일본 여행 온 느낌 납니다! 분위기 최고인데 뭔가 어수선해요..,저녁식사 술모임 혼술 데이트 간식 캐주얼한 시끌벅적한 이국적/이색적 경관/야경이좋은 지역주민이찾는,오코노미야끼,2021년 12월 18일,1
15,포비 본점,토토군누,오꼬노미야끼 맛있고 점보하이볼 대박인곳 혼술도 좋은 곳인것같음,술모임 이국적/이색적,오코노미야끼 점보하이볼,2021년 2월 22일,1
16,포비 본점,혀나롱,,점심식사 저녁식사 숨은맛집 이국적/이색적,야끼소바 부타타마,2020년 8월 14일,1
0,W주점,김정아,여기 닭볶음탕 정말 맛있어요!!! 룸 예약해서 룸에서 마셨는데 창문이 없어서 겨울인데도 좀 더웠네요ㅠ 그래도 서비스 많아서 좋았어요~~,저녁식사 술모임 캐주얼한 시끌벅적한,오뎅탕 닭볶음탕,2021년 12월 16일,1
0,육성회비,구파,금요일 저녁 웨이팅 없이 들어감 늦을수록 사람 많아지는데 별관 있어서 큰 걱정은 없을 듯 육회 크림새우 전골 먹었는데 다 맛있렀가 메뉴들이 금방 품절되서 아쉬웠늠,점심식사 술모임 캐주얼한,한우육회 한우전골,2023년 9월 11일,1
1,육성회비,은애,워낙 입소문이 난 곳이라 한 번 방문해 봤어요. 떡꼬치가 맛있다길래 주문해 봤는데 그냥... 생각했던 것보다는 별로더라고요. 떡이 아주 작게 잘라졌는데 하나씩 먹기엔 좀 너무 작았던 것 같아요. 숟가락으로 퍼먹는 게 나을 것 같았네요. 육회가 나빴던 건 아니지만 육사시미로 먹을 걸 그랬나 싶은 마음도 들어요. 맛이 없었던 건 아니지만 기대에 비해서는 별로였어요. 아쉽네요.,저녁식사 혼술 시끌벅적한,한우 육회 떡꼬치 스지오뎅탕,2022년 5월 16일,1
2,육성회비,먹죽귀,건대에서 가성비와 맛이 정말 좋았던 육사시미맛집 육성회비에서 다녀 왔습니다🤗 ⠀ 친구와 2차로 방문한곳인데 건대 맛의거리 보다는 다소 떨어진 위치에 있어 친구와 널널하게 입장 할 수 있겠다고 생각했는데 반전이..🤭 ⠀ 늦은시간인 8시쯤 입장했는데도 불구하고 매장은 만석이였고 젊은분들이 많아 굉장히 활기찬 분위기 매장이였고 조용히 한잔 하시려는 분들은…..😅😅 ⠀ 들어가자마자 메뉴판을 봤는데 아니 이렇게 저렴한 육회와 육사시미는 처음 봤어요🥰 ⠀ 사이드메뉴는 육회나 육사시미를 주문해야 주문이 가능했고 당일한정인 육사시미와 하이볼을 주문☺️ ⠀ 가격이 워낙 저렴해서 양이적거나 신선하지 않을까 걱정했는데 웬걸 완전 신선하고 양도 푸짐했어요👍 ⠀ 붐베이 하이볼도 말도 안되게 저렴해서 5잔이나 먹었는데 이벤트 중이라 붐베이하이볼 잔까지 득템😁 ⠀ 열심히 육사시미와 하이볼을 즐기는데 너무 귀엽고 예쁜 토끼가 올라간 계란찜을 가져다 주셨는데 아까워서 정말 구경만 하다가 마지막에 먹었어요😢 ⠀ 전체적으로 친구들과 기분좋게 떠들면서 맛있고 가성비 좋게 육사시미를 즐기기 좋은 곳이였습니다🥩,저녁식사 술모임 혼술 데이트 숨은맛집 가성비좋은 시끌벅적한,육사시미,2021년 11월 8일,1
3,육성회비,가성비살인마,예전에 건대살 때 자주가다가 이사하고 오랜만에 갔더니 3시간 시간 제한이 생겼더라고요.. 쩝ㅠ;  주택가에 있어서 처음이시면 지도 잘 보고 가야함. 내부가 어둡고 시끄러워서 조용한 분위기를 찾는다면 비추.  기본 육회나 육사시미 시키고 나면 추가 안주들이 저렴하기 때문에 안주 금액 부담이 없다. 안주는 대부분 다 맛있는 편.  개인적으로는 육회가 더 맛있음,술모임 서민적인 시끌벅적한 지역주민이찾는,육회 해장라면 크림새우,2021년 6월 23일,1
4,육성회비,유히,"건대의 숨은 육회 맛집. 먹자골목에서 꽤 깊이 들어가야합니다. 육회 양념이 많이 달지 않고 과하지 않으며, 육질이 신선합니다. 무료로 내어주는 차완무시도 훌륭. 심지어 가격까지 저렴하네요. 자리가 협소한 것이 흠이지만 생각보다 시끄럽지 않아 감내할만 했습니다. 사시미 보다는 육회를 추천!",술모임 데이트 숨은맛집 서민적인 시끌벅적한,육회 육사시미 치즈계란말이,2020년 2월 15일,1
5,육성회비,jj,"예전처럼 귀여운 계란찜은 안주시는 것 같아요. 대신 아이셔 이슬이 있는데 일행이 좋아했어요! 육회, 육사시미는 맛있었는데 떡꼬치는 꼬치가 아니고 팥죽 새알심 크기만한 떡을 튀겨서 토마토 소스 뿌려서 주시는데 그럭저럭입니다. 하이볼은 다음에 맛보는 걸로..",저녁식사 술모임 데이트 시끌벅적한,한우 육회 한우 육사시미 떡꼬치 소고기 해장라면+햇반2,2022년 7월 11일,1
6,육성회비,hange,육회 육사시미가 대표메뉴이고 해장라면이 별미라기에 주문했어요 결론은 너무 맛있어요! 라면 꼭 드셔보세요!!,술모임 캐주얼한 지역주민이찾는,육회 육사시미 소고기 해장라면,2023년 2월 15일,1
7,육성회비,진이,"육회 맛있음! 소주 많이 마시면 할인도 된다는데 다른 술 시켜서 모르겠음, 안주가 대체로 맛있는 편임, 음악을 크게 틀어서 사람 많아지면 대화하는 데 조금 어려움 있음",저녁식사 술모임 데이트 기념일 캐주얼한,육회 국물떡볶이,2021년 6월 23일,1
8,육성회비,matziplist,웨이팅해서 먹을 맛인가. 육회에서 나는 냄시... 그리고 바 자리 앉으면 심한 소잡내...? 라면 끓이느라 그 냄새같은데 토할뻔 ㅜㅠ,술모임 가성비좋은 시끌벅적한,육회,2020년 3월 14일,1
9,육성회비,Daeyoung Kim,육회 맛있어요 육회는 무조건 주문해야해요 ㅎ 주택가 가운데있어서 지나치기쉬우니간판 잘봐야해요 안은 어두워요 그래서 미남미녀 ㅎ,술모임 데이트 숨은맛집 시끌벅적한,육회,2019년 7월 3일,1
10,육성회비,CM,"전체적으로 깔끔한 분위기였고, 음식도 정갈하게 나와서 잘 먹고 갔습니당",저녁식사 술모임 혼술 숨은맛집 시끌벅적한 깔끔한,육사시미 육회 사골만두탕,2019년 7월 22일,1
11,육성회비,OwO,여기 너무 맛있고 분위기도 좋아요ㅠ 가성비도 짱짱! 조용하게 소주마시며 담소나누고 싶을때 가면 좋을것같아요~,,,2017년 2월 5일,1
12,육성회비,JongIk Chris Park,,,,2016년 9월 18일,1
13,육성회비,청량리고든,,,,2016년 8월 8일,1
0,제주올레포차 본점 숨비소리,안사너,요리가 맛있는 제주포차입니다. 일단 사장님이 상당히 무섭게 생기셨는데 그 외모와 달리 너무 친절하시고 서비스도 잘 챙겨주시는 친절함이 돋보이는 집입니다.  요리도 굉장히 맛있습니다. 추천메뉴가 있다기보단 무슨 메뉴를 시켜도 후회없을겁니다!,술모임 캐주얼한 지역주민이 찾는,물회,2019년 7월 29일,1
1,제주올레포차 본점 숨비소리,Hyo Jin Jeong,서울에서 쉽게 맛보기 힘든 제주해산물이 있다는 것만으로도 좋았습니다. 사장님이 서비스도 주셨네요,저녁식사 모임 남자끼리 이색 독특한 시끌벅적한 캐주얼한,,2017년 7월 19일,1
2,제주올레포차 본점 숨비소리,미식파이터,"제주도 음식이 그리울때 들려서, 몸국과 한라산 한 잔 하기에 좋은 술집입니다.",저녁식사 술모임 회식 데이트 서민적인 가성비좋은 시끌벅적한 이국적/이색적 야외좌석(테라스),몸국 고갈비 말고기육회,2018년 9월 21일,1
0,아일랜드유끼펍,리턴오브장금이,피맥을 할 수 있는 술집입니다. 피자 말고도 다른 안주들이 많습니다. 소주보단 맥주 먹을 때 방문해볼만합니다.,술모임 데이트 간식 시끌벅적한 이국적/이색적,페퍼로니피자 레드락,2020년 10월 19일,1
0,설맥 건대점,만두만두,축구나 경기보기에 좋은 곳. 큰 스크린이 있다. 맥주 시원하니 맛있고 먹태도 무난,술모임 회식 시끌벅적한,설맥 눈꽃맥주 버터먹은 먹태,2023년 9월 30일,1
0,짱구야학교가자 건대점,bibi,건대 골목에 위치한 짱구야 학교가자 술집 내부는 학교컨셉이랑 포차컨셉 두가지로 나뉘어져 있고 국물닭발이 유명한 술집이에요 사장님도 친절하시고 메뉴가 다 맛있어요 ㅎㅎ,저녁식사 술모임 숨은맛집 서민적인 이국적/이색적,국물닭발 콘치즈,2020년 12월 6일,1
0,심마니,타로맛만두,막걸리를 마실 수 있는 한국적인 분위기의 술집입니다~ 그래서 그런지 외국인이 많았음! 파전은 맛났으나 돼지불고기?는 잡내가 있어 다 못 먹었습니다ㅠ,술모임 데이트 서민적인 캐주얼한,막걸리 제육볶음과 두부 해물부추전,2023년 11월 9일,1
1,심마니,만두맛타로,생각보다 금액이 싼것같으면서도 비싼곳 전이랑 막걸리는 맛이 좋았지만 제육볶음은 냉동된지 오래된 돼지고기인지 누린내가 심하고 짠맛이 강했읍니다.,술모임 서민적인 주차불가,막걸리 제육볶음과 두부 해물부추전,2023년 10월 26일,1
2,심마니,Aiden,"건대입구역에서 5~10분 정도 거리에 있는 술집입니다.  메인 안주를 한 번 주문하면, 파전이랑 부추전을 장당 4800원이라는 저렴한 가격으로 추가 주문할 수 있어서 학생들 사이에서 인기가 많습니다.  얼마 전에 자리를 옮긴 것 같은데 이전에 있던 곳보다는 전체적으로 내부가 살짝 밝아진 느낌이 있지만, 그래도 여전히 주막 느낌이 물씬 풍겨서 전이랑 막걸리 먹기에 딱 좋은 것 같아요.  감자전은 강원도에서 먹는 감자전이랑은 달리, 채 썬 감자로 전을 부친 느낌이었습니다. 그래서 한 입 먹으면 입안에서 채 썬 감자가 고스란히 느껴지는데, 지금까지 먹었던 쫀득쫀득한 감자전이랑은 식감이 전혀 달라서 신기했지만 맛있게 잘 먹었습니다.  해물파전은 오징어가 정말 많이 들어있었습니다. 지인들이 자리를 비운 사이에 남은 2명이서 오징어만 쏙쏙 골라 먹었는데도 오징어가 남아있었을 정도로 많았어요. 해물파전은 적극 추천합니다.  사실 전집에서는 막걸리를 먹었어야 했지만, 이번에는 과일 소주를 먹었습니다.  레몬 소주, 포도 소주, 사과 소주 이렇게 3가지를 먹었는데, 개인적으로는 포도 > 사과 > 레몬 순서로 맛있었습니다. 맛있어서 꿀꺽꿀꺽 마시다가는 길바닥에서 잘 수도 있으니 조심하세요.  건대에서 전이랑 막걸리가 먹고 싶으신 분들에게 추천해요.",술모임 데이트 숨은맛집 서민적인 캐주얼한 가성비좋은 시끌벅적한 지역주민이찾는,해물파전 감자전 레몬소주 포도소주 사과소주,2023년 2월 20일,1
3,심마니,남용은,차음 문 열고 들어갔을때.. 이 가게는 후각으로 말했다  &quot;여기가 심마니다&quot;  나는 후각에 이끌린채 보이는 빈자리에 가 앉았다. 주변은 온통 내 또래로 보이는 사람들이 취해서 우갸우갸 하고 있었고  그 모습을 보고 이곳이 건대라는걸 새삼 실감했다  심마니가 주는 메뉴판을 받고 주문하는데 채 2분조차 걸맂 않았다 선택장애 커플인 우리는 주문을 빨리 했가며 기뻐했다  주문을 하고 주변 테이블을 둘러보는데 어떤 사람은 울고있고 어떤 사람은 세명이서 마시다가 한명이 화장실을 가니 둘이 어색어색하고 있고  그런 익숙한 모습에 나는 마치 이곳이 내 동기가 하는 가게인것 마냥 이곳을 널리 알리기로 결심했다.  서비스 죠아요 맛도 죠아요 가격도 착해요,저녁식사 데이트 모임 남자끼리 여자끼리 시끌벅적한 허름한 오래된집 복고풍 토속적인 이국적/이색적 젊은사람이많은 새벽까지 2층,,2017년 7월 29일,1
4,심마니,youandme,옛날 주막에서 술 마시는 기분이 들어요ㅎㅎ어두운 조명이라 편안해서 얘기하기 좋은 분위기입니다 시켰던 전들은 평범했어요 막걸리는 주전자에 나오는데 완전 시원합니당 과일소주는 소주가 넘 적게 들어간건지 음료수 맛이 나네요,술모임 회식 데이트 서민적인 캐주얼한 시끌벅적한 이국적/이색적 지역주민이 찾는,심마니전 부추전 막걸리,2019년 8월 4일,1
5,심마니,동키몽,건대 막걸리하면 나오는 곳  맛 = 기본적으로 맛을 보유했거니와 가격도 저렴한 곳. 건대에서 오래 버티는데 이유가 있다.  분위기 = 자유롭게 떠들고 먹는 곳  총평 = 막걸리라면 여기지!,데이트 캐주얼한,해물파전,2019년 10월 12일,1
6,심마니,신난다리,누룽지동동주 완전 맛있다. 살얼음때문에 아주 시원하고 좋았다. 파전 가격은 조금 비쌌지만 맛있었고 분위기도 친구들과 떠들기 괜찮았다. 요구르트 소주는 그냥 요구르트맛이어서 돈아깝.,술모임 조용한,누룽지동동주 해물파전,2018년 8월 19일,1
7,심마니,녹이다,조명이 붉고 어두침침하다. 깔끔한 느낌은 아니다. 누룽지 동동주는 맛있다. 해물부추파전이나 기본안주는 좀 부실한 느낌이다. 가볍고 시끌벅적하게 한잔 하기 좋은 곳!,술모임 서민적인 시끌벅적한,누룽지동동주 해물부추전,2018년 3월 1일,1
8,심마니,마싯눈고,이런데는 맛보다 분위기인듯~ 막걸리 동동주 마시기 좋은 옛날 주막같은 느낌 ㅎㅎ 1000원 내면 바가지에 낙서할 수 있음,술모임 서민적인 시끌벅적한,누룽지동동주 해물부추전,2018년 4월 3일,1
9,심마니,식사에미친사람,"막걸리가 맛잇고 양이 많다,, 전도 맛있는데 가격이 와안전 싼건 아니니까 그냥 평범한듯 ,, 흡연할수 잇는 구역이 문앞이라 흡연자는 조은데 알바생은 쉬러하는거같앗움,,ㅠ",술모임 회식 서민적인 시끌벅적한,김치전 막걸리,2018년 8월 28일,1
0,엘루이 비스트로,룰룰,건대 루프탑 칵테일바. 휴양지 온 기분이에요~ 예쁘다고해서 도화 시켰는데 기대보다 더 맛있었어요. 복숭아 맛인데 피치크러쉬보다 더 맛있네용,저녁식사 술모임 데이트 캐주얼한 시끌벅적한 이국적/이색적,도화,2020년 7월 9일,1
1,엘루이 비스트로,최다혜,,술모임 접대 숨은맛집 이국적/이색적,cocktail,2023년 2월 16일,1
0,서울230,먹탐방,가게 분위기가 정말 좋았고 인테리어도 독특해서 데이트 코스로 추천합니다! 카페 겸 술집이라서 언제 가든 좋을 것 같아요! 시그니처 메뉴들도 비싸지 않고 가성비 좋은 건대의 숨은 술집입니다!,술모임 저녁식사 회식 기념일 데이트 숨은맛집 가성비좋은 예쁜 깔끔한 캐주얼한,토마토 해산물 스튜 & 바게트,2월 7일,1
0,하노이맥주밤거리 건대점,이구아날,테마가 있는 술집이라 좋았고 안주도 다양하고 맛있었음 또 가볼듯,저녁식사 술모임 데이트 기념일 캐주얼한 예쁜 깔끔한 이국적/이색적 경관/야경이좋은 지역주민이찾는,직화모듬꼬치 생맥주,2023년 9월 19일,1
1,하노이맥주밤거리 건대점,해삐,직원분이 친절하였고 맥주가 시원하니 정말 맛있어요 메뉴가격이 다 착한데 맛도있었습니다,저녁식사 술모임 캐주얼한 시끌벅적한 이국적/이색적 개별룸,하노이 분짜 꼬지어묵김치우동,2023년 7월 15일,1
0,하루,나무늘보,간단하게 하이볼하기 좋은 곳입니다 밀푀유나베랑 다른 메뉴들 맛 괜찮습니다,술모임 시끌벅적한,밀푀유나베,2023년 12월 3일,1
1,하루,초록숲길,전반적으로 메뉴들 맛 괜찮음 자리간격이 좁은 편이라 시끌벅적함,술모임 시끌벅적한,아보카도명란구이 치킨가라아게,2023년 11월 10일,1
0,타스 더안주셀렉트샵,그냥오늘하루,"""기분내기 좋은 밥집이자 술집""  메뉴판 따로 없이 QR로 찍고 보면 된다. 내부는 전형적인 술집 겸 주방이 잘보이는 구조이다 완전한 오픈키친은 아니지만 요리사가 뭘 하는지정도는 충분히 볼 수 있다.  맛은 괜찮다. 상허관과 경영대에서 5분컷이면 가는 집에 엄청 훌륭한 집은 아니어도 기분내기 좋은 음식을 하는 곳이랄까.  맛은 장어덮밥 스타일에서 도미테이스트가 첨가된 느낌이다.  다른 메뉴 먹으러 한번쯤 더 가보고싶은데  벌써 종강이 다가오는게 흠",술모임 캐주얼한,도미뱃살(점심),2023년 12월 13일,1
0,일양전,미식가단,사장님이 서비스도 많이 주시고 너무 좋아요!  더 자세한 후기는 [미식가 단의 점수는] 검색 후 네이버블로그 놀러오세요😊,저녁식사 식사모임 술모임 혼술 접대 회식 데이트 기념일 가성비좋은 지역주민이찾는,계절사시미 小 고등어 봉초밥 스카치 에그 바지락술찜,3월 6일,1
1,일양전,에그,분위기도 좋고 친절하고 맛잇음 아쉬웟던건 바지락 술찜먹고 면추가했을때 너무짰음,술모임 숨은맛집 서민적인,모듬사시미 中 아귀간 전복 내장 파스타,1월 30일,1
2,일양전,hudieboy,일식 양식 퓨전 할 것 없이 다 맛있는데다 사장님도 너무 친절하세요,술모임 회식 데이트 캐주얼한 깔끔한,스카치 에그 전복 내장 파스타 고등어 봉초밥 모듬사시미 中,2월 3일,1
3,일양전,냔뉴딘,고등어회는 정말 신선하고 맛있었어요! 파스타에 바지락도 충분히 넣어주셔서 잘먹었습니당,술모임 데이트 캐주얼한 가성비좋은 깔끔한 주차불가,바지락볶음파스타 고등어회,2023년 1월 29일,1
0,폼프리츠,bled,가게가 좀 작고 유명해서 사람들이 많지만 간술하기에 딱 좋은 곳이에요~~ 바닐라맥주 꼭 드시길!!!!!!!,술모임 시끌벅적한,감자튀김 S 바닐라맥주,2023년 12월 29일,1
0,육회한연어,복덩이냠냠박사,매장이 생각보다 넓어서 좋아요 먹고 싶은걸 골라서 먹을 수 있어서 좋고 연어도 맛있게 먹었어요,저녁식사 시끌벅적한 지역주민이찾는,연어+간장새우,7시간 전,1
1,육회한연어,브로콜리,육회가 신선하고 맛있었어요. 육회가 무한리필이라니 신기함!!,식사모임 술모임 회식 서민적인 캐주얼한,무한육회(1인),2023년 2월 1일,1
2,육회한연어,련정,오랜만에 만난 친구랑 간 곳인데 육회랑 연어랑 둘 다 먹을 수 있어서 좋아요. 배불러서 리필을 많이 받지는 못했지만 맛있었습니다.,저녁식사 술모임 데이트 깔끔한,육회무한리필 연어무한리필,2019년 9월 2일,1
3,육회한연어,스리,무한리필 안시키기엔 양이 적고 무한리필 시키기엔 거의 한접시 밖에 못먹어요,저녁식사 술모임 데이트 서민적인 푸짐한,연어,2022년 7월 19일,1
4,육회한연어,김지연,육회한연어. 육회가 깔끔하고 맛있고 소고기튀김도 맛나요!! 배달도 됨,저녁식사 술모임 혼술 접대 데이트 숨은맛집,연어 육회,2019년 1월 8일,1
5,육회한연어,리진,가성비 좋아요 혼술하기 딱 좋습니다. 맛도 좋고 종류가 많아요,배달,혼술세트,2021년 3월 25일,1
0,972Bar,식사에미친사람,"세번 갔읍니다., 무한리필이라 엄청 큰 퀄리리를 기대하지 않았는데 그래두 맛있읍니다,,, 물론 저는 단 칵테일이 좋아서 단 것만 시켰기 때무네.. 실패할 확률이 적었을지두... 글고 깔루아 밀크가 맛있습니다,, 땡땡비어같은데서 먹는 깔루아밀크와 차원이 다르더군요,, 제가 가장 좋았던 칵테일은 코스모 폴리탄입니다,,",술모임 데이트 기념일 가성비좋은,블루하와이 깔루아밀크 피치크러쉬 블루사파이어 코스모폴리탄,2018년 8월 28일,1
1,972Bar,강슬기,포토존이 많이 있었습니다 건대 맛집은 여기인 것 같아요 안 가보신 분들은 꼭 가보세요~~*,점심식사 저녁식사 식사모임 술모임 예쁜,와인,2021년 11월 11일,1
0,몽블랙,고붕,데낄라 썬라이즈 많이 알고있는 칵테일 맛입니다. 도수가 조금 쎕니다. 몽 블랙 이곳에서만 마실 수 있는 시그니처 칵테일입니다. 샹그리아와 비슷한 맛이 납니다. 맛있습니다. 복숭아 물담배 사실 이곳에 오는 목적은 물담배입니다. 복숭아향이 조금 약하긴 했으나 좋았습니다.  메뉴판에 칵테일에 대한 상세한 정보가 적혀있어 주문이 용이합니다. 가격은 적당합니다. 개별룸에다가 좌식으로 되어있어 매우 편합니다. 조용하고 잔잔한 분위기를 좋아하는 분께 추천합니다.,데이트 조용한 이국적/이색적 경관/야경이 좋은 개별룸,데낄라 썬라이즈 몽 블랙 복숭아 물담배,2020년 1월 18일,1
1,몽블랙,강몬지맘,안에 고양이 있어요! 회색고양이 돌아다녀요  2차로 갔는데 치즈만 계속 먹다가 배불러서 술도 남기고 옴..ㅜ  좌식칵테일바 여러군데 가봤는데 여기가 가장 프라이빗했어요 진짜 소리만 들리지 보이는건 다 칸막이 꽁꽁 쳐놔서 안보임 남자친구랑 오면 꽁냥꽁냥 할거 같아요  인테리어도 고양이 천국이예요 화장실도 그렇고 귀여워요,술모임 데이트 기념일 건대 칵테일 건대 물담배 예쁜 깔끔한 이국적/이색적 경관/야경이 좋은 지역주민이 찾는,물담배 2 추천해 준 와인 치즈플레이트,2019년 8월 3일,1
2,몽블랙,워킹뱀부,칵테일은 가격에 딱 적당한 수준의 맛이었고 나쁘지 않음. 각 테이블마다 거의 바닥에 앉는 좌식인게 좀 불편하지만 커튼쳐져있어서 사생활 보호가 될 듯 무엇보다 고양이가 있다 고양이가 너무 친근하고 낯가리지않고 쉽게 다가온다,술모임 캐주얼한 개별룸,과일카나페 준 벅,2019년 12월 8일,1
0,호호 닭발,유수진,국물닭발 맛은 아쉬웠습니다. 숯불닭발을 추천드릴게요.이맛도 저맛도 아니여서 별로였습니다.,술모임 서민적인 캐주얼한,"국물닭발(뼈,무뼈)",2023년 4월 9일,1
1,호호 닭발,angbutter,무뼈닭발 매우면서도 자꾸 당기는 맛이 진짜 맛있었음. 오돌뼈는 그냥 보통 오돌뼈 맛. 테이블 회전이 빨랐음. 대부분 1차 술자리 가지는것 같아보였음.,저녁식사 식사모임 술모임 데이트 서민적인 시끌벅적한 배달 야외좌석(테라스),무뼈닭발 오돌뼈 주먹밥,2018년 5월 5일,1
2,호호 닭발,김보현,무뼈닭발 제 인생닭발집...여긴 미쳤어요ㅠㅠㅠㅠ근데 오돌뼈는 좀 짰어요 담번엔 무뼈닭발만 조지려고욯ㅎㅎ알럽,저녁식사,무뼈닭발 오돌뼈,2017년 12월 21일,1
3,호호 닭발,이무지,무뼈닭발 존맛 정신없이 먹을수있음 먹다보면 서서히 매워지는 맛있는 매운맛 가끔 줄서야함,,,2016년 4월 20일,1
4,호호 닭발,Jeff,,,,2016년 12월 17일,1
0,평정원,민지,소고기 수육전골은 별로 입니다.고기에서 냄새나요..닭강정은 보통입니다.,,,1월 16일,1
0,노랑통닭 건대점,잘먹었쑤연,증말 바삭함이 기가막히는 노랑통닭은 소금까지 맛있다. 이번에 새로 출시된 청양치킨! 생각보다 맵지않고 유린기느낌의 달달한 맛인데 끝맛에 매콤함이 감싼다. 소스가 따로 나오니 후라이드 부먹 찍먹 입맛대로 취향대로 즐길수잇어 좋다,배달 지역주민이찾는,청양치킨,2023년 5월 16일,1
1,노랑통닭 건대점,고독한 혼밥러,뼈보단 순살이 먹기 편하고 좋네요ㅎㅎ 닭다리살이랑 닭가슴살이 섞여있어서 식감이 좀 풍부하고 좋았어요~,배달 서민적인 푸짐한,엄청 큰 반반치킨(후/양)(뼈/순살),2023년 10월 9일,1
2,노랑통닭 건대점,혀닝,노랑통닭은 닭 크기가 작아서 좋음 튀김옷도 두껍지 않은데 바삭바삭하고 양념도 평타이상,배달,엄청 큰 반반치킨 (후라이드 + 양념),2023년 3월 22일,1
3,노랑통닭 건대점,지섭,튀김이 바삭하고 맛있어요~저염이라 하는데 조금 덜 짠거라 싱겁게 먹는 분들에겐 조금 짤꺼같아요,저녁식사 배달,순살3종세트,2019년 5월 6일,1
4,노랑통닭 건대점,호야몽,치킨튀김옷이 굉장히 바삭바삭한편 세가지맛이라 골고루 먹을 수 있어서 좋음 양도 많은 편,배달 저녁식사 서민적인 캐주얼한 푸짐한,세가지맛치킨,2020년 5월 12일,1
5,노랑통닭 건대점,매력이넘치는,노랑통닭 전국투어할기세다 정말 바삭바삭했다 튀김옷이 이집은 조금 자극적이였다,저녁식사 지역주민이찾는,맵싸한고추치킨,2022년 7월 13일,1
6,노랑통닭 건대점,오윤지,노랑통닭 처음먹어봤는데 정말 맛있네요~~ 순살이라 그런지 엄청 부드러웠어요!,저녁식사 캐주얼한 가성비좋은 시끌벅적한 배달 야외좌석(테라스),치즈떡볶이 순살,2019년 10월 6일,1
7,노랑통닭 건대점,봉쏭,,,,2016년 12월 1일,1
0,오늘와인한잔 건대점,이구아날,아늑하게 있기 좋고 간단히 와인 한잔 할 수 있어서 좋음,술모임 데이트 기념일 예쁜 깔끔한 이국적/이색적 경관/야경이좋은,와인 한 잔 초코 아이스크림,2023년 12월 18일,1
1,오늘와인한잔 건대점,경중이,가성비로 좋아요 간단하게 데이트 분위기도 내고 맛있는 안주까지 덤으로! 와인도 아주 맛있었어요!,저녁식사 식사모임 술모임 캐주얼한 가성비좋은,와인 한 잔,2023년 6월 8일,1
2,오늘와인한잔 건대점,kmmmm,"와인 가성비 좋아요! 안주는 가격에 비해 양이 매우 적어서 가성비가 별로지만, 2차로 가는 곳이라서 나쁘진않습니당.",술모임 가성비좋은 예쁜,와인 한 잔,2023년 2월 1일,1
3,오늘와인한잔 건대점,요리왕주연,간단하게 술 한 잔하기 좋은 곳이고 와인 잘 몰라도 설명 잘 적혀있고해서 친구랑 술먹기 좋은 곳 같아요,술모임 데이트 캐주얼한 가성비좋은 시끌벅적한 깔끔한,치즈플래터,2022년 7월 1일,1
4,오늘와인한잔 건대점,먹기위해살기,가볍게 2차로 술 마시러가기 좋음 매장도 넓은 편이다. 간단하게 먹을 메뉴 많아서 좋음,술모임 캐주얼한 가성비좋은 시끌벅적한 야외좌석(테라스),치즈플래터 프렌치프라이,2021년 11월 26일,1
0,꼼주,알로에주스,꼼주 모듬 주문했는데 너무 푸짐하게 나왔어요. 불향 나서 더 맛있었네요. 치즈계란찜 진짜 맛있으니 추천,저녁식사 술모임 회식 서민적인 푸짐한,꼼주모듬 SET1(꼼장어+쭈꾸미+닭발) 치즈계란찜 멸치주먹밥,2월 11일,1
1,꼼주,맛있는거조아조아,배달시켜먹었는데 배달시켜먹어도 맛있어요. 양도 푸짐하고 무엇보다 닭발이 진짜 맛있었어요.,배달 저녁식사 푸짐한,훈제막창 닭발 멸치주먹밥,2023년 9월 9일,1
2,꼼주,솔직후기,"건대생들이라면 다 아는 진짜 건대 맛집!  내부가 아담해서 기껏해야 6-7테이블 밖에 없다. 불타는 목요일부터 주말동안은 웨이팅이 있으니 참고하자.  꼼주라는 이름 때문에 왠지 꼼장어를 제일 잘할 것 같지만 메인은 '불막창'이다.  닭발, 꼼장어, 모둠 다 시켜봤는데 불막창이 제일 맛있다. 불향이 가득 한데 그렇게 맵진 않고 기름끼가 쫘악 빠져서 쫀득쫀득 고소한게 예술이다! 참고로 20살 때부터 단골인데 맛이 변함이 없다. 언제나 맛있다.  마요네즈 / 칠리 소스 찍어서 부추랑 콩나물 얹어서 쌈무에 싸먹는다. 참고로 여기 치즈 계란찜은 진짜 모짜렐라 치즈가 많이 들었다. 고소~하고 짭잘한게 너무 맛있다. 멸치 주먹밥도 계속 들어간다.  코시국이지만 장사가 곧잘 되어서 세종대 2호점도 유지가 되고 있는 것 같다. 화장실이 조금 멀고 낡았지만 음식이 맛있고 직원분들이 굉장히 친절하시기 때문에 딱히 흠을 잡고 싶지는 않다.  건대에서 술 먹을 생각이 있다면 양꼬치, 마라탕, 숱한 프랜차이즈 거르고 꼼주로 가자. 절대 후회하지 않을 테니",저녁식사 술모임 숨은맛집 시끌벅적한 지역주민이찾는,불막창 치즈계란찜 멸치주먹밥,2021년 6월 18일,1
0,공간식당,구파,안주 준비 안된 것 좀 있음 (주말인데도 불구하고 ㅠㅠ) 술이 얼마나 들어가는지는 모르겠지만 하이볼 맛있고 저렴함 매장 내부 추운편 ( 히터 틀어달라했는데 중간에 끔ㅜ),술모임 캐주얼한,모츠나베 치킨가라아게 (신)나가사끼 짬뽕 오꼬노미야끼,2023년 2월 8일,1
0,이자카야 안녕,희희선희,처음 방문 했는데 시킨 메뉴들이 다 맛있고 좋았어요 사장님도 엄청 친절해서 좋았어요 분위기도 조용하니 좋아요,저녁식사 술모임 접대 기념일 가성비좋은 조용한 깔끔한,밀푀유나베 살치살양념철판볶음 데리야끼 닭다리살구이,2월 6일,1
1,이자카야 안녕,홍알자식,"건대에서 그나마 조용한 이자카야. 그러나, 딱히 특별한 음식은 없다.",술모임 조용한,나가사끼 짬뽕 생 연어 샐러드,2월 12일,1
0,화양주막,라이트윈,웬만해선 이런 글을 안남기는데.. 직원의 서비스 대처 능력이 너무 안좋았어요 다시는 가고싶지 않아요,술모임,곱도리탕,2022년 10월 6일,1
0,밤을 걷는 선비,이성철1,,회식 데이트 기념일 가족외식 숨은맛집 가성비좋은 푸짐한 깔끔한 주차불가,대표 3번,2023년 8월 6일,1
0,부엉이산장 건대점,도토리고구마,사람이 일단 많아서 좀 번잡하다. 분위기는 그래도 나쁘지 않은데 음식의 가성비가 떨어지고 메뉴 구성이 다양하지 못하다.,술모임 캐주얼한,육새전 (소고기+새우) 김치전,1월 18일,1
1,부엉이산장 건대점,민지,음식이 전체적으로 매워요 ㅠㅠ 매운걸 잘 못먹는데 닭도리탕이 매워서 깜짝 놀랐네요 안주값이 비싸요 퀄리티에비해서..,술모임 서민적인,육새전 (소고기+새우) 곱도리탕,2023년 12월 1일,1
2,부엉이산장 건대점,토게피,산장 분위기 인테리어도 멋진데 음식도 맛있어서 더 좋음!,술모임 캐주얼한,곱도리탕 치즈감자채전,1월 1일,1
0,쟈즈,전국구맛객,큰 수식어가 필요없어요. 최고입니다.,,,2016년 10월 10일,1
0,코렌초하우스,떡볶이좋아맨,캐주얼한 분위기의 와인바로 와인이랑 위스키 가격이 무척 합리적입니다. 데이트 하기에 좋아요.,데이트 캐주얼한 가성비좋은,로제치즈떡볶이,2023년 2월 7일,1
0,아웃닭,미주,약간 호프 느낌이 강해서 가 본 적이 없었는데 맛있다는 주변 사람들 추천에 친구들과 함께 다녀왔어요 :) 매장은 깔끔했고 치킨도 맛있었어요! 갈릭치킨은 그냥 먹는 것도 좋아하는 편인데 아웃닭꺼는 함께 주시는 소스와 정말 잘어울렸습니다!,저녁식사 친구 시끌벅적한 깔끔한,케인즈 갈릭치킨,2019년 9월 27일,1
1,아웃닭,지니,가성비는 좋았습니다. 떡이 맛있어서 사람들이 추가를 많이 해먹더라구요. 저는 산본점도 다녀왔는데 개인적으로 산본이 더 맛있었어요. 후라이드 맛있다길래 먹어봤는데 간장이 훨 맛있었어요ㅠ,저녁식사 술모임 서민적인 캐주얼한,간장치킨 오리지날 후라이드,2019년 10월 13일,1
2,아웃닭,김서연,치킨 시키면 갈릭 양념 두가지 간장 소스 주고 샐러드랑 무나와요 치킨에 감자튀김까지 같이나오고 양많아서 갠춘 닭 국내산,점심식사 저녁식사 술모임 서민적인 캐주얼한 시끌벅적한,반반치킨,2021년 4월 5일,1
3,아웃닭,리루리루,양이 진짜 많아요 ㅠ 네명이서 두개시켰는데 엄청많았어요 소세지 추가하니까 맛있어요,점심식사 저녁식사 식사모임 술모임 회식 캐주얼한 가성비좋은,후라이드치킨 소세지추가,2019년 11월 2일,1
4,아웃닭,호잇호잇,치킨이 미지근해서 별로였던곳 대학가라 신분증 확인 철저히하니 어른들도 챙겨가야할곳,술모임,치킨,2020년 1월 1일,1
5,아웃닭,Vienna,"I searched 건대 치킨, this restaurant is ranked first! We visited here, the decoration is good for drinking. Chicken tastes is fine. When u order chicken, chips is also set together.",,,2017년 4월 16일,1
6,아웃닭,리나,치킨 맥주 시원하고 치킨 바삭바삭 맛좋아용 방문 하세용,저녁식사 술모임,치킨,2018년 11월 23일,1
7,아웃닭,박병훈,,저녁식사 시끌벅적한,,2017년 10월 28일,1
0,막이오름 건대점,나야나다,2차로 술한잔 하기에 딱 좋은 분위기에요. 백종원님이 하시는 술집이라 그런지 메뉴가 다 맛있고 푸짐합니다. 가게도 깔끔하고 이뻐서 만족!!!,술모임 가성비좋은 깔끔한 캐주얼한,크림바지락술찜 백합탕,2월 15일,1
1,막이오름 건대점,고독한 혼밥러,승리의 백종원 선생님ㅠㅠ 백종원 쌤이 하시는 프랜차이즈 막걸리 바인데 진짜 맛좋고 싸더라구요~ 우삼겹야채찜이 진짜 괜찮아서 다음에도 먹고 싶어요~,저녁식사 술모임 회식 가족외식 서민적인 푸짐한 야외좌석(테라스),오징어파전 소고기찜,2022년 10월 10일,1
2,막이오름 건대점,스리,야외테라스 분위기가 좋아요 1층 남자 2층 여자화장실있어요,술모임 서민적인 캐주얼한,딸기막걸리,2022년 5월 24일,1
0,뉴웨이브서울,햄스타올,언니랑 같이 방문했는데 맛있게 먹었어용 뇨끼는 처음 먹어봤는데 이런 맛이었다니!! 굿굿. 부라타토마토는 죤맛. 가게도 깔끔하고 오렌지로 포인트 되는 부분들이 있어서 좋았어요. 기념일에 가기 좋을듯,점심식사 캐주얼한 깔끔한,블루치즈크림뇨끼 부라타토마토 뉴웨서피자,3월 24일,1
1,뉴웨이브서울,kms0303,저녁은 이용시간 2시간 미리 예약하고 가는게 편하다 뇨끼는 부드럽고 감자 맛이 강했고 맛있었다 피자는 모짜렐라 치즈가 짭짤했고 파스타류도 맛있었다,데이트 술모임 예쁜,블루치즈크림뇨끼,1월 21일,1
2,뉴웨이브서울,bibi,건대입구역 골목에 위치한 분위기 좋은 와인바 깔끔하고 조용해서 와인 즐기기 좋은 장소입니다 음식들도 다 맛있고 와인 종류들도 많고 사장님이 넘 친절하셔서 기분 좋아지는곳이에요!,술모임 데이트 기념일 격식있는 조용한 깔끔한,라구라자냐 육회타르타르 이즈니버터떡볶이 Salad,2023년 5월 12일,1
3,뉴웨이브서울,오이시쿠루메론빵,"골목안에 숨은 분위기 맛집. 인테리어가 넘 예쁘고 사장님이 친절하셨어요. 음식도 다 맛있었고, 와인과의 조합이 좋았어요.",저녁식사 식사모임 데이트 기념일 숨은맛집 조용한 예쁜 깔끔한,가지 아라비아타 Gnocchi(뇨끼) 떡볶이,2023년 5월 31일,1
4,뉴웨이브서울,구파,음식 정말 맛있었고 분위기도 좋음 사장님의 서비스마저 완벽했던곳,저녁식사 술모임 회식 데이트 기념일 가족외식 숨은맛집,가지아라비아따 스테이크 라자냐,2022년 11월 25일,1
0,재즈라운지,태평한량,바텐더가 재밋고 모든 직원들이 기본적으로 다 친절함 메뉴추천도 잘 해주신다,저녁식사 술모임 혼술 데이트 기념일 숨은맛집 조용한 깔끔한 주차불가,치즈플레이트 롱티 갓파더 미도리샤워 헨드릭스진토닉 탈리스커,2021년 12월 4일,1
0,낙원스낵,Aiden,"건대입구역 근처에 위치한 피맥 집이에요.  피자 크기가 진짜 큰데 맛도 평타 이상이라 나중에 다시 갈 것 같아요. 맥주랑 같이 먹으면 느끼한 맛도 잡히고 딱 좋아요.  허니 포테이토는 비쥬얼부터 폭력적인게 느껴지는 만큼, 한 입 먹었다가 혈관이 비명 질러서 청력을 잃을뻔했습니다.  페퍼로니는 평소에 가장 좋아하는 피자 중 하나인데, 엄청나게 자극적인 페퍼로니 맛은 아니지만, 만족하면서 먹었어요.  맥주는 시나몬 코젤 다크랑 IPA를 먹었는데, 시나몬 가루 넉넉하게 발라주셔서 만족스러웠고, IPA는 씁쓸하면서 향이 좋은게 너무 맛있었습니다.  건대에서 피맥 드시려는 분들에게 추천해요.",저녁식사 데이트 기념일 술모임 푸짐한 깔끔한 캐주얼한 지역주민이찾는,허니포테이토&하프(선택) 페페로니피자(하프) 나쵸&치즈,2023년 10월 5일,1
1,낙원스낵,해물누룽지탕,"가게 이름부터 뭔가 삘이 꽂히는 느낌을 받아서 들어갔습니다. 낙원스낵, 뭔가 일반 피자가 아니라 색다른 느낌을 줄 것 같은 그런 느낌적인 느낌을 받았습니다. 이 가게는 어떤 색다른 조합으로 피자를 한단계 승화시킬까. 분위기도 약간은 어둑한 조명에 시끌벅적하며 아주 괜찮습니다. 피자를 기대감에 주문합니다. 피자 먹고 2차로 다른 건대 술집 갔습니다.",술모임 데이트 캐주얼한,페페로니피자 베이컨체다체즈피자,2020년 2월 2일,1
2,낙원스낵,Jeff,20209월 재방문 했는데요. 맥주맛도 바뀌고 많이 변했네요. 추천 안합니다  여기 수제맥주 굿이에요. IPA 적극 추천합니다. 5900원으로 가격도 저렴한데 맥주맛이 살아있네요 ?!  가격이 저렴하다보니 깜볼수 있으나 이제까지는 건대에서 수제맥주 젤 괜찮은 곳으로...,술모임 데이트 캐주얼한 가성비좋은 시끌벅적한 야외좌석(테라스),IPA 피자 소세지,2019년 4월 23일,1
3,낙원스낵,홍알자식,가게 이름 답게 저렴한 피자들과 갖가지 안주들로 가성비 있는 2차를 할 수 있다.,술모임 캐주얼한 가성비좋은,스파이시피자 마약옥수수 그냥맥주 소주,2월 12일,1
4,낙원스낵,다케터,"주머니가 가벼운 학생들의 사랑을 듬뿍 받은 곳이에요. 그 자리에서 피자를 직접 만들어주셔서 믿고 먹을 수 있고, 개인적으로 도우가 얇아서 좋아요.",저녁식사 술모임 데이트 가성비좋은 시끌벅적한 지역주민이 찾는,건국에일 광진스타우트 하와이안 페퍼로니,2018년 1월 25일,1
5,낙원스낵,우두동,가볍게맥주한잔하려고갔습니다 맥주먹기좋은안주들이라 딱맛있게먹엇네요,저녁식사 식사모임 술모임 데이트 기념일 간식 캐주얼한,조각피자 맥주,2021년 9월 17일,1
6,낙원스낵,하하넘많,허니포테이토 피자 위에 올려진 감자튀김이 달콤하고 맛있었습니다,점심식사 저녁식사 캐주얼한 깔끔한,허니 포테이토 피자,2020년 6월 9일,1
7,낙원스낵,naeee,간단하게 피맥하고 싶을 때 가면 좋을 거 같은 집이에요 ㅎㅎ,술모임 데이트 시끌벅적한 예쁜,하와이안 피자,2018년 5월 24일,1
8,낙원스낵,애나,시끌벅적한 펍 분위기인데 피자가 양도 많고 맛있었어요~,술모임 데이트 서민적인 캐주얼한,페퍼로니 피자,2019년 2월 21일,1
9,낙원스낵,스루리,감튀짭짤함. 봉도 짬. 냉동식품 오븐에 구워줌. 피자는 직접 만드는걸 보여줌. 칵테일은 나쁘지않아요. 그러나안주너무비쌈,술모임 데이트 서민적인 캐주얼한 예쁜,감자튀김 봉,2018년 6월 21일,1
0,모던통닭 건대역점,안사너,별 기대 안하고 들어간 건대 대로쪽 치킨집인데 너무 맛있어요. 기름도 딱 알맞게 있고 닭 상태도 좋았어요. 그리고 잡다한 서비스를 많이 챙겨주셔서 기분도 좋아지는 집이었습니다.,저녁식사 술모임 데이트 가족외식 시끌벅적한 지역주민이 찾는,후라이드,2019년 11월 4일,1
1,모던통닭 건대역점,리진,무난한 치킨집. 막 동네호프는 아니니까 젊은 층들 와서 깔끔히 먹고가는,저녁식사 지역주민이찾는,후라이드치킨,2020년 7월 7일,1
0,꼴목,민스,닭죽이랑 삼계탕을 안주로 주는데 맛있어서 추가해서 먹었습니다.,술모임 캐주얼한,닭죽,2023년 12월 3일,1
1,꼴목,Jeff,부담적은 학교 앞 술집입니다. 안주가 저렴한 편이고 특히 삼계탕 반마리가 서비스로 나와서 인기가 꽤 있는 듯. 음식맛은 인상적이지 않았습니다. 좀 어수선한 면이 있어요.,술모임 캐주얼한 시끌벅적한 지역주민이찾는,꼬막 맥주,2020년 5월 20일,1
2,꼴목,josh,가성비 좋은 맛집답게 시끌시끌하고 음식이 기본적으로 맛있었다. 근데 서비스로 준다던 반계탕은 더이상 나오지 않나보다. 대신 나온건 유부유동국물? 그래도 가격이 참 착하다. 전은 보통 5000-6000원 다른 메뉴도 거의 만원대.. 이정도면 괜찮다,야식 모임 남자끼리 시끌벅적한 가성비좋은 가성비좋은 젊은사람이많은,,2017년 10월 22일,1
3,꼴목,리진,합리적인 가격에 기본안주로 주는 반계탕이 예술이지요. 매운갈비찜도 맛잇습니다,술모임 서민적인,삼치구이,2020년 7월 13일,1
4,꼴목,가성비살인마,"메인안주 주문 시 기본으로 반계탕이 나와서 좋았고, 안주가 다 맛있었습니다",술모임 시끌벅적한,치즈김치볶음밥 계란말이 무뼈닭발,2022년 5월 18일,1
5,꼴목,피카츄,가성비 좋은 술집입니다 안주 메뉴가 다양해서 다양하게 먹을 수 있네영,술모임 데이트 캐주얼한,삼겹살,2020년 7월 22일,1
6,꼴목,좋은나무,10년된듯 깨끗하고 맛있고 시끄러운 포차,술모임 술집 숨은맛집 서민적인 노포식당,오돌뼤,2021년 8월 22일,1
7,꼴목,김경수,맛있어요,혼밥 깔끔한 개별룸,,2019년 9월 11일,1
0,로니로티,우쭈뿌,양이 엄청 많고 친구들이랑 편하게 가기 좋아요!! 회전율도 빨라요,점심식사 서민적인,목살 스테이크 샐러드 게살 딥 쉬림프 스파게티,3월 15일,1
1,로니로티,빵맨,학생때부터 자주 다녔는데 오랜만에 가도 좋네요~ 가성비 최고입니다.,데이트 기념일 가족외식 캐주얼한 가성비좋은,목살 스테이크 샐러드 해산물 올리브 스파게티,3월 2일,1
2,로니로티,히히희희,하프로 시켜도 양많아요 해물까르보나라 진짜 맛있어요 ! ㅎㅎ,점심식사 캐주얼한,목살 스테이크 샐러드 해산물 까르보나라,3월 3일,1
3,로니로티,aaa,음식 양이 많고 가격은 적당합니다. 전체적으로 음식이나 음료나 다 달아요.,배달 점심식사 식사모임 데이트 캐주얼한 푸짐한 시끌벅적한,목살 스테이크 샐러드 시금치 피자,1월 5일,1
4,로니로티,냐밍,서간앤쿡 같은 느낌의 식당이에요! 개인적으로 서가앤쿡보다 가격도 괜찮고 양도 푸짐해서 좋았습니다~  메뉴도 엄청 다양해서 고르는 데 시간 좀 걸렸어요ㅎㅎ하프 플레이트로도 시킬 수 있는데 하프로 시켜도 양이 넉넉했어요! 원플레이트는 더 푸짐합니다!  가격도 엄청 착한데 음식도 푸짐하고 넘 맛있었어요~오이스터 크림 파스타는 약간 매콤해서 맛있었고 목살 필라프에 고기도 꽤 있었어요! 커틀렛은 돈까스인데 바삭하고 샐러드가 진짜 맛있더라구요!  매장도 넓어서 많은 분들이 와서 식사하기에 좋아요! 매장도 깔끔하게 생겼고~맛 양 가격 다 만족하는 좋은 식당이었습니다!,점심식사 저녁식사 식사모임 데이트 캐주얼한 가성비좋은 푸짐한,오이스터크림파스타 커틀렛 목살필라프,2022년 4월 3일,1
5,로니로티,초초냥이,"- 건대입구역 근처, 랄라블라와 노브랜드가 위치한 건물 3층에 위치한 가게. 기존 서가앤쿡과 함께 있었으나 로니로티만 있다. 첫 방문이라 걱정됐으나, 많은 인파가 있었습니다.  - 해산물 토마토 스파게티 : 하프사이즈로 주문했고, 1인이 먹기 적당한 양. 해산물(오징어, 조개, 새우)가 들고 향이 잘 배어있습니다. 추천.  - 삼겹살 : 원플레이트로 주문했는데, 생각보다 많은 양이 당황. 혼자 막기는 많은 편입니다. 성인남성 1.7인분의 느낌. 금방 질리는 단맛 위주라 메인으로는 힘들었습니다.  - 전반적으로 서가앤쿡보다 양이 많고, 맛은 비슷했습니다.",점심식사 저녁식사 식사모임 가족외식 푸짐한,해산물 토마토 파스타 갈릭 삼겹살 스테이크 샐러드,2021년 10월 2일,1
6,로니로티,ㅂㅇㅂ,전체적으로 느끼해요 깔끔하지 않음 파스타든 필라프든 음식이 전부 비슷하게 질척이는 듯한 기름윤기가 도는게 뭔가 기름에 볶은게 아니라 비빈것 같음 김치필라프는 엄청 맛있는건 아닌데 먹을만해서 7/10 점 게살해물로제파스타? 이건 로제도 토마토도 아닌 애매한 맛 4/10 점 삼겹살갈릭스테이크는 엄청 질겨서 한입 먹고 안먹음 올려진 샐러드는 맛있음 드레싱 맛으로 먹으니까...암튼 스테이크 1/10 점 총 10점만점에 4점=5점만점에 2점..  음식사진은 안찍고 사람사진만 찍어서 저거라도 올렸는데 저 사진이 다 먹고나서 찍은거거든요 짤렸지만 나온 음식사진보면 거의다 안먹은거 알수있음요 앞접시있는게 삽겹살 스테이크 한덩이인데 첫입먹고 맛이 없어서 그냥 앞접시에 고대로 올려두고 나왔어요  가격도 저렴하고 양도 푸짐한데...저는 가격보단 맛이 중요해서 두번은 안갈듯,점심식사 저녁식사 캐주얼한 가성비좋은,갈릭삼겹살스테이크 김치필라프 게살로제 파스타,2019년 12월 9일,1
7,로니로티,하늘,2회차 방문 음식은 무난. 가성비 좋은 편입니다.  시금치피자에 양파볶음이 올라가 당황.  그리고  알반지 뭔지 투블럭한 덩치큰 서빙  묵언수행하는 하는 분인가? 인상 쓴 채로 메뉴 적고 확인도 안하고 휙 가버리고  식기에 뭐 묻어있어서 교체하려 불렀는데 역시 죄송하다는 말 한 마디도없이 식기만 툭 갖다주던데  기분좋게 식사하러 왔다가  기분만 잡쳤네요  1회 차 때 괜찮아서 재방문 한건데  이제는 안가려고요.,점심식사 식사모임 캐주얼한 시끌벅적한,시금치피자 버섯크림파스타 해물토마토파스타 목살스테이크,2019년 7월 22일,1
8,로니로티,민정,"서가앤쿡 느낌의 로니로티 네명이가서 하프 세개에 피자 하나 시켰다가 배터질뻔했다  목살 필라프는 무난한 목살 볶음밥이고 오이스터파스타는 살짝 매콤한 로제파스타?같다 꾸덕한 느낌은 많이 없지만 적당히 느끼하고 살짝 매콤해서 자꾸 땡기는 맛!  피자는 치즈와 페퍼로니 토핑으로 굉장히 심플하지만 도우가 맛있다 개인적으론 전에 먹었던 고르곤졸라보다 맛있는 듯 하지만 친구는 피자는 별로라며 다음에는 피자대신 파스타를 하나 더 시키자고^^,,ㅎㅎ  목살스테이크는 살짝 질긴감이 있지만 괜찮았다 샐러드가 굉장히 많이 나와서 굿굿~~ 하지만 크랜배리랑 견과류가 좀 더 들어있었다면 더 좋을 것 같다  전체적으로 만족스럽고 가격도 크게 부담스럽지않은 곳!",점심식사 저녁식사 식사모임 데이트 캐주얼한 가성비좋은 깔끔한,목살 스테이크 샐러드 오이스터 크림 스파게티 목살 필라프 디아볼라 피자,2019년 7월 19일,1
9,로니로티,sseung,"자주 왔던 곳인데 다 색다른 메뉴로 시켰어용 원래는 꾸덕한 파스타를 먹고 싶었는데 뭔가 새로운 거 시키고 싶어서 도전했습니당  해산물 야끼 파스타, 부챗살스테이크, 리코타 치즈 샐러드 먹었습니당 파스타는 파스타보다는 중국요리같은 볶은짬뽕 같은 맛! 독특하니 맛있었어용 스테이크는 기본 목살필라프가 더 맛있긴한데 부드러운 고기를 원하신다면 괜찮을 것 같아용 리코타치샐러드는 어디든 맛있! 치즈도 두덩이고 야채도 싱그러운게 맛있습니당  오랜만에 포식!! 독특한 점심 좋았어용",점심식사 조용한 지역주민이 찾는,목살필라프,2019년 5월 31일,1
10,로니로티,강몬지맘,"여기를 총 두번 방문했는데 두번 다 배고파서 그런가 제 입맛엔 찰떡이였어요 특히 갈때마다 시켰던 *목살스테이크샐러드* 추천메뉴이기도 하고 제일 무난합니다  음식맛은 정-말 좋고 분위기도 데이트하러 올 만한 분위기예요 물론 막 이태원이나 강남에 있는 예쁜 카페처럼 그런 분위기는 아니고 분위기 있는 밥집 느낌 ? 주변을 둘러보면 다 남자친구랑 옵니다 ㅋㅋ  다만, 웨이팅이 길어요 가면 기본으로 30분이니까 애매한 시간에 가면 바로 먹을 수 있습니다 점심 조금 지났을때가 가장 한적한거 같아요 2-4시까지 ?  웨이팅이 심한거 빼곤 다 좋아요 저도 많이 먹는 편인데 친구랑 둘이서 하프메뉴 3개 시켰더니 다 못먹구 나옴 ㅋㅋ  경험상 여러명이서 갈거 아님 하프로 시키는게 좋을 것 같습니다 너무 양이 많아요 ㅋㅋㅋㅋㅋㅋㅋㅋㅋㅋㅋ그래서 또 갈거예요 담주에  메뉴 3개 3만원대면 요즘 밥 값치곤 저렴하니 양식땡기고 애인있으면 ㄱ ㄱ 추천합니다",아침식사 점심식사 저녁식사 식사모임 술모임 차모임 데이트 기념일 가족외식 가성비 저렴한 양식 저렴한 스파게티 캐주얼한 가성비좋은 푸짐한 시끌벅적한 예쁜 깔끔한 이국적/이색적 경관/야경이 좋은 지역주민이 찾는 데이트 하기 좋은,목살스테이크샐러드 매콤크림스파게티 감자튀김샐러드,2019년 3월 23일,1
11,로니로티,등두,점심시간대쯤 가면 바로 먹을수있는데 저녁시간은 웨이팅 해야해요 그리고 음식양이 푸짐하고 개인적으로 블루베리에이드 좋아해요 근데 직원들의 불친절함 바쁘니까 어쩔수없다고 생각합니다 그리고 음식소스는 같은거 쓰시는건지 토마토 크림 파스타 안에 내용물만 다르고 맛이 다 똑같아요 그래도 가성비가 굉장히 좋습니다,점심식사 저녁식사 캐주얼한 가성비좋은 푸짐한 시끌벅적한,해산물토마토파스타 치킨텐더샐러드,2019년 3월 12일,1
12,로니로티,coco,"오이스터파스타 베이컨/해산물 먹어봤는데 해산물이 훨씬맛있어요 베이컨은 아예 다른맛인줄 알았어요 느끼하고 별로예요. 꼭 해산물로 드세요. 필라프는 목살, 해물야끼, 김치먹어봤는데 목살이 제일 맛있어요. 음식도 대체적으로 맛있고 가격도 싸서 괜찮은데 서비스가 별로예요. 보통 손님이 들어오면 자리 안내 해주는데 아무도 안내 안해줘요. 그리고 화장실이 너무너무 더러워요. 바닥에 물이 많고 변기도 막혀있습니다. 술집 화장실인줄 알았어요.",점심식사 저녁식사 데이트 가성비좋은 푸짐한,오이스터파스타 파스타 필라프,2018년 1월 23일,1
13,로니로티,나리,매우 불만족... 리뷰사이트를 완벽히 믿지는 말아야 한다는 걸 보여주는 곳  파스타 오자마자 벌레가 보였는데 귀찮아서 그냥 먹었는데 맛도 없어서 얼마 먹지도 않구 나왔음..ㅜ  줄이 상당히 길음 이른 시간에 갔음에도 앞에 일곱 파티가..  다른 메뉴야 상황을 모르겠지만 이 사진의 메뉴들은 상당히 불만족,점심식사 저녁식사 데이트 현장대기필요,,2017년 8월 7일,1
14,로니로티,지또지또해,사람이 많고 인기도 많은듯 근데 양 조절 실패해서 거의 다 남겼다..1인용이 아니라 1.5인분 이런식으로 팔아서 어떤 조합으로 먹어야할지 한참 고민했는데 느끼해서 실패했다..맛은 그냥 대중적인 파스타와 리조또맛(맛없으면 이상한맛) 딱히 두번은 안갈듯,점심식사 저녁식사 데이트 기념일 캐주얼한 시끌벅적한 깔끔한 소개팅,치킨버섯크림리조또 눈꽃치즈토마토스파게티,2020년 2월 12일,1
15,로니로티,또리,갓성비 최고 맛집 :) 하프메뉴가 있어서 둘이서 메뉴 세개 시켜도 부담이 없어서 좋아용 ㅎㅎㅎ 좀 많긴하지만 맛있는 메뉴가 많아서 꼭 2인 3메뉴하게 되는 집! 특히 삼겹살 스테이크 완전 추천합니당,저녁식사 식사모임 데이트 캐주얼한 가성비좋은 푸짐한 시끌벅적한,삼겹살스테이크 게살딥쉬림프파스타 치킨버섯리조또,2020년 1월 31일,1
16,로니로티,먼지구동이,"맛있어요 오이스터파스타, 필라프 둘다 매컴하고 불맛나서 좋어요",저녁식사 가성비좋은 지역주민이찾는,오이스터 크림 스파게티(닭가슴살/베이컨/해산물 선택),2023년 4월 9일,1
17,로니로티,봉구아줌마,음식이 맛있어서 자주 찾는곳.웨이팅도 있지만 그래도 맛있어서 좋다,점심식사 가족외식 캐주얼한 푸짐한 주차불가,게살 딥 쉬림프 스파게티 하와이언 피자 크림 리조또(베이컨/해산물 선택),2023년 3월 21일,1
18,로니로티,이삼,양이 대체적으로 많고 맛있어요! 3명이서 파스타 하나 감튀 하나 피자 하나 시켰는데 피자 남겼어요,점심식사 데이트 예쁜 깔끔한,해산물토마토스파게티 고구마피자 감자튀김,2023년 1월 24일,1
19,로니로티,wsm,로니로티가면 샐러드파스타는 항상 주문할만큼 맛있어요😊 피자는 처음 주문해봤는데 담백하고 맛있었어요. 양도 푸짐해서 4명이서 메뉴 세개만 주문했는데도 배부르게 먹었어요!,점심식사 저녁식사 데이트 캐주얼한 푸짐한 지역주민이찾는,김치필라프 샐러드파스타 리코타치즈피자,2021년 6월 7일,1
20,로니로티,youandme,게살 파스타와 필라프 맛있어요 약간 애매한 시간에 가서 많이 대기 안하고 식사했네요 두명이서 하프 두개로 시켰는데 넉넉한 양이었어요 더 시키면 남겼을거 같아요,점심식사 저녁식사 식사모임 데이트 가족외식 숨은맛집 서민적인 캐주얼한 가성비좋은 푸짐한 이국적/이색적,게살 딥 스파게티 새우 필라프,2020년 10월 4일,1
21,로니로티,오이시쿠루메론빵,"가성비 맛집이라고 들었는데, 맛도 있으면서 음식 양이 진짜 많아요! 하프로 시켰는데도 파스타 양이 정말 많아서 놀랐어요. 전체적으로 분위기도 깔끔하고 좋았어요",저녁식사 식사모임 회식 데이트 캐주얼한 가성비좋은,파스타 피자 스테이크,2020년 7월 21일,1
22,로니로티,녕PD,위생도 괜찮고 일단 가성비 완전 짱짱👍🏻 크림파스타도 금방 물리지 않고 시간지나도 부드러워서 맛있었고 스테이크도 괜찮았어요 샐러드도 많이 나와서 느끼함도 잡아주고요! 가격이 부담스러운데 스테이크가 먹고 싶다면 적당한 것 같아요. 일단 깔끔하고 밝은 분위기가 마음에 들었고 가격도 착하고 맛도 좋으니 특히 학생분들께 추천합니다😀,점심식사 깔끔한 가성비좋은,목살 스테이크 까르보나라,2017년 12월 6일,1
23,로니로티,므앙,가성비가 정말 말도 안되게 좋은데 맛도 있는 곳! 세명이서 저렇게 시키고 잔뜩 남겼다. +노원점도 자주 가는데 점바점 안 심한듯,점심식사 저녁식사 식사모임 데이트 가성비좋은 푸짐한 깔끔한,목살필라프 눈꽃치즈파스타,2022년 8월 10일,1
24,로니로티,정하남,가격도 착하고 양도 많고 너무 좋음 건대 가면 자주 가는 집 중 하나임 개인적으로 서가앤쿡하고 맛 비슷한데 훨씬 가격이 저렴함,점심식사 저녁식사 접대 회식 데이트 기념일 가족외식 캐주얼한 고급스러운 가성비좋은 시끌벅적한 깔끔한,스테이크 스파게티,2017년 11월 6일,1
25,로니로티,워킹뱀부,아마 건대입구에서 가장 가깝게 찾아볼수있는 평타 양식집. 건대이서 이렇다할 파스타맛집이 없어서 그런가 가성비로는 꽤 괜찮음,점심식사 캐주얼한,로제파스타 돼지고기필라프,2019년 10월 26일,1
26,로니로티,세시,웨이팅은 항상 기본 옵션으로 딸려오는 곳. 청결도나 맛은 떨어지지만 가격대비 분위기나 양이 무난해서 인기가 있는 집입니다.,저녁식사 격식있는 시끌벅적한,까르보나라 목살스테이크,2019년 8월 8일,1
27,로니로티,sayhyo,딱 생각하는 그맛이었습니다. 특히 샐러드 소스가 맛있어서 추가해서 먹었네요. 넓고 손님이 많아서 그런지 시끌벅적합니다ㅠㅠ,점심식사 저녁식사 데이트 모임 시끌벅적한 규모가큰 젊은사람이많은,,2017년 11월 5일,1
28,로니로티,하하넘많,대부분 메뉴가 맛있고 실패할 일이 적어요. 목살 스테이크 샐러드는 소스랑 채소들이 잘 어울려요. 양도 많고 맛있습니다~,점심식사 저녁식사 식사모임 깔끔한,목살 스테이크 샐러드 치킨 버섯 크림 리조또,2020년 4월 29일,1
29,로니로티,보리차,깨끗하고 음식 맛있었음 토마토해물파스타랑 목살스테이크먹었는데 토마토해물이더괜춘 담에가면 목살반짜리시키거나 볶음밥먹을듯,아이동반 점심식사 식사모임 데이트 캐주얼한 가성비좋은 푸짐한 시끌벅적한 예쁜,"토마토해물파스타,목살스테이크구이",2020년 8월 7일,1
30,로니로티,영영,건대입구역 내리자마자 있어서 찾기 쉬웠어요! 메뉴도 다양하고 맛도 좋고 무엇보다 저렴합니다! 추천,점심식사 가성비좋은 푸짐한 무료주차,목살스테이크샐러드 오이스터크림리조또,2018년 12월 4일,1
31,로니로티,jung,식사 시간 때 가면 항상 웨이팅이 있다. 분위기도 좋고 맛도 괜찮다. 고기가 좀 질겼다.,점심식사 저녁식사 데이트 시끌벅적한 깔끔한,베이컨까르보나라 목살스테이크샐러드,2020년 7월 12일,1
32,로니로티,리진,건대에서 가성비맛집 찾으라면 여기밖에 생각 안남. 워낙 없어서ㅎㅎ 목살스테이크 가격대비 굿,점심식사 서민적인 시끌벅적한,목살스테이크 오이스터파스타,2019년 9월 1일,1
33,로니로티,moonby,양이 생각보다 많아요 메뉴도 다양해서 좋은 것 같아요 많이 먹으면 좀 물리는 것 같아요,식사모임 데이트 깔끔한,목살필라프,2022년 7월 2일,1
34,로니로티,지니,가격대비 양은 괜찮은데 맛이 너무 일관 된 맛이에요 똑같은 소스를 쓰는 것 같아요,점심식사 저녁식사 식사모임 캐주얼한 가성비좋은 푸짐한,목살스테이크샐러드 해산물올리브파스타,2018년 7월 26일,1
35,로니로티,배고프다,3:30 부터 브레이크 타임 있어요 여러명이서 식사모임하기 딱 좋은 장소 입니다,점심식사 식사모임 서민적인 예쁜 깔끔한,해산물올리브스파게키,2020년 5월 1일,1
36,로니로티,콩순콩순,조명이 예뻐서 사진이 잘 나오는 분위기 맛집. 그리고 음식이 정말 맛있어요:)♡,점심식사 저녁식사 식사모임 데이트 격식있는 가성비좋은 경관/야경이 좋은,목살스테이크 해산물까르보나라,2020년 1월 29일,1
37,로니로티,마싯눈고,등심스테이크샐러드가 맛있다~ 주말이라 웨이팅 조금 있었고 분위기는 좋았음 ㅎㅎ,점심식사 저녁식사 데이트 캐주얼한 시끌벅적한,등심스샐,2019년 11월 28일,1
38,로니로티,우나,가격이 조금 있는대신 양이 많고 맛있어요. 예약하고 가는 게 나을듯.,점심식사 저녁식사 데이트 푸짐한 깔끔한,파스타 목살스테이크,2020년 1월 25일,1
39,로니로티,버블버블,음식 맛있어요 얻어먹어서 두배로 맛있었네요. 웨이팅이 있을 수 있어요,점심식사 데이트 기념일 가족외식 고급스러운 가성비좋은 푸짐한 시끌벅적한,게살파스타 갈릭삼겹살스테이크,2019년 9월 25일,1
40,로니로티,콩떡,메뉴들이 양도 많고 맛있어요 특히 오이스터 파스타가 맛있었어요,점심식사 저녁식사 식사모임 데이트 기념일 가성비좋은 예쁜 깔끔한,오이스터 파스타,2022년 1월 5일,1
41,로니로티,zInI,파스타 너무너무 맛있어용♥️ 위치도 찾기 쉽고 가게도 넓어요,저녁식사,베이컨 까르보나라 해산물 토마토 스파게티,2022년 7월 2일,1
42,로니로티,유자짱,"건대 파스타집 검색하면 가장 먼저 뜨는 집인데 맛집은 아닙니다. 목살스테이크샐러드는 서가앤쿡 거랑 비슷하다고 보시면 돼요! 특히 샐러드는 정말 비슷하고 스테이크 굽기가 여기가 좀 덜 구워져서 나오는 것 같아요. 게살로제파스타는 진짜 게살이 들어있을 줄 알았는데 게맛살이 들어있더라구요. 맛살... 전 맛살 좋아해서 괜찮았지만 그냥 좀 웃겼어요 ㅋㅋ소스는 시판소스 맛이구요. 저처럼 아무거나 잘 드시고, 양식 돈 많이 안주고 배부르게 드시고 싶으신 분들 가시면 좋은 곳 이에요. 웨이팅 있었는데 그럴 가치가 있는지는 잘 모르겠어요!",점심식사 저녁식사 데이트 가족외식 푸짐한 깔끔한,목살스테이크샐러드 게살로제파스타,2019년 9월 15일,1
43,로니로티,hyeokly,평범한 양식집,점심식사 저녁식사 캐주얼한,베이컨 까르보나라 해산물 까르보나라,2023년 9월 11일,1
44,로니로티,Ji-won Kim,하프하프가 좋아요! 양이 진짜 많아서 하프하프가 딱입니다. 스테이크 꼭 드셔보세요. 맛나요,,,2017년 1월 30일,1
45,로니로티,Kim MyoungGyu,"정말 전반적으로 괜찮았습니다. 특히 가격대가 마음에 들더라구요. 그렇게 비싸지 않은 편인데, 점심할인까지 있다는게 신기했습니다. 다만 늦게가면 줄서야할 것 같네요.",점심식사 저녁식사 식사모임 데이트 푸짐한 예쁜,파스타 스테이크 리조또,2018년 1월 23일,1
46,로니로티,wonnie,어쩌다 주방쪽에 앉았는데 박스나 물건들이 너무 좀 너저분하게 늘어져 있어서 보기 좀 안좋았어요. 그냥 저렴하게 한 끼 먹기에는 괜찮은거 같아요.,점심식사 저녁식사 데이트 남자끼리 여자끼리 캐주얼한 가성비좋은 가성비좋은 현장대기필요,,2017년 7월 12일,1
47,로니로티,NGP,"양이 무식하다 싶을 정도로 많습니다.  하프메뉴가 있는데, 그걸 시키면 웬만한 가게 1인분 양입니다. 진짜입니다.... 양이 엄청나게 많고..... 하프메뉴가 아닌 일반 메뉴를 시키면 웬만한 가게 1.5~2인분이라고 보시면 됩니다. 엄청나게 많습니다. 손님들 대부분이 잘 모르고 시켰다가 음식을 많이 많이 남깁니다.  웨이팅이 많이 깁니다. 가성비가 매우 좋은 식당이라서, 손님이 늘 많고 바쁜 시간대에 가면 2~30분은 기본적으로 기다려야 합니다.",,,2016년 9월 16일,1
48,로니로티,미식파이터,도대체 왜 이곳이 상위노출이 되는지 납득하기 힘들 정도로 평가가 안 좋은 곳 입니다.,점심식사 시끌벅적한,오이스터소스리조또,2018년 10월 2일,1
49,로니로티,양준영,가성비가 좋아요. 맛은 평근은 해요. 기다려서 먹을정도는 아니라고 생각해요,점심식사 저녁식사 식사모임 캐주얼한 가성비좋은 시끌벅적한,크림파스타 로제파스타 샐러드,2018년 8월 11일,1
50,로니로티,yulia,친구들이랑 자주 가는 곳인데 가격도 적당하고 양도 많아서 참 좋아요,저녁식사 데이트 가성비좋은,김치필라프 목살스테이크 에이드,2019년 8월 30일,1
51,로니로티,뇸뇸뇸,건대에서 적당한가격으로 연인들이 데이트하기에 적절한 좋은맛과 분위기가 있는곳,저녁식사 데이트 캐주얼한 시끌벅적한,목살스테이크셀러드,2017년 5월 30일,1
52,로니로티,맛집투럭ㄱㄱㄱㄱㄱ하럭ㄱㄱㄱ,맛있고 분위기도 괜찮아요 데이트 할 때 딱이에요!,,,2016년 10월 10일,1
53,로니로티,Geonhee Cho,,,,2017년 2월 4일,1
54,로니로티,청인지,,,,2016년 12월 28일,1
55,로니로티,잉여,,,,2016년 10월 18일,1
0,Duff Town,푸르르게,술 먹기 정말 좋은 곳!! 가격대도 합리적이고 안주도 굿이에요,데이트 격식있는 가성비좋은,전체메뉴,2월 17일,1
1,Duff Town,참새짹짹,아주 아주 분위기 좋은 칵테일 가게에요. 지나가다 외관이 너무 예뻐서 들어갔는데 손님들도 많았어요. 다른 메뉴들은 안먹어봤는데 스테이크는 조금 질겼어요.ㅠㅠ 그래도 가성비 좋습니다! 저렴한 가격이 스테이크를 먹었어요.,저녁식사 데이트 기념일 고급스러운 격식있는 가성비좋은 조용한 예쁜 깔끔한 이국적/이색적 주차불가,등심스테이크 칵테일,2022년 1월 4일,1
0,건대맥주창고,구름구름,+건대한복판에서 그나마 조용 +흑맥주 종류다 별로 없었음 +하이네켄 생맥 있어서 좋았음 +안주 필수 아니라 좋음,술모임 조용한,하이네켄 생맥주,2019년 11월 21일,1
1,건대맥주창고,대디,"내가 먹고싶은 스타우트, 하얼빈 없어서 아쉬웠음 그래도 맛있었음",술모임 데이트 지역주민이 찾는,에스텔라 하이네켄,2018년 2월 10일,1
2,건대맥주창고,우유,노래 소리 적당하고 깔끔하고 괜찬은듯 ㅋㅋ 맥주상태도 쏘쏘,데이트 서민적인,맥주,2018년 2월 9일,1
0,Mix Lounge Bar,파랑,"맛은 보통 칵테일바 정도인데 서비스나 프레첼 리필을 잘해주십니다. 메뉴가 다양하게 많고, 논알콜도 있어 편하게 오기 좋을 것 같습니다.",저녁식사 술모임 회식 데이트 캐주얼한 가성비좋은 깔끔한,깔루아밀크 데낄라선라이즈 애프리코트 바카디모히또,2021년 11월 3일,1
0,사시미,꼬망꽁치,같이 나오는 스키다시조 좋고 방어도 맛있어요. 네명이서 먹었는데 양이 정말 많네요. 튀김이나 낙지도 맛있고 재방문의사 있습니다,저녁식사 식사모임 접대 회식 가족외식 가성비좋은 푸짐한 시끌벅적한 대형룸,대광어 숙성회,2월 25일,1
1,사시미,희용쓰,물회 매운탕 맛있어용 회도 싱싱하고 친절하세요!!루프탑도 있고 좋습니다,저녁식사 술모임 데이트 기념일 숨은맛집 지역주민이찾는 캐주얼한,광어회/연어회 매운탕 물회,2023년 6월 13일,1
2,사시미,룰루랄라,맛있어요 음식은! 근데 룸이 너무시끄러웠습니다ㅜㅜ 3층으로되어있아요,데이트,모듬회,2022년 8월 9일,1
3,사시미,개미똔뚠,회와 쓰끼가 맛있는집이에요! 가게내부는 약간시끄러운편이에요!,술모임 시끌벅적한,생선회세트 대,2022년 7월 21일,1
4,사시미,우니니남친,육회 오랜만에 시켜먹었는데 꿀맛이었습니다. 또 주문할게요!,배달 숨은맛집 무료주차,육회,2022년 3월 11일,1
0,디노노가리술집,호잇호잇,직장인과 대학생들이 엄청 많이 찾는 곳 가격이 저렴해요,술모임 시끌벅적한,버터오징어 생맥주,2020년 7월 2일,1
0,한사바리,히봉2,오픈 하자마자 들어갔는데 금방 만석이 되더라구요 모든 음식 신성하고 맛있습니다!,술모임 지역주민이찾는 조용한 서민적인,생연어회16p/11p 한우 육회,3월 23일,1
1,한사바리,mandulover,매장이 크지 않아서 아담하고 적당히 시끄러운 동네 술집입니다. 매장이 깔끔하고 사장님이 친절하셨어요. 연어 서비스도 주시고 안주도 가격 대비 양이 많아서 재방문 의사 있어요.,저녁식사 술모임 데이트 숨은맛집 서민적인 캐주얼한 가성비좋은 지역주민이 찾는,생연어회 간장보쌈,2020년 2월 19일,1
0,해남닭집,Aiden,"건대입구역에서 10~15분 거리에 위치한 치킨 가게입니다.  주문과 동시에 치킨을 바로 튀겨주시는데, 사람이 많은 날에는 치킨 나오는데까지 시간이 쫌 오래 걸리더라구요.  맛은 옛날 통닭을 좋아하시는 분들이 좋아하실 것 같은 그런 맛이에요. 후라이드는 바삭 + 담백하고 양념은 바삭 + 달달합니다. 생맥주랑 같이 먹어야 할 것 같은 맛이에요.  양념은 맛있어서 사진찍는걸 깜빡했습니다😅",저녁식사 식사모임 서민적인 캐주얼한 가성비좋은 시끌벅적한 지역주민이찾는 푸짐한 주차불가,후라이드치킨 양념치킨,2023년 8월 4일,1
1,해남닭집,mkjung486,어린시절 먹었던 추억의맛인데 정말 너무 맛있었어요. 야채샐러드 꼭 추가해서 맥주랑 먹으면 꿀맛입니다. 다음에 번데기탕도 먹으러갈게요.,저녁식사 숨은맛집 서민적인,후라이드치킨 야채샐러드,2월 26일,1
2,해남닭집,공릉방어찜,근처에 브랜드있는 치킨만 먹엇엇다가 해남닭집 유명하다고해서 먹엇는데 진짜 맛잇네요 레트로감성 쩌네요  자주올것같아요,데이트 술모임 회식 숨은맛집 서민적인 지역주민이찾는,후라이드치킨 야채샐러드,2월 26일,1
3,해남닭집,꺄울콩,오래기다려서 배고파서 힘들었지만 치킨은 맛있어요 완전 옛날치킨 느낌,저녁식사 식사모임 술모임 데이트 가족외식 간식 숨은맛집 서민적인 가성비좋은 시끌벅적한 지역주민이찾는,반반치킨 야채샐러드,1시간 전,1
4,해남닭집,해밭,저렴하고 맛있어요 주차는 많이 어렵습니다 워낙 골목길 안이라서요,술모임 데이트 서민적인 주차불가,치킨,2023년 1월 1일,1
5,해남닭집,오잉,누군가에게 추억의 맛이라고 함 고소하고 맛있는 튀김옷에 건대다운 물가 ㅜㅜ,술모임 간식 서민적인 캐주얼한 지역주민이찾는,반반치킨,2022년 5월 4일,1
0,바인,콩콩콩888,시끌벅적하고 복잡한 건대에서 우연히 들어갔는데 대만족했던 다이닝바 전문바텐더랑 소믈리에분이 계셔서 취향대로 그때그때 느낌에 맞게 칵테일 만들어주심. 친구들하고 분위기내기 너무 좋고 음식들도 다채로운 재료들 사용하는 정성있는 음식들임. 전체적으로 다 성공적이었뚬 재방문의사 100%,저녁식사 술모임 혼술 접대 데이트 기념일 조용한 예쁜 깔끔한 분위기좋은 바 자리,한방오리스테이크 멜론리코타 다수의 칵테일 매콤조개파스타,2023년 7월 10일,1
1,바인,주니쭌,들어가자마자 조명과 인테리어가 너무 이쁘고 아기자기한 소품들과 테이블이 잘 어울리게 배치되있어서 사진도 잘나오면서 음식맛과 와인&칵테일은 기본으로 훌륭합니다. 데이트 코스로도 좋고 혼술하시는분들도 바텐더님과 소믈리에님이 추천잘해주시니 믿고 드세요:),저녁식사 술모임 혼술 데이트 기념일 고급스러운 가성비좋은 예쁜 깔끔한,오리스테이크 멜론&유자리코타,2023년 7월 4일,1
2,바인,크아아아앙,"청담동에 있을법한 퀄리티와 분의기의 장소가 건대에도 생겼네요. 가격은 건대의 가격대 조금 있는곳 수준이지만 퀄리티는 청담동 이상이라 생각될 정도입니다. 모든 음식이 전부 하나하나 정성이 들어가고 다양한 재료들을 사용한게 느껴집니다. 와인 리스트와 가격도 좋은 편이고, 칵테일도 기본 기주를 좋은걸 쓰시는거 같아요. 취향에 맞게 칵테일이랑 와인 추천도 전문적으로 해주십니다 ㅎㅎ",저녁식사 식사모임 술모임 혼밥 혼술 데이트 기념일 숨은맛집 고급스러운 격식있는 조용한 예쁜 깔끔한,"버섯 살러드 한방 오리스테이크 봄나물과 들깨 베샤멜, 들기름 두부구이 트러플 버섯크림 감자뇨끼",2023년 5월 27일,1
3,바인,아델,그냥 바라기 보다는 주류와 음식문화를 향음할 수 있는 곳이에요. 위치는 좋지만 너무 영한 식당들만 있는 건대에 이런 다이닝바가 생긴 덕분에 미팅하거나 친구들이랑 자주가고있어요. 음식이 맛있고 와인도 소물리에 사장님이 잘 설명해 주시고 칵테일도 전문적인 곳. 주말 런치로도 좋은 곳.,점심식사 저녁식사 식사모임 데이트 기념일 숨은맛집 고급스러운 예쁜 깔끔한 이국적/이색적,한방오리스테이크 소고기깻잎타르타르 트러플크림파스타 감자뇨끼 조개파스타 라자냐 두부요리,2023년 5월 19일,1
4,바인,가축,"분위기에 취해, 술에 취해, 음식에 취해 머무는곳. 음식은 말할것도 없고 술을 잘 몰라도 된다. 바텐더 출신 남사장님과 소믈리에 여사장님이 술 특징 설명해주면서 맞춤형으로 추천해주신다. 타르타르 존맛. 또먹으러 가야지",술모임 데이트 기념일 숨은맛집 캐주얼한 조용한 예쁜 깔끔한,소고기 깻잎 타르타르 초리조딥과 치아바타 조개파스타,2023년 7월 22일,1
5,바인,콩조앤,기념일 2차로 가서 맛있게 즐기고 왔습니다. 와인 추천도 잘 해주시고 특히 칵테일이 전문적이에요. 1차를 먹고가서 조개파스타만 시켰는데 너무 맛있어서 처음부터 여기 올걸 그랬다고 했네요. 다음에 다른 메뉴들도 먹으로 오겠습니다 ! 번창하세요!,식사모임 저녁식사 술모임 기념일 데이트 가족외식 회식 숨은맛집 고급스러운 이국적/이색적 예쁜 내부화장실,조개 파스타 칵테일 와인,1월 17일,1
6,바인,솥귀,건대에서 볼 수 없는 분위기 좋고 퀄리티 높은 BAR 데이트하기 좋은 장소 건대같지 않은 조용한 분위기 칵테일 전문 바텐더와 와인 전문 소믈리에 가 있어서 추천받기 좋았음 칵테일 전문적이고 요리도 다 좋음. 특히 파스타 맛있었음,점심식사 저녁식사 식사모임 술모임 혼술 데이트 기념일 가족외식 숨은맛집 캐주얼한 고급스러운 격식있는 조용한 예쁜 깔끔한 푸짐한 가성비좋은 주차불가,수비드 된장 목살 조개 파스타 침실의 여왕 네그로니 부라타치즈 샐러드,2023년 5월 17일,1
7,바인,글쎄뭐라할까,전체적으로 화이트 톤으로 깨끗하고 위생상태가 좋아 보임. 직원분들이 밝고 친절해요. 다트가 있어요. 2~4명이서 놀러가면 좋아요. 시간가는 줄 모릅니다 ㅎㅎ,저녁식사 술모임 혼술 혼밥 데이트 숨은맛집 조용한 깔끔한 예쁜,버섯 샐러드 트리플 감자크림 뇨끼 조개 파스타 올드패션드 칵테일 김렛,2023년 7월 5일,1
8,바인,포동포도,지하라 어두울꺼라고 생각했는데 전체적으로 베이지톤에 차분하고 밝은 분위기라 놀랐음. 음식도 맛있고 칵테일도 바텐더분이 전문적으로 추천해주셔서 내 입맛에 딱 맞는 칵테일만 마실 수 있었음. 소믈리에분도 계셔서 다음 방문때는 메뉴에 와인페어링을 즐겨보려고 함. 아주 만족스러운 식사였음.,저녁식사 식사모임 술모임 혼밥 혼술 회식 데이트 기념일 가족외식 숨은맛집 캐주얼한 고급스러운 격식있는 가성비좋은 조용한 깔끔한 콜키지,소고기깻잎타르타르 한방 오리스테이크,2023년 5월 18일,1
9,바인,gggeun,건대에 이런곳이 있다는게 신기하고 덕분에 건대 아닌 고급진 곳에서 맛있는 음식과 칵테일을 즐겼다. 건대에 이런곳이 많이 생기길,저녁식사 혼술 데이트 기념일 고급스러운 격식있는 깔끔한 조용한 숨은맛집,"봄나물과 들께 베샤멜, 들기름 두부구이 수제자몽 리코타치즈와 봄나물샐러드",2023년 4월 13일,1
0,사거리식당,혜또먹,곱도리탕에 주먹밥까지 시켜서 그런 건지 모르겠지만 정말 배불렀어요 국물도 맛있고 괜찮았습니당,저녁식사 식사모임 술모임 가족외식 시끌벅적한 무료주차,세트 1 곱도리탕 + 주먹밥or볶음밥,2023년 12월 9일,1
1,사거리식당,wintrover,"건대에서 맛집, 술집을 찾다가 발견한 곳이었는데 정말 좋았습니다. 다양한 음식 종류와 맛이 있는 맛집들이 많아서 선택이 어려웠지만, 최고의 맛을 경험할 수 있었습니다. 특히 술은 분위기도 좋고, 다양한 음료와 안주들이 있어 더욱 즐거웠습니다. 잘 먹었습니다.",아이동반 실버푸드 저녁식사 식사모임 술모임 접대 회식 데이트 가족외식 간식 숨은맛집 서민적인 캐주얼한 고급스러운 격식있는 가성비좋은 푸짐한 시끌벅적한 예쁜 깔끔한 이국적/이색적 경관/야경이좋은 지역주민이찾는 주차불가,곱도리탕 마약닭도리탕 매운갈비찜 닭두루치기(간장맛/고추장맛) 매운치즈갈비찜 스팸두부김치 간장찜닭 반반파불 새우품은닭발 차돌박이쫄면,2023년 4월 23일,1
2,사거리식당,신뭄무,진짜 기대하고 간만큼 너무 맛있었어요! 아무래도 술집이다 보니 웨이팅이 길었던건 힘들었지만 또 한번 가고싶은 곳,저녁식사 데이트 푸짐한 시끌벅적한,곱도리탕,2019년 7월 26일,1
3,사거리식당,우니니남친,닭도리탕은 진짜 레알 어느 곳보다 맛있습니다. 서비스 감튀 감사합니다.,저녁식사 술모임 숨은맛집 무료주차,마약닭도리탕,2021년 10월 13일,1
4,사거리식당,피카츄,식사와 술 같이 할 수 있는 술집! 술이 술술 넘어갑니다 ~^~,술모임 캐주얼한 시끌벅적한,돈까스,2019년 10월 26일,1
5,사거리식당,룰루랄라,곱도리탕에 대창추가하여 먹었는데 맛있었습니다.,술모임 푸짐한,곱도리탕,2020년 8월 14일,1
0,코젤다크하우스 건대점,토토군누,적당히 아늑하고 코젤다크를 팔아서 좋습니다 다만 코젤다크가 조금 밍밍했음. 그러나 안주 맛있고 괜춘,술모임 시끌벅적한,코젤다크시나몬,2021년 5월 3일,1
0,윤이불닭발,오늘도맛잇는식사,애견동반이 되는 닭발집이에요 지하라서 생각보다 사람도 없고 인테리어도 독특해요,배달 저녁식사 식사모임 데이트 술모임 서민적인 숨은맛집 시끌벅적한 캐주얼한 주차불가,숯불튤립닭발세트,1월 14일,1
1,윤이불닭발,희용쓰,튤립닭발 짱맛 친절하시고 분위기도 좋아요 매운거땅기시면 추천,배달 저녁식사 술모임 데이트 숨은맛집 캐주얼한 경관/야경이좋은 지역주민이찾는,튤립국물닭발세트,2023년 12월 1일,1
0,C156,ㄹㄹ,오늘의 파스타인 베이컨 크림 파스타는 맛있게 먹었는데 나머지음식은 가격대에 맞게 맛있게 먹었다라는 느낌은 못받았던것같습니다 가격대가 있어서 기념일이나 생일날 가면 좋을것같고 생일예약하면 제공해주시는 시그니처 샷 칵테일은 달달하니 정말 맛있었습니다 평소에 방문하기엔 부담스러울것같고 기념일로 보에는 커플들이 많았어요 치킨은 사진 찍은후 잘라주시는데 대체 뭘 잘라주신는지 모를만큼 먹기에 불편하게 배만 가르는게 끝이라 좀 더 잘게 손질해주시면 좋을까 싶지않아요 기념일때 다시 방문할 의사는 있습니다 !!,저녁식사 데이트 기념일 고급스러운 격식있는 예쁜,샐러드 립 파스타 치킨 시그니처 세트,2023년 1월 13일,1
1,C156,sally,정말 분위기는 좋습니다. 호텔 지하에 위치한 곳입니다. 인테리어는 딱 인스타 피드 채우기용! 다만 맛은 그저..그랬던 것 같습니다. 큰 기대안 하고 가시면 나름 갈 만한 곳.,저녁식사 식사모임 술모임 접대 데이트 기념일 조용한 예쁜 인스타,드럭치킨 매운해산물파스타 콥샐러드 버섯크림리조또,2020년 4월 29일,1
2,C156,룰룰,인테리어가 딱 인스타감성 느낌으로 예뻐요. 사진이 잘 나와요. 음식도 전체적으로 맛있었고 특히 콥샐러드가 젤 만족스러웠어요. 다만 가격이 맛에 비해 비싼 느낌이에요.,점심식사 저녁식사 식사모임 데이트 기념일 고급스러운 예쁜 깔끔한 대형룸,콥샐러드 파스타 치킨,2020년 11월 30일,1
3,C156,지니,분위기는 무척 좋습니다. 다만 칵테일이 개인적으로 불호였어요 원래 마시던 건데 제가 아는 그 맛이 아니였어여,술모임 혼술 예쁜 경관/야경이 좋은 무료주차,마멀레이드,2019년 1월 22일,1
4,C156,맛쟁이,분위기 짱! 음식도 맛잇고 양도 많아요 !! 넓고 분위기 좋은 레스토랑 겸 바,점심식사 저녁식사 식사모임 술모임 데이트 기념일 가족외식 고급스러운 예쁜 무료주차 배달,콥샐러드 미트볼파스타 라자냐,2019년 12월 11일,1
5,C156,빵자,분위기 좋은 레스토랑 . 생일룸도 따로 있어서 프라이빗하게 즐길 수 있음,저녁식사 식사모임 데이트 기념일 가족외식 고급스러운 격식있는 예쁜,드럭치킨 핫메가프라이 얼그레이하이볼,2022년 8월 20일,1
0,카페 26,Fraise,"카페 안이 일단 우주처럼 몽환적이고 예쁩니다. 인스타 감성이에요. 크로플이 바삭하고 달콤하니 맛있고, 음료 또한 마음에 듭니다.",배달 차모임 혼카페 데이트 기념일 간식 숨은맛집 고급스러운 예쁜 깔끔한 이국적/이색적 경관/야경이좋은,아이스크림 크로플 아이스티 비엔나밀크티라떼,2021년 9월 1일,1
1,카페 26,미식가 생쥐,사장님이 넘 친절하시고 칵테일도 넘 맛있었어요 가성비 넘 좋고 인테리어랑 분위기도 완전 좋았어요,술모임 혼술 숨은맛집 가성비좋은 조용한 예쁜 깔끔한,애플마티니,2023년 3월 12일,1
0,바른치킨 건대역 로봇점,Aiden,"건대입구역 1번 출구에서 나와서 걷다가 넘어지면 보이는 치킨 가게입니다.  치킨이랑 새우가 같이 나오는 메뉴가 있길래 신기해서 방문했습니다. 새우는 꼬리까지 붙어있는 상태로 튀겨서 나오는데, 꼬리 부분이 생각보다 까칠했던 것 말고는 맛있었습니다.  직원분께서 대세핫블랙이 제일 맵다고 해서 대세핫블랙을 제외한 대세골드, 레드, 블랙으로 주문했습니다.  대세 골드는 달콤하면서도 커리 맛이 살짝 녹아있어서 맛있었습니다. 대세 블랙은 간장 베이스의 양념 치킨이었는데, 무난하게 맛있었습니다. 대세 레드는 진라면 매운맛보다 아주 조금 더 매콤한 정도였고, 가장 맛있게 먹었습니다.  콘치즈볼은 치즈볼 안에 콘이 들어있었고, 겉에는 어떤 가루가 뿌려져있었는데, 진짜 맛있었습니다. 3명이서 갔는데 5개가 나와서 서로 2개 먹으려고 가위바위보까지 할 정도의 맛이었습니다. 콘치즈볼은 꼭 드셔보시는 것을 추천드려요.  그리고 주문한 치킨이 몇 번째로 튀긴 치킨인지가 적혀있어서 신기했습니다.",배달 점심식사 저녁식사 식사모임 캐주얼한 시끌벅적한 깔끔한,대새트리플 콘치즈볼 제로콜라,2023년 2월 2일,1
1,바른치킨 건대역 로봇점,똥꼬양이,1통에 58번만 튀기는 치킨이라네요. 그래서 치킨 나올때 몇번째 튀긴 치킨인지 번호표가 나와서 재밌었어요. 살이 좀 더 많은 닭이었으면 하는 아쉬움이 있지만 맛은 괜찮았습니다. 직원은 조금 불친절 했습니다. (다 그런건 아닌거 같아요) 뭐 하나 시킬때마다 불편했어요..,저녁식사 술모임 데이트 서민적인 캐주얼한 시끌벅적한,반반치킨,2020년 6월 29일,1
2,바른치킨 건대역 로봇점,BigLove,같은기름으로 몇번째 튀긴건지 적혀 있어서 안심하고 먹을수 있어요. 치킨이 맛있고 바삭바삭해요. 가격도 좋은편이에요. 요즘 치킨 시켜먹으면 배달비며 뭐며 2만원 걍 되는데 이정도 가격이면 적당한것 같아요. 둘이서 먹었는데 한마리 배부르게 적당히 좋네요.,저녁식사 식사모임 회식 데이트 서민적인 캐주얼한 가성비좋은 깔끔한,현미바사삭,2019년 8월 3일,1
3,바른치킨 건대역 로봇점,Patterson,"치느님은 진리인 것 같습니다. 바로 튀겨 나오니 진짜 맛은 있네요. 기름도 깨끗한 게 느껴지고, 아르바이트 하시는 친구들은 살짝 피곤해 하니까 신경 쓰지 마시고, 맛만 음미하세요. 꺼억.",저녁식사 술모임 간식 서민적인 캐주얼한 가성비좋은 깔끔한,반반치킨 맥주 콜라,2020년 7월 2일,1
4,바른치킨 건대역 로봇점,이삼,치킨이 바삭하고 맛있어요! 비빔면에 감자칩까지 있어서 배부르게 먹을 수 있었어요,배달 점심식사 식사모임 푸짐한 시끌벅적한,대세골드,2023년 1월 25일,1
5,바른치킨 건대역 로봇점,안사너,치킨이 바삭바삭한 맛이 제대로 느껴져요. 맛있어요~ 같이 주는 스낵도 맥주랑 잘어울릴 것 같아요,점심식사 저녁식사 캐주얼한 깔끔한,현미바사삭,2019년 7월 29일,1
0,교촌치킨 건대점,밥쟁이,"허니콤보로 주문, 튀김옷이 조금 두꺼워 큰 느낌이었는데, 양념이랑 간이 잘 어울러져서 맛있었습니다! 웨지감자랑 세트로 주문하였는데, 캐찹 아닌 칠리소스가 같이 왔어요. 기호 맞춰서 주문사항에 접수하시길 바래욤😋",배달 점심식사 저녁식사 간식,허니콤보,2022년 11월 12일,1
1,교촌치킨 건대점,맛있선,친구네 놀러갔다가 애들이 시켜달래서 시켜준 맵지않은 만만한 허니콤보^^이쯤되면 교촌에서 어떤치킨이 파는지도 모르게된판.맨날 허니콤보만 시키고있다.솔직히 너무.맛있잖앙~,배달 지역주민이찾는,허니콤보,2022년 6월 2일,1
2,교촌치킨 건대점,햇반,뚝섬유원지역에서 한강보며 치킨을 먹고 싶어서 주문했어요. 치킨은 역시 허니콤보가 진짜 베스트오브베스트인 것 같아요. 너무 맛있었고 배달도 빨랐어요,배달 점심식사 저녁식사 식사모임 술모임 회식 간식 서민적인 캐주얼한 지역주민이찾는,허니콤보,2020년 6월 22일,1
3,교촌치킨 건대점,Jinny,기본맛이에요. 화장실은 음식점을 나가셔서 건물 화장실을 이용하시면 되는데 남녀공용시설입니다.,저녁식사 술모임 데이트 지역주민이 찾는,허니순살,2019년 3월 30일,1
4,교촌치킨 건대점,우웅,교촌치킨이야뭐 .. 말안해도 워낙 ㅎㅎ 반반보단 허니콤보가 최고,배달 저녁식사 서민적인,반반치킨,2021년 11월 9일,1
0,호맥 건대점,맘쓰,호떡 진짜 쫄깃하고 맛잇어요 맥주안주로 좋네요 분위기도 좋아여 사람마나영,술모임 캐주얼한,베이컨 치즈 호떡,9시간 전,1
1,호맥 건대점,happy,가성비도 좋고 맛도 나름 괜찮지만 바닥이 정말 찐덕해서 청소를 안하는 느낌임 ㅜㅜ,술모임 가성비좋은,베이컨 치즈 호떡 카스,3월 2일,1
0,대구 안지랑곱창막창 건대점,양준용,대구에서 먹었던 곱창 막창 맛집  건대 곱창 막창 여기가 최고에요~  생막창 곱창 한바가지 염통 진짜 너무너무 맛있어요  사장님께서 병뚜껑 아트도 해주세요~~  커플들은 소주시키고 병뚜껑 잘 따 놓으면 사장님이 커플 이름 만들어주시네요 아니면 동물들~~ 고양이 진짜 이쁨^^,저녁식사 술모임 회식 데이트 기념일 가족외식 병뚜껑아트 커플 숨은맛집 가성비좋은 시끌벅적한 지역주민이 찾는 배달 야외좌석(테라스),곱창 막창 염통 치즈곱창 생막창 양념막창,2019년 10월 6일,1
1,대구 안지랑곱창막창 건대점,구파,맛있었음 양도 많은편이고 냄새 안나서 좋았음 7시 이전에 가면 라면이랑 계란찜도 줌,저녁식사 술모임 가족외식 캐주얼한,생막창 곱창한바가지,2022년 9월 20일,1
2,대구 안지랑곱창막창 건대점,오잉,저녁19시전에오면 라면주는 서비스 진짜 좋아요 기본적으로 양 많은편,식사모임 술모임 데이트 서민적인 가성비좋은,생막창,2022년 1월 1일,1
3,대구 안지랑곱창막창 건대점,이름이별명,양많고저렴한집이예요 일곱시전니 오면 라면도 끓여주더라고요.좋아오,식사모임 술모임 캐주얼한 가성비좋은,막창,2021년 11월 23일,1
0,스미레,뀨밍,개별룸으로 되어있어서 친구들과 수다떨면서 술먹기 좋았어요! 늦게까지 운영하는 점 메뉴가 다양한점이 좋더라구요! 맛도 괜찮음,술모임 회식 조용한 개별룸,모츠나베 파인애플샤베트 삼겹숙주볶음,2023년 9월 11일,1
0,다원식당,유으에,건대는 정말 파스타쪽이 먹을 곳이 없다고 생각했는데 새로운 곳을 찾았습니다! 제 최애 파스타 집은 볼피노인데 그곳과 비등비등하네요... 물론 서로 다른느낌이긴합니다만 제가 볼피노에 친구들을 데려갔을때는 호불호가 갈렸는데 여길 데려갔을때 너무 만족해하더라구요! 저도 너무 맛있어서 또 방문예정입니다! 데이트 장소로도 적합하고 친구들과 분위기있게 한끼 먹기에도 좋아요. 다만 아쉬웠던 점은 가격입니다. 물론 맛있어서 아깝진 않았으나 건대 주변에서 먹는걸로 생각하면 비싸긴 합니다. 직원분들도 너무 친절하시고 말을 하지않아도 척척 해주시네요ㅠㅠ 제가 갈때는 오픈시간이어서 사람이 많지 않았습니다. 주차공간이 없던 점은 아쉽네요,저녁식사 식사모임 술모임 데이트 기념일 친구랑 숨은맛집 조용한 예쁜 야외좌석(테라스),전복리조또 홍새우링귀니파스타,2019년 8월 12일,1
1,다원식당,butterj,크리스마스 기념으로 예약하고 갔어요 음식들이 대체로 맛 괜찮아요,저녁식사 식사모임 격식있는 주차불가,홍새우파스타 로제와인,2021년 1월 20일,1
0,권셰프입니다,김수윤,양도 많고 괜찮아요 ㅎㅎ 피자 치즈 엄청 들어가있어요 !,데이트 서민적인,뚝배기피자 까르보나라,2023년 4월 4일,1
0,우마이도 건대점,봉구아줌마,아래층 식당왔다가 줄이 없길래 우연히 방문.단일메뉴만 판다.이런집이 진짜 찐맛집이지.돈코츠라멘 메운맛을 시켰다.음...맛있다.오사카 이츠라라멘에서는 돼지 누린내가 확 났었는데 거기보다 나은듯.면발도 가늘아서 괜찮다.,저녁식사 숨은맛집 조용한 주차불가,돈코츠 라멘 매운맛 생맥주 교자,어제 오후 7시 44분,1
1,우마이도 건대점,앙냥냥,국물이 맛있어요 근데 먹다보면 살짝 물리는 맛이라 맥주 필수,점심식사 저녁식사 식사모임 혼밥 숨은맛집 서민적인 가성비좋은 조용한 지역주민이찾는,돈코츠 라멘 오리지날 돈코츠 라멘 시로마루,2023년 11월 24일,1
2,우마이도 건대점,mogu,"일본라멘이 먹고싶어 방문했어요. 건대 우마이도 워낙 유명해서 꼭 가보고 싶었던 곳입니다. 키오스크로 주문하고, 좌석은 생각보다 많지 않아서 식사시간 맞춰가면 약간 웨이팅할 수 있을 것 같아요.",저녁식사 깔끔한,라멘,2022년 12월 28일,1
3,우마이도 건대점,욤뇸뇸,"건대역에서 조금 떨어져있는 하카타 라멘집 (찾아보니 부산, 울산에 지점이 있다) 키오스크 주문이다  맛있는데 요즘은 라멘집이 정말 많아서 이 정도의 맛은 평범하게 느껴진다 계란 반쪽이 아닌 한 개가 통으로 올라가있어서 좋았다 만두, 계란, 차슈는 따로 추가했는데 만두는 고향만두 맛이 났고(응?) 차슈는 따로 돈내고 추가했는데 얇은 듯 하다  사리 추가는 무료는 아니다(천원) 양이 많지는 않게 느껴져서 라멘만 먹으면 부족할 수도 있을거같다  주방에서 일하시는 분들이 마스크를 썼다 벗었다 하시던데 요즘같은 시기에는 쭉 쓰고 계시는게 좋을 것 같고 아쉬운 부분이 개선된다면 좋을 것 같다",점심식사 저녁식사 식사모임 회식 데이트 캐주얼한 지역주민이찾는,오리지날,2021년 11월 28일,1
4,우마이도 건대점,Jisoo Kim,"일요일 점심으로 일본식 라멘을 먹기위해 찾아간 곳... 첨 간곳이라 어리버리한데, 네비까지 위치한 골목보다 하나 위쪽을 알려줘서 차 세워두고 15분은 주변을 찾아 헤맸네요... 건대 큰길 쪽 정말 조그만 골목에 작은 간판은 잘 보이지도 않을만큼 음식점들과 상가을이 따닥따닥 붙어있는 곳 구석에 위치한 곳이라 찾기가 넘 힘들었음... 건대 근처에서 걸어 다니다 보면 몰라도... 차 가지고 가서 초행길이라면 찾기 함든곳입니다..  그렇게 고생하니 정말 맛없었으면 화가 머리 끝까지 날 뻔한 곳이었지만...  헐!!! 이런 곳이!!!  일본식 라멘을 그닥 즐기지 않는 저인데... 넘 맛있게 먹었습니다... 교자도 만두피가 너무 얇지도 뚜겁지도 않게..딱 적당하게 얇아서 쫄깃하게 빚어내 소량 들어있는 교자 속과 벨런스를 너무 잘 맞춰냈구요...  라멘은 혹시 몰라 매운맛을 시켰는데... 그냥 돈코츠를 먹어도 얼마든지 맛있고 느끼하지 않을 맛이었습니다... 느끼하지도 않고 그렇다고 칼칼하지만 절대 부드러운 국물맛이 일품이었습니다... 라멘의 면발 역시 호불호가 생길 수 없게끔 딱! 알맞게 익혀서 조리해 국물과 숙주와 면의 맛이 모두 혀끝에서 느낄 수 있도록 해줍니다...  정말 인정!!!!",점심식사 저녁식사 식사모임 혼밥 데이트 캐주얼한 가성비좋은 푸짐한 조용한 깔끔한 이국적/이색적 주차불가,돈코츠라멘(매운맛) 교자,2021년 1월 17일,1
5,우마이도 건대점,rimrim,"“깊은 국물맛이 일품인 라멘집” 라멘이 먹고 싶어 찾아간 집, 크지 않은 가게 임에도 라멘 국물에 기품이 들어있는 맛집이다. 차슈덮밥은 사실 좀 아쉬운 맛이다. 매운맛은 칼칼하고 오리지널은 고기육수로 진한 풍미가 식욕을 자극한다. 숙주가 조금 덜 있는게 아쉬웠지만, 요청시에 따로 더 주시는 듯 싶었다. 재방문 의사 당연히 있다!",점심식사 저녁식사 혼밥 데이트 숨은맛집 서민적인 캐주얼한 깔끔한,돈코츠라멘 오리지날 돈코츠라멘 매운맛 미니차슈덮밥,2020년 5월 17일,1
6,우마이도 건대점,티라미수,일본 라멘 전문점입니다.  자리는 모두 입식입니다.  라멘 맛있었어요. 원래 라멘이 짠 걸 보정해 간이 적당했습니다. 전체적으로 균형 잡힌 라멘이었습니다.  저는 양이 적당했으나 적은 사람도 있을 것 같네요.  가게가 크지 않아 웨이팅이 있을 수 있을 것 같습니다. 저는 웨이팅 없이 바로 먹었습니다.  주문방법은 들어와서 키오스크에서 주문 합니다. 주문하면 주문표가 나오고 주문표를 직원에게 주는 식으로 주문을 합니다.,점심식사 저녁식사 혼밥 이국적/이색적,라멘,2020년 4월 24일,1
7,우마이도 건대점,Jeff,돈코츠라멘 오리지날. 일본 음식 같습니다. bgm마저 일본 대중음악. 좋다면 좋은. 하지만 특별한 맛으론 느끼질 못했어요. 돼지육수 진하고. 면발은 가늘어요. 양이 적은 편이어서 동석하신 분은 공기밥 추가했어요. 양 많으신 분은 미니차슈덮밥 같이 드셔야 할 듯. 식사전에 큰 주전자에 시원한 엽차를 주는데 이게 맘에 들더군요. 자꾸 따라 먹게됨.  교자는 메뉴에서 빠졌다고 하니 참고하세요.,점심식사 캐주얼한 깔끔한,돈코츠라멘,2019년 9월 30일,1
8,우마이도 건대점,조이,일본식 인테리어로 일본에 온 듯한 분위기를 풍기는 라멘 전문점. 메뉴가 돈코츠라멘 오리지널과 매운맛 두가지만 판매하고 있어 얼마나 주력으로 하는지 느껴졌어요. 테이블 몇개 안되는 작은 식당이고 혼자 밥먹을 수 있도록 1인용 자리도 4자리정도 있었던 것 같아요.  돈코츠라멘 오리지날은 육수가 진하고 그러면서도 깔끔합니다. 느끼하지 않았고 한끼 식사로 적당한 양이었습니다. 매운맛은 얼큰하게 매우면서도 작위적으로 매운 맛을 낸 느낌이 안 느껴져서 좋았어요. 주 메뉴는 좋았는데 같이 먹은 교자는 많이 아쉽네요. 그냥 냉동만두 5개 꺼내서 군만두처럼 구워주는 것 같습니다. 직접 교자를 빚어서 내놓았거나 아예 가격을 확 내렸으면 괜찮았을텐데 교자에서 좀 실망스러웠어요.,점심식사 저녁식사 혼밥 데이트 친구들끼리 여자끼리 남자끼리 캐주얼한 이국적/이색적 일본감성,돈코츠라멘 오리지날 돈코츠가멘 매운맛 교자,2019년 1월 29일,1
9,우마이도 건대점,BigLove,건대에 위치한 라멘 맛집입니다. 맛있다는 라멘집 가봤지만 여기만큼 괜찮은데 못봤어요..가격도 합리적이고 양도 많고 차슈도 3개나 넣어줘서 좋습니다.  미니차슈덮밥은 4천원인데 라멘과 같이 밥도 먹을수 있어서 좋아요 그렇다고 양 엄청 적은거도 아니라 좋아요.,점심식사 저녁식사 데이트 캐주얼한 가성비좋은 조용한 깔끔한 지역주민이 찾는,돈코츠라멘오리지널 미니차슈덮밥,2020년 1월 23일,1
10,우마이도 건대점,urbanflow,제가 여태까지 한국에서 먹어본 라멘중에 제일 맛있었습니다. 진한 육수와 얇은면이 일품이였으며 챠슈 덮밥은 정말 감탄을 하고 왔네요. 정말 정말 맛있습니다. 다만 안경쓰신 직원분이 계속 시비조로 말씀하고 응대하시는게 불편하긴 했습니다,저녁식사 숨은맛집 가성비좋은,돈코츠라멘 돈코츠라멘 매운맛 미니차슈 덮밥,2019년 10월 8일,1
11,우마이도 건대점,JungHo Lim,국물이 꽤 진한 편이어서 만족스러웠습니다. 마늘을 직접 으깨서 국물 맛을 조절할 수 있는 방식이 신기했습니다. 면도 딱딱한 정도를 조절할 수 있어 좋았습니다.,점심식사 저녁식사 혼밥 데이트 예쁜 이국적/이색적,돈코츠라멘오리지날,2018년 2월 6일,1
12,우마이도 건대점,다케터,"오리지널 - 고소한 쿠로마유가 더해지니 더욱 풍미가 있는 돈코츠 베이스, 얇은 스트레이트면, 넉넉한 차슈와 반숙계란까지 기교보다는 기본기에 개성을 살린 라멘. 일본음식 특유의 느끼함을 잡고 싶다면 비치되어 있는 마늘을 찧어 넣으면 된다. 싱겁게 먹는 사람들은 그냥 라멘을 피하는게 나을지도.  매운 맛 - 지인의 평에 따르면 토핑에 디테일이 엿보인다고 함  교자 - 직접 빚는게 맞는가 싶을 정도로 평이한 맛 사이드메뉴의 롤에 충실할 뿐이다.",,,2016년 11월 9일,1
13,우마이도 건대점,대뽕,"건대 라멘 맛집~ 특이하게 취향에 따라 셀프 으깬마늘, 으깬참깨를 넣어서 먹을 수 있습니다 육수도 진하고 맛있습니다",점심식사 저녁식사 혼밥 데이트 푸짐한 조용한 깔끔한,돈코츠라멘 돈코츠라멘매운맛,2020년 6월 30일,1
14,우마이도 건대점,한수민,"짠걸 좋아하는 편이어서 짠지는 모르겠는데 주변에서는 조금 짜다는 시선이 있어요 하지만 진짜 존맛..꼭먹어주세요 마늘 2~3개 넣어서 섞어머금 미침..  홍대, 이태원 등 여러 군데 가봐도 전 우마이도가 최고인듯..  대기있고 9시마감",저녁식사 혼밥 아담한 현장대기필요 콜키지가능,,2017년 9월 13일,1
15,우마이도 건대점,asokiu,주말 2시인데도 줄서서 먹었네요 기다린 만큼 맛있고 좋았어요 양이 적으이 남자의 경우 꼭 사리 추가 하시길,점심식사 식사모임 숨은맛집 주차불가,돈코츠라멘 교자,2022년 5월 14일,1
16,우마이도 건대점,tngusdpdl,맛있어요 짭짤하고 매콤해요ㅠㅠ 세 번을 방문했는데 이상하게 두 번째에 갔을 때 맛이 좀.. 심하게 짰네요ㅠ,점심식사 혼밥 데이트 캐주얼한 가성비좋은 시끌벅적한,매운라멘,2018년 9월 21일,1
17,우마이도 건대점,정하남,가볍게 라멘 먹으러 가기 좋은 곳 국물 맛이 깔끔함 라멘 좋아하시는 분이라면 한 번쯤 들려보기 좋음,아침식사 점심식사 저녁식사 식사모임 혼차 혼밥 데이트 기념일 가족외식 간식 캐주얼한 깔끔한 이국적/이색적,라멘 매운라멘,2019년 1월 8일,1
18,우마이도 건대점,고도슴치,라멘 국물 진하고 맛있습니다. 교자는 평범했지만 먹을 만하구요. 직원분들이 인사 잘 해주십니다.,점심식사 저녁식사 혼밥 서민적인 캐주얼한,돈코츠 라멘 오리지날 교자,2019년 2월 21일,1
19,우마이도 건대점,jake,학생때 줄창다니다가 졸업후 오랜만에 방문했는데 여전한 맛이네요. 해장에도 최고입니다!,식사모임 서민적인 돈코츠라멘,돈코츠라면,2018년 3월 20일,1
20,우마이도 건대점,티나야,맛좋은 라멘을 즐길 수 있어요. 혼자와서 먹어도 어색하지 않은 곳이에요,점심식사 서민적인,돈코츠라멘오리지널 교자,2022년 6월 16일,1
21,우마이도 건대점,mymyjoo,일보 라멘 1세대이다. 언제가든 변함없이 맛있다. 일본을 느낄수있다,점심식사 저녁식사 식사모임 술모임 혼밥 가족외식 서민적인 캐주얼한 가성비좋은 푸짐한 시끌벅적한 깔끔한 경관/야경이좋은,돈코츠라멘,2022년 4월 13일,1
22,우마이도 건대점,매운거못먹는사람,라멘 국물이 너무 좋아요... 개인적으로 진한 거 좋아해서 극호용~,점심식사 캐주얼한 조용한,돈코츠 라멘 오리지날 돈코츠 라멘 매운맛,2018년 7월 19일,1
23,우마이도 건대점,오리보리,라멘너무 맛있어요 .제면실따로 있고 면이 쫄깃해서 계속먹고싶어요,점심식사 저녁식사 데이트 가족외식 숨은맛집 서민적인 가성비좋은 깔끔한 지역주민이찾는 개별룸,돈코츠라멘 오리지날,2021년 5월 23일,1
24,우마이도 건대점,얌굿,건대에 라멘집 총 4곳을 들렀는데 여기가 제일 맛있어요. 라멘 중에선 개인적으로 시로마루라멘이 제일 맛있었네요.,점심식사 저녁식사 서민적인,돈코츠 라멘 오리지날 돈코츠 라멘 매운맛 돈코츠 라멘 시로마루,2023년 7월 1일,1
25,우마이도 건대점,nationalhero,네비게이션 두가지로 찾아갔으나 가게를 찾을수 없음.  추운날씨에도 불과하고 근처를 뒤졌으나 찾지못해  가게로 전화했으나 길을 잘못 알려줌  또다른분과 통화 했으나 본인은 길알려 주는 사람이 아니라고함  4식구를 이끌고 본인들 가게에 찾아 가는데  모른다고 짜증내심  그냥 다시차에타고 다른데로감  네비가 안나오니 사람들 찾아오는데 힘들다고 변경하는게 어떻겠냐고 좋은 취지에 얘기했지만 큰길가라 그렇다고 무시하심  결론 차로 오시는 분은 주차장도 없고 차댈데도 없어요  자신 있으신분은 네비 찍고 가보세요  정말 얼마나 맛있는진 몰라도 손님대하는 태도는 0점 입니다,저녁식사,라멘,2018년 12월 28일,1
26,우마이도 건대점,조용비,차슈가 푸짐하게 들어있어서 참 좋았어요. 일본에서 먹어본 돈코츠라멘의 진함을 다시 한 번 느낄 수 있어서 좋았는데 계란이 노른자까지 짜서 좀 놀랐어요 색깔을 보고 어느 정도 예상은 했는데 보통은 노른자까지 짠 적은 없어서 의외였어요. 일본 요리 자체에 짭짤함은 어쩔 수 없는듯~,,,2016년 11월 6일,1
27,우마이도 건대점,www,마감시간 다 되어서 도착 가게는 작은데 꽉 차있었음 건대 주변 가면 먹을만 한듯,점심식사 저녁식사 혼밥 숨은맛집 이국적/이색적,돈코츠라멘,2022년 10월 11일,1
28,우마이도 건대점,스루리,진한 국물과 마늘을 직접 으깨넣는 시스템이 인상적이었다. 맛은 일본의 이치란을 제외하면 지금까지 먹은 라멘 중 최고의 맛. 교자도 맛이 좋았다. 그릇의 글씨가 잘 보이도록 돌려주는 섬세함 또한 좋았던 점.,점심식사 회식 서민적인 푸짐한 지역주민이 찾는,돈코츠라멘 매운돈코츠라멘 교자,2018년 6월 27일,1
29,우마이도 건대점,여행중,분당 우마이도와 맛은 거의 비슷하지만 직원분들이 젊고 대학가인 만큼 손님들도 젊은 편이라 좀 더 캐주얼한 느낌입니다. 손님도 더 많아서 대기를 해야 하는 경우가 많고요. 맛은 뭐 말할 것없이 좋습니다.,아침식사 점심식사 식사모임 혼밥 데이트 캐주얼한 푸짐한,오리지널,2018년 8월 15일,1
30,우마이도 건대점,SeungHyeon Lee,내 생에 최고의 라멘 지금까지 먹어 본 라멘은 라멘이 아니다 엄청 진한 육수에 마늘을 좀 첨가하면 깊은 맛이 엄청나다 다만 채소류가 좀 부족하다는 게 단점이지만 완벽한 계란이 커버쳐 준다,,,2016년 9월 1일,1
31,우마이도 건대점,윤나래,"매운맛이랑 오리지널 먹었는데, 오리지널은 약간 짠맛이 강했습니다 .개인적으로는 매운맛이 훨신 더 맛있었고 가격이 조금 비싼편이라고 느껴졌습니다. 챠슈는 엄청 맛있어요!",점심식사 데이트 젊은사람이많은 현장대기필요,,2017년 8월 7일,1
32,우마이도 건대점,Changhoon Lee,"이 식당은 메뉴가 몇 개 없다. 매운 라멘 보통라멘 교자 맥주 끝. 식당 입장에서 이게 웬만큼 자신이 있지 않으면 못하는 일이다. 근데 먹어보면 안다. 이 식당이 얼마나 라멘에 자신감이 있는지를. 라멘 국물은 걸죽함의 정도가 생명이다. 너무 걸죽해지면 느끼하고 너무 안 걸죽하면 심심하다. 우마이도의 라멘국물은 딱 그 정도가 알맞다. 맛있는 국물에 말은 국수, 차슈, 계란을 먹다보면 어느새 바닥이 드러난다. 가격도 착하고 메뉴가 간단하니 주문하면 바로 나오는 것도 좋다. 줄을 좀 서야되지만 충분히 기다릴만하다",,,2016년 4월 19일,1
33,우마이도 건대점,미식파이터,"느끼한 라멘이 땡길때 가기 좋은곳 입니다. 맛집이라 부르긴 힘들고, 라멘의 맛있어야 하는 마지노선을 보여주는 장소 입니다.",점심식사 시끌벅적한 이국적/이색적,라멘,2018년 10월 2일,1
34,우마이도 건대점,레굴루스,평점이 높아 기대를 하고 갔는데 지극히 평범한 맛이었네요. 가볍게 한끼 떼우기 정도가 아니라면 대안이 많을 듯 합니다,점심식사 저녁식사 혼밥 서민적인 캐주얼한 가성비좋은,돈코츠라멘,2020년 8월 16일,1
35,우마이도 건대점,풍운아,"몇년전만해도 한국에서 최고의 돈코츠라면이라 생각했는데,,,오랜만에 와보니 그냥 프랜차이즈 라면집이 되버렸다T T",점심식사 서민적인,돈코츠 오리지널,2018년 1월 31일,1
36,우마이도 건대점,Chiwon Hwang,"맛으로만 따지면 서울의 여러라멘집과 호각을 이루겠지만, 종합적으로 가장 깔끔한 맛을 표현하는 라멘집.",점심식사 저녁식사 혼밥 깔끔한,돈코츠라멘,2019년 1월 13일,1
37,우마이도 건대점,리진,오랜동안 건대맛집으로 지켜온.. 이젠 맛잇는 라멘집이 많아져서 좀더 분발해야할듯,저녁식사 캐주얼한,돈코츠라멘,2020년 1월 23일,1
38,우마이도 건대점,돈코츠라멘마라탕,진한 국물을 먹고 싶다면 갑니다. 개인 취향으로 맵지 않은 라멘이 더 맛있어요.,점심식사 저녁식사 술모임 혼밥 데이트 시끌벅적한 이국적/이색적,라멘,2018년 10월 26일,1
39,우마이도 건대점,erica,국물이 진하고 맛있긴한데 먹다보면 왜인지 금방 질려서 한번도 다 먹은 적이 없음,점심식사 저녁식사 혼밥 캐주얼한,돈코츠라멘,2018년 7월 3일,1
40,우마이도 건대점,항카,맛있음 기회되면 다시 또 가고 싶은 집,점심식사 혼밥 캐주얼한 가성비좋은 조용한 깔끔한,돈코츠라멘,2019년 8월 25일,1
41,우마이도 건대점,ddd,,점심식사 캐주얼한 시끌벅적한,돈코츠라멘,2019년 4월 17일,1
42,우마이도 건대점,잭허니,,점심식사 혼밥,돈코츠라멘,2018년 9월 14일,1
43,우마이도 건대점,박병훈,,점심식사 저녁식사 시끌벅적한 아담한,,2017년 10월 28일,1
44,우마이도 건대점,일산냠냠이,,점심식사 저녁식사 혼밥 아담한 깔끔한 젊은사람이많은,,2017년 10월 4일,1
45,우마이도 건대점,kim,,점심식사 혼밥 데이트 아담한 캐주얼한 젊은사람이많은,,2017년 9월 1일,1
46,우마이도 건대점,Hunmo Kang,가히 국내 최고의 라멘집  도쿄가서 먹은 라면보다 훨씬 맛있음 ㅋ  직원들도 신나고!!!,,,2016년 4월 19일,1
47,우마이도 건대점,뇸뇸뇸,건대주민들에게 오랫동안 사랑받고 롱런하는집이다 건대에서 라멘이먹고싶다면 후회하지않을듯,점심식사 이국적/이색적,돈코츠라멘,2017년 5월 30일,1
48,우마이도 건대점,윤여신,맛있다를 넘어 웃음이 나온다. 차슈는 솜사탕처럼 사라진다. 차슈를 다시 먹고싶다.,,,2016년 10월 9일,1
49,우마이도 건대점,SeungJae Lee,역시 라멘은 멘야산다이메,,,2017년 1월 8일,1
50,우마이도 건대점,Inwoo Yeo,라멘 만두 모두 굿,,,2016년 8월 23일,1
51,우마이도 건대점,Park Hyunmin,서비스 별루,,,2016년 12월 4일,1
52,우마이도 건대점,Juyoung Cho,,,,2017년 2월 22일,1
53,우마이도 건대점,Ji-won Kim,,,,2017년 1월 10일,1
54,우마이도 건대점,Jinseob Shin,,,,2016년 12월 16일,1
55,우마이도 건대점,봉쏭,,,,2016년 11월 30일,1
56,우마이도 건대점,한유나,,,,2016년 8월 26일,1
0,중독족발,초초냥이,"- 전형적인 대학가 학생들 끌어모으기용 가게인 느낌. 고기는 퍼석하며 가격도 그냥그렇고, 불맛이라는 점으러 양념떡칠... 정작 기본 족발은 냄새에 정말 실망한 가게.  - 특히 불족은 훈연향 시즈닝을 썼는지 인공적인 훈제향이 나고, 캡사이신 소스로 버무렸는지 저렴한 매운맛.",술모임,불족+족발 반반,2019년 11월 28일,1
1,중독족발,이구아날,오랜만에 먹은 족발인데 생각보다 너무 맛있었음! 쫄깃하고 양념도 맛있었다 추천,점심식사 저녁식사 식사모임 술모임 회식 데이트 숨은맛집 캐주얼한 푸짐한 시끌벅적한 지역주민이찾는,왕족 대 사이즈,2023년 5월 25일,1
2,중독족발,erica,족발 진짜 좋아하는데 여기 족발 진짜 최고임 깐풍족발은 불맛 쩔고 일반 족발도 쫄깃쫄깃 담백하니 맛있고 족발 좋아하면 무조건 가야됨 두 번 가야됨 백번 가야됨 직원분들도 전부 엄청 친절하고 가격대비 양도 많고 그냥 최고됨,저녁식사 식사모임 술모임 회식 가족외식 건대 맛집 건대 족발 서민적인 가성비좋은 시끌벅적한 지역주민이 찾는,깐풍족발 일반족발,2018년 7월 3일,1
0,온달집 건대점,댕이뚱이,"꼼장어를 처음 먹어봤는데, 식감이 꼬독꼬독해서 신기했어요! 음식 밑에 불을 켜주시는데, 음식이 조금 차가웠어요 ㅜㅜ",저녁식사 데이트 가성비좋은 지역주민이찾는,꼼장어 닭다리살 간장마요밥,1월 17일,1
1,온달집 건대점,먹을래용,다 좋은데 앞쪽 창가에 앉으면 밖에서 담배냄새 너무 들어옴,저녁식사 서민적인,무뼈닭발,2023년 10월 1일,1
0,건대스시,성듀곤듀,맛도 괜찮고 합리적인 금액에 스시 면 튀김 모두 먹을 수 있어서 좋았어요!,점심식사 저녁식사 식사모임 데이트 서민적인 캐주얼한,건대초밥 연어덮밥,2023년 4월 24일,1
1,건대스시,clim,"가성비가 괜찮고 무난하여 점심식사나 가볍게 먹고 싶을때 가면 좋습니다.  맛의 거리 식당 중에 오래동안 유지되는 곳이 많이 없는데, 꽤 오래 자리를 잡고있는 집이라 그래도 믿을만 합니다.",점심식사 저녁식사 식사모임 혼밥 데이트 캐주얼한 가성비좋은,모듬 스시,2022년 7월 2일,1
2,건대스시,코어,초밥자체는 나쁘지 않았어요 회도 신선하고 괜찮은데 사람이 약간 바글바글한 편이에요,점심식사 저녁식사 가성비좋은,1인초밥,2023년 1월 8일,1
3,건대스시,wsm,회 12피스에 사이드 모밀이 만오천원정도라 합리적인 가격입니다! 근데 이모님이 별로 친절한편은 아니셔요~,점심식사 저녁식사 데이트 캐주얼한 가성비좋은,특모듬초밥 스페셜초밥,2021년 3월 31일,1
4,건대스시,삐약이,기대 안 하고 갔었는데 생각보다 맛있어서 놀랐어요! 양도 푸짐합니다!,배달 실버푸드 점심식사 저녁식사 식사모임 술모임 혼밥 혼술 회식 데이트 가족외식 캐주얼한 이국적/이색적,특모듬초밥,2021년 8월 1일,1
5,건대스시,영영,2층에 있어서 접근성이 좋진 않지만 정말 숨은 맛집입니다,점심식사 가족외식 가성비좋은 푸짐한 조용한 배달,2인 세트,2018년 12월 9일,1
6,건대스시,비상하자,특별하게 기억남는 맛은 아니예요. 코로나때문인지 손님이 하나도 없어서 조용했어요,점심식사 저녁식사 조용한 주차불가,모둠초밥,2020년 3월 12일,1
7,건대스시,식사에미친사람,"모둠스시가 정말정말 쌉니다,, 학생들에게 최고의 스시집이아닐가요,,, 연어팡인으로써 연어초밥 맛밖에 기억안나는데 맛있었읍니다,,,,",점심식사 혼밥 데이트 서민적인 가성비좋은,모둠스시,2018년 8월 28일,1
